STATIONS_ID;MESS_DATUM;QN_9;TT_TU;RF_TU;eor
       2667;2025031500;    3;   3.4;  70.0;eor
       2667;2025031501;    3;   3.4;  69.0;eor
       2667;2025031502;    3;   3.3;  69.0;eor
       2667;2025031503;    3;   2.9;  71.0;eor
       2667;2025031504;    3;   2.7;  72.0;eor
       2667;2025031505;    3;   2.1;  75.0;eor
       2667;2025031506;    3;   0.6;  82.0;eor
       2667;2025031507;    3;   0.8;  81.0;eor
       2667;2025031508;    3;   3.0;  76.0;eor
       2667;2025031509;    3;   4.6;  67.0;eor
       2667;2025031510;    3;   7.0;  51.0;eor
       2667;2025031511;    3;   7.9;  46.0;eor
       2667;2025031512;    3;   9.0;  41.0;eor
       2667;2025031513;    3;   8.7;  43.0;eor
       2667;2025031514;    3;   8.9;  45.0;eor
       2667;2025031515;    3;   8.7;  49.0;eor
       2667;2025031516;    3;   8.3;  51.0;eor
       2667;2025031517;    3;   7.1;  56.0;eor
       2667;2025031518;    3;   6.3;  61.0;eor
       2667;2025031519;    3;   5.8;  65.0;eor
       2667;2025031520;    3;   5.5;  67.0;eor
       2667;2025031521;    3;   4.9;  70.0;eor
       2667;2025031522;    3;   4.8;  69.0;eor
       2667;2025031523;    3;   4.4;  71.0;eor
       2667;2025031600;    3;   3.1;  76.0;eor
       2667;2025031601;    3;   2.1;  80.0;eor
       2667;2025031602;    3;  -0.1;  86.0;eor
       2667;2025031603;    3;   0.3;  88.0;eor
       2667;2025031604;    3;  -1.2;  92.0;eor
       2667;2025031605;    3;  -1.5;  93.0;eor
       2667;2025031606;    3;  -1.5;  96.0;eor
       2667;2025031607;    3;  -0.5;  91.0;eor
       2667;2025031608;    3;   2.4;  79.0;eor
       2667;2025031609;    3;   4.7;  68.0;eor
       2667;2025031610;    3;   8.2;  56.0;eor
       2667;2025031611;    3;   9.3;  45.0;eor
       2667;2025031612;    3;  10.2;  43.0;eor
       2667;2025031613;    3;  10.6;  41.0;eor
       2667;2025031614;    3;  10.5;  38.0;eor
       2667;2025031615;    3;  10.2;  42.0;eor
       2667;2025031616;    3;   9.6;  40.0;eor
       2667;2025031617;    3;   8.8;  43.0;eor
       2667;2025031618;    3;   7.2;  46.0;eor
       2667;2025031619;    3;   5.8;  49.0;eor
       2667;2025031620;    3;   5.0;  50.0;eor
       2667;2025031621;    3;   3.3;  57.0;eor
       2667;2025031622;    3;   1.3;  68.0;eor
       2667;2025031623;    3;   0.7;  72.0;eor
       2667;2025031700;    3;  -0.8;  80.0;eor
       2667;2025031701;    3;  -0.7;  83.0;eor
       2667;2025031702;    3;   0.8;  81.0;eor
       2667;2025031703;    3;   1.4;  83.0;eor
       2667;2025031704;    3;   1.2;  85.0;eor
       2667;2025031705;    3;   1.3;  85.0;eor
       2667;2025031706;    3;   1.1;  86.0;eor
       2667;2025031707;    3;   1.9;  85.0;eor
       2667;2025031708;    3;   4.1;  80.0;eor
       2667;2025031709;    3;   6.4;  69.0;eor
       2667;2025031710;    3;   8.0;  56.0;eor
       2667;2025031711;    3;   8.2;  48.0;eor
       2667;2025031712;    3;   9.0;  44.0;eor
       2667;2025031713;    3;   9.9;  39.0;eor
       2667;2025031714;    3;   9.7;  36.0;eor
       2667;2025031715;    3;  10.3;  33.0;eor
       2667;2025031716;    3;  10.1;  29.0;eor
       2667;2025031717;    3;   9.3;  28.0;eor
       2667;2025031718;    3;   7.3;  32.0;eor
       2667;2025031719;    3;   5.6;  36.0;eor
       2667;2025031720;    3;   4.7;  39.0;eor
       2667;2025031721;    3;   4.1;  41.0;eor
       2667;2025031722;    3;   2.8;  46.0;eor
       2667;2025031723;    3;   1.8;  49.0;eor
       2667;2025031800;    3;   1.7;  49.0;eor
       2667;2025031801;    3;   1.3;  50.0;eor
       2667;2025031802;    3;  -0.1;  54.0;eor
       2667;2025031803;    3;  -2.6;  64.0;eor
       2667;2025031804;    3;  -1.1;  56.0;eor
       2667;2025031805;    3;  -0.6;  53.0;eor
       2667;2025031806;    3;   0.1;  50.0;eor
       2667;2025031807;    3;   1.2;  46.0;eor
       2667;2025031808;    3;   3.5;  40.0;eor
       2667;2025031809;    3;   5.4;  35.0;eor
       2667;2025031810;    3;   7.2;  32.0;eor
       2667;2025031811;    3;   8.0;  26.0;eor
       2667;2025031812;    3;   9.0;  26.0;eor
       2667;2025031813;    3;  10.3;  26.0;eor
       2667;2025031814;    3;  11.0;  23.0;eor
       2667;2025031815;    3;  11.3;  23.0;eor
       2667;2025031816;    3;  11.3;  22.0;eor
       2667;2025031817;    3;  10.6;  23.0;eor
       2667;2025031818;    3;   9.3;  24.0;eor
       2667;2025031819;    3;   8.1;  27.0;eor
       2667;2025031820;    3;   6.7;  31.0;eor
       2667;2025031821;    3;   4.0;  38.0;eor
       2667;2025031822;    3;   2.2;  44.0;eor
       2667;2025031823;    3;   1.6;  45.0;eor
       2667;2025031900;    3;   3.2;  41.0;eor
       2667;2025031901;    3;   3.1;  41.0;eor
       2667;2025031902;    3;   3.9;  39.0;eor
       2667;2025031903;    3;   3.2;  40.0;eor
       2667;2025031904;    3;   2.6;  42.0;eor
       2667;2025031905;    3;   2.7;  41.0;eor
       2667;2025031906;    3;   2.2;  44.0;eor
       2667;2025031907;    3;   4.0;  40.0;eor
       2667;2025031908;    3;   6.2;  37.0;eor
       2667;2025031909;    3;   8.1;  34.0;eor
       2667;2025031910;    3;  10.2;  33.0;eor
       2667;2025031911;    3;  13.5;  32.0;eor
       2667;2025031912;    3;  14.9;  31.0;eor
       2667;2025031913;    3;  15.7;  35.0;eor
       2667;2025031914;    3;  16.9;  36.0;eor
       2667;2025031915;    3;  17.3;  35.0;eor
       2667;2025031916;    3;  17.2;  34.0;eor
       2667;2025031917;    3;  15.7;  39.0;eor
       2667;2025031918;    3;  14.5;  40.0;eor
       2667;2025031919;    3;  13.6;  41.0;eor
       2667;2025031920;    3;  12.5;  43.0;eor
       2667;2025031921;    3;  11.4;  45.0;eor
       2667;2025031922;    3;  10.1;  49.0;eor
       2667;2025031923;    3;   9.1;  53.0;eor
       2667;2025032000;    3;   8.5;  54.0;eor
       2667;2025032001;    3;   5.6;  64.0;eor
       2667;2025032002;    3;   6.7;  61.0;eor
       2667;2025032003;    3;   6.2;  61.0;eor
       2667;2025032004;    3;   6.1;  60.0;eor
       2667;2025032005;    3;   4.8;  66.0;eor
       2667;2025032006;    3;   6.1;  60.0;eor
       2667;2025032007;    3;   7.7;  54.0;eor
       2667;2025032008;    3;  10.2;  46.0;eor
       2667;2025032009;    3;  12.5;  44.0;eor
       2667;2025032010;    3;  14.7;  42.0;eor
       2667;2025032011;    3;  16.8;  39.0;eor
       2667;2025032012;    3;  17.8;  37.0;eor
       2667;2025032013;    3;  18.3;  37.0;eor
       2667;2025032014;    3;  18.8;  37.0;eor
       2667;2025032015;    3;  19.1;  37.0;eor
       2667;2025032016;    3;  19.1;  37.0;eor
       2667;2025032017;    3;  18.4;  39.0;eor
       2667;2025032018;    3;  15.7;  47.0;eor
       2667;2025032019;    3;  12.7;  58.0;eor
       2667;2025032020;    3;  11.1;  63.0;eor
       2667;2025032021;    3;  10.9;  64.0;eor
       2667;2025032022;    3;   7.1;  77.0;eor
       2667;2025032023;    3;   6.6;  81.0;eor
       2667;2025032100;    3;   6.7;  79.0;eor
       2667;2025032101;    3;   7.0;  78.0;eor
       2667;2025032102;    3;   9.4;  64.0;eor
       2667;2025032103;    3;   9.0;  63.0;eor
       2667;2025032104;    3;   8.4;  67.0;eor
       2667;2025032105;    3;   9.4;  64.0;eor
       2667;2025032106;    3;   8.7;  67.0;eor
       2667;2025032107;    3;   9.6;  65.0;eor
       2667;2025032108;    3;  12.1;  59.0;eor
       2667;2025032109;    3;  16.1;  50.0;eor
       2667;2025032110;    3;  18.4;  39.0;eor
       2667;2025032111;    3;  21.2;  32.0;eor
       2667;2025032112;    3;  21.9;  31.0;eor
       2667;2025032113;    3;  21.6;  32.0;eor
       2667;2025032114;    3;  22.0;  31.0;eor
       2667;2025032115;    3;  22.0;  27.0;eor
       2667;2025032116;    3;  21.7;  29.0;eor
       2667;2025032117;    3;  20.5;  31.0;eor
       2667;2025032118;    3;  19.5;  33.0;eor
       2667;2025032119;    3;  18.1;  38.0;eor
       2667;2025032120;    3;  17.5;  39.0;eor
       2667;2025032121;    3;  17.1;  40.0;eor
       2667;2025032122;    3;  17.0;  39.0;eor
       2667;2025032123;    3;  17.1;  39.0;eor
       2667;2025032200;    3;  16.3;  41.0;eor
       2667;2025032201;    3;  15.7;  42.0;eor
       2667;2025032202;    3;  14.3;  48.0;eor
       2667;2025032203;    3;  14.7;  46.0;eor
       2667;2025032204;    3;  13.7;  49.0;eor
       2667;2025032205;    3;  12.7;  53.0;eor
       2667;2025032206;    3;  11.9;  54.0;eor
       2667;2025032207;    3;  12.5;  53.0;eor
       2667;2025032208;    3;  13.5;  51.0;eor
       2667;2025032209;    3;  14.8;  44.0;eor
       2667;2025032210;    3;  15.9;  43.0;eor
       2667;2025032211;    3;  17.4;  44.0;eor
       2667;2025032212;    3;  16.7;  48.0;eor
       2667;2025032213;    3;  17.7;  45.0;eor
       2667;2025032214;    3;  19.0;  42.0;eor
       2667;2025032215;    3;  18.6;  43.0;eor
       2667;2025032216;    3;  17.8;  45.0;eor
       2667;2025032217;    3;  18.2;  44.0;eor
       2667;2025032218;    3;  14.5;  67.0;eor
       2667;2025032219;    3;  14.9;  57.0;eor
       2667;2025032220;    3;  11.2;  71.0;eor
       2667;2025032221;    3;  12.5;  70.0;eor
       2667;2025032222;    3;  12.0;  79.0;eor
       2667;2025032223;    3;  10.6;  90.0;eor
       2667;2025032300;    3;  10.4;  88.0;eor
       2667;2025032301;    3;  10.4;  95.0;eor
       2667;2025032302;    3;  10.0;  97.0;eor
       2667;2025032303;    3;  10.4;  94.0;eor
       2667;2025032304;    3;  10.3;  94.0;eor
       2667;2025032305;    3;  10.2;  94.0;eor
       2667;2025032306;    3;   9.7;  97.0;eor
       2667;2025032307;    3;  10.1;  93.0;eor
       2667;2025032308;    3;  10.0;  94.0;eor
       2667;2025032309;    3;  10.7;  92.0;eor
       2667;2025032310;    3;  12.1;  87.0;eor
       2667;2025032311;    3;  13.0;  82.0;eor
       2667;2025032312;    3;  14.0;  76.0;eor
       2667;2025032313;    3;  15.4;  65.0;eor
       2667;2025032314;    3;  15.1;  67.0;eor
       2667;2025032315;    3;  14.5;  77.0;eor
       2667;2025032316;    3;  15.5;  72.0;eor
       2667;2025032317;    3;  16.0;  51.0;eor
       2667;2025032318;    3;  14.1;  60.0;eor
       2667;2025032319;    3;  11.2;  75.0;eor
       2667;2025032320;    3;   8.6;  86.0;eor
       2667;2025032321;    3;   9.4;  91.0;eor
       2667;2025032322;    3;   9.8;  84.0;eor
       2667;2025032323;    3;   8.4;  90.0;eor
       2667;2025032400;    3;   7.3;  94.0;eor
       2667;2025032401;    3;   6.3;  96.0;eor
       2667;2025032402;    3;   4.7;  98.0;eor
       2667;2025032403;    3;   4.1;  98.0;eor
       2667;2025032404;    3;   4.7;  99.0;eor
       2667;2025032405;    3;   4.0;  98.0;eor
       2667;2025032406;    3;   3.7;  98.0;eor
       2667;2025032407;    3;   5.5;  95.0;eor
       2667;2025032408;    3;   9.9;  83.0;eor
       2667;2025032409;    3;  12.7;  69.0;eor
       2667;2025032410;    3;  13.7;  63.0;eor
       2667;2025032411;    3;  15.4;  56.0;eor
       2667;2025032412;    3;  16.2;  50.0;eor
       2667;2025032413;    3;  17.2;  48.0;eor
       2667;2025032414;    3;  18.1;  50.0;eor
       2667;2025032415;    3;  16.1;  60.0;eor
       2667;2025032416;    3;  16.2;  60.0;eor
       2667;2025032417;    3;  14.3;  63.0;eor
       2667;2025032418;    3;  11.8;  68.0;eor
       2667;2025032419;    3;  11.5;  73.0;eor
       2667;2025032420;    3;  10.6;  82.0;eor
       2667;2025032421;    3;  10.2;  84.0;eor
       2667;2025032422;    3;   9.9;  87.0;eor
       2667;2025032423;    3;   8.8;  86.0;eor
       2667;2025032500;    3;   8.5;  89.0;eor
       2667;2025032501;    3;   6.6;  94.0;eor
       2667;2025032502;    3;   7.7;  93.0;eor
       2667;2025032503;    3;   7.1;  95.0;eor
       2667;2025032504;    3;   6.6;  96.0;eor
       2667;2025032505;    3;   6.1;  97.0;eor
       2667;2025032506;    3;   5.6;  97.0;eor
       2667;2025032507;    3;   6.0;  89.0;eor
       2667;2025032508;    3;   6.6;  80.0;eor
       2667;2025032509;    3;   7.2;  79.0;eor
       2667;2025032510;    3;   7.6;  76.0;eor
       2667;2025032511;    3;   8.6;  72.0;eor
       2667;2025032512;    3;  10.0;  66.0;eor
       2667;2025032513;    3;  11.4;  61.0;eor
       2667;2025032514;    3;  12.4;  61.0;eor
       2667;2025032515;    3;  12.4;  60.0;eor
       2667;2025032516;    3;  13.3;  57.0;eor
       2667;2025032517;    3;  12.3;  59.0;eor
       2667;2025032518;    3;  11.4;  64.0;eor
       2667;2025032519;    3;   8.7;  74.0;eor
       2667;2025032520;    3;   8.6;  75.0;eor
       2667;2025032521;    3;   9.3;  75.0;eor
       2667;2025032522;    3;   9.9;  77.0;eor
       2667;2025032523;    3;   9.1;  85.0;eor
       2667;2025032600;    3;   8.8;  86.0;eor
       2667;2025032601;    3;   8.6;  87.0;eor
       2667;2025032602;    3;   7.7;  97.0;eor
       2667;2025032603;    3;   7.9;  93.0;eor
       2667;2025032604;    3;   7.8;  94.0;eor
       2667;2025032605;    3;   6.7;  90.0;eor
       2667;2025032606;    3;   7.7;  87.0;eor
       2667;2025032607;    3;   8.0;  85.0;eor
       2667;2025032608;    3;   8.1;  76.0;eor
       2667;2025032609;    3;   8.2;  78.0;eor
       2667;2025032610;    3;   8.5;  71.0;eor
       2667;2025032611;    3;   8.8;  73.0;eor
       2667;2025032612;    3;   9.9;  64.0;eor
       2667;2025032613;    3;  10.0;  65.0;eor
       2667;2025032614;    3;  10.4;  64.0;eor
       2667;2025032615;    3;  10.7;  62.0;eor
       2667;2025032616;    3;  10.7;  64.0;eor
       2667;2025032617;    3;  10.4;  64.0;eor
       2667;2025032618;    3;   9.7;  66.0;eor
       2667;2025032619;    3;   9.4;  70.0;eor
       2667;2025032620;    3;   8.9;  70.0;eor
       2667;2025032621;    3;   8.2;  69.0;eor
       2667;2025032622;    3;   6.5;  76.0;eor
       2667;2025032623;    3;   5.0;  82.0;eor
       2667;2025032700;    3;   3.8;  87.0;eor
       2667;2025032701;    3;   2.8;  91.0;eor
       2667;2025032702;    3;   0.9;  92.0;eor
       2667;2025032703;    3;   0.8;  96.0;eor
       2667;2025032704;    3;   0.3;  99.0;eor
       2667;2025032705;    3;  -0.3;  98.0;eor
       2667;2025032706;    3;  -0.7;  97.0;eor
       2667;2025032707;    3;   1.6;  95.0;eor
       2667;2025032708;    3;   6.2;  77.0;eor
       2667;2025032709;    3;   8.6;  66.0;eor
       2667;2025032710;    3;  10.1;  61.0;eor
       2667;2025032711;    3;  11.1;  54.0;eor
       2667;2025032712;    3;  12.7;  52.0;eor
       2667;2025032713;    3;  13.4;  45.0;eor
       2667;2025032714;    3;  14.9;  44.0;eor
       2667;2025032715;    3;  16.0;  43.0;eor
       2667;2025032716;    3;  15.6;  41.0;eor
       2667;2025032717;    3;  15.2;  44.0;eor
       2667;2025032718;    3;  12.9;  49.0;eor
       2667;2025032719;    3;   9.7;  57.0;eor
       2667;2025032720;    3;   9.0;  63.0;eor
       2667;2025032721;    3;   6.6;  73.0;eor
       2667;2025032722;    3;   4.2;  81.0;eor
       2667;2025032723;    3;   6.0;  79.0;eor
       2667;2025032800;    3;   1.6;  88.0;eor
       2667;2025032801;    3;   1.9;  90.0;eor
       2667;2025032802;    3;   1.7;  93.0;eor
       2667;2025032803;    3;   0.5;  96.0;eor
       2667;2025032804;    3;  -0.4;  95.0;eor
       2667;2025032805;    3;   0.8;  94.0;eor
       2667;2025032806;    3;  -0.8;  92.0;eor
       2667;2025032807;    3;   4.9;  84.0;eor
       2667;2025032808;    3;   8.8;  64.0;eor
       2667;2025032809;    3;  11.5;  57.0;eor
       2667;2025032810;    3;  14.3;  47.0;eor
       2667;2025032811;    3;  15.2;  43.0;eor
       2667;2025032812;    3;  16.0;  38.0;eor
       2667;2025032813;    3;  16.4;  39.0;eor
       2667;2025032814;    3;  17.6;  38.0;eor
       2667;2025032815;    3;  17.5;  38.0;eor
       2667;2025032816;    3;  17.0;  38.0;eor
       2667;2025032817;    3;  15.2;  54.0;eor
       2667;2025032818;    3;  13.0;  60.0;eor
       2667;2025032819;    3;  10.3;  70.0;eor
       2667;2025032820;    3;   9.5;  71.0;eor
       2667;2025032821;    3;   9.8;  71.0;eor
       2667;2025032822;    3;   9.2;  74.0;eor
       2667;2025032823;    3;   8.1;  79.0;eor
       2667;2025032900;    3;   8.8;  77.0;eor
       2667;2025032901;    3;   8.7;  80.0;eor
       2667;2025032902;    3;   8.8;  85.0;eor
       2667;2025032903;    3;   8.4;  79.0;eor
       2667;2025032904;    3;   7.8;  77.0;eor
       2667;2025032905;    3;   7.7;  81.0;eor
       2667;2025032906;    3;   7.1;  83.0;eor
       2667;2025032907;    3;   7.8;  79.0;eor
       2667;2025032908;    3;   9.5;  64.0;eor
       2667;2025032909;    3;  10.8;  56.0;eor
       2667;2025032910;    3;  11.7;  52.0;eor
       2667;2025032911;    3;  11.9;  45.0;eor
       2667;2025032912;    3;  12.6;  44.0;eor
       2667;2025032913;    3;  13.2;  43.0;eor
       2667;2025032914;    3;  13.8;  42.0;eor
       2667;2025032915;    3;  13.5;  39.0;eor
       2667;2025032916;    3;  13.3;  41.0;eor
       2667;2025032917;    3;  12.5;  40.0;eor
       2667;2025032918;    3;  10.1;  50.0;eor
       2667;2025032919;    3;   8.9;  54.0;eor
       2667;2025032920;    3;   7.3;  62.0;eor
       2667;2025032921;    3;   6.2;  66.0;eor
       2667;2025032922;    3;   5.2;  71.0;eor
       2667;2025032923;    3;   5.2;  74.0;eor
       2667;2025033000;    3;   4.1;  78.0;eor
       2667;2025033001;    3;   3.7;  80.0;eor
       2667;2025033002;    3;   3.2;  82.0;eor
       2667;2025033003;    3;   3.6;  80.0;eor
       2667;2025033004;    3;   4.7;  81.0;eor
       2667;2025033005;    3;   5.8;  74.0;eor
       2667;2025033006;    3;   6.7;  66.0;eor
       2667;2025033007;    3;   8.1;  76.0;eor
       2667;2025033008;    3;   7.6;  89.0;eor
       2667;2025033009;    3;   8.7;  81.0;eor
       2667;2025033010;    3;   9.3;  80.0;eor
       2667;2025033011;    3;  10.3;  78.0;eor
       2667;2025033012;    3;  11.8;  68.0;eor
       2667;2025033013;    3;  12.0;  67.0;eor
       2667;2025033014;    3;  12.9;  54.0;eor
       2667;2025033015;    3;  12.7;  51.0;eor
       2667;2025033016;    3;  12.5;  51.0;eor
       2667;2025033017;    3;  11.7;  52.0;eor
       2667;2025033018;    3;  11.1;  56.0;eor
       2667;2025033019;    3;  10.8;  57.0;eor
       2667;2025033020;    3;  10.1;  58.0;eor
       2667;2025033021;    3;   9.8;  59.0;eor
       2667;2025033022;    3;   9.6;  61.0;eor
       2667;2025033023;    3;   9.2;  65.0;eor
       2667;2025033100;    3;   8.8;  67.0;eor
       2667;2025033101;    3;   8.4;  68.0;eor
       2667;2025033102;    3;   7.8;  68.0;eor
       2667;2025033103;    3;   7.3;  65.0;eor
       2667;2025033104;    3;   7.1;  68.0;eor
       2667;2025033105;    3;   7.2;  65.0;eor
       2667;2025033106;    3;   7.1;  71.0;eor
       2667;2025033107;    3;   7.4;  70.0;eor
       2667;2025033108;    3;   7.8;  67.0;eor
       2667;2025033109;    3;   8.5;  63.0;eor
       2667;2025033110;    3;   9.4;  60.0;eor
       2667;2025033111;    3;  10.4;  56.0;eor
       2667;2025033112;    3;  11.9;  54.0;eor
       2667;2025033113;    3;  11.2;  53.0;eor
       2667;2025033114;    3;  12.3;  51.0;eor
       2667;2025033115;    3;  12.3;  49.0;eor
       2667;2025033116;    3;  12.4;  47.0;eor
       2667;2025033117;    3;  12.1;  45.0;eor
       2667;2025033118;    3;  11.2;  47.0;eor
       2667;2025033119;    3;   8.1;  57.0;eor
       2667;2025033120;    3;   7.6;  59.0;eor
       2667;2025033121;    3;   5.8;  67.0;eor
       2667;2025033122;    3;   3.9;  77.0;eor
       2667;2025033123;    3;   3.4;  79.0;eor
       2667;2025040100;    3;   4.1;  78.0;eor
       2667;2025040101;    3;   3.2;  82.0;eor
       2667;2025040102;    3;   1.7;  88.0;eor
       2667;2025040103;    3;   1.5;  90.0;eor
       2667;2025040104;    3;   0.4;  91.0;eor
       2667;2025040105;    3;  -0.8;  95.0;eor
       2667;2025040106;    3;  -0.6;  96.0;eor
       2667;2025040107;    3;   3.3;  84.0;eor
       2667;2025040108;    3;   8.2;  65.0;eor
       2667;2025040109;    3;  10.4;  54.0;eor
       2667;2025040110;    3;  10.7;  50.0;eor
       2667;2025040111;    3;  12.4;  46.0;eor
       2667;2025040112;    3;  12.0;  45.0;eor
       2667;2025040113;    3;  12.5;  40.0;eor
       2667;2025040114;    3;  13.6;  40.0;eor
       2667;2025040115;    3;  13.5;  39.0;eor
       2667;2025040116;    3;  13.6;  39.0;eor
       2667;2025040117;    3;  13.0;  40.0;eor
       2667;2025040118;    3;  12.0;  42.0;eor
       2667;2025040119;    3;  10.4;  47.0;eor
       2667;2025040120;    3;   8.9;  52.0;eor
       2667;2025040121;    3;   8.4;  55.0;eor
       2667;2025040122;    3;   5.2;  66.0;eor
       2667;2025040123;    3;   4.9;  68.0;eor
       2667;2025040200;    3;   4.1;  73.0;eor
       2667;2025040201;    3;   5.2;  70.0;eor
       2667;2025040202;    3;   2.2;  80.0;eor
       2667;2025040203;    3;   3.6;  76.0;eor
       2667;2025040204;    3;   7.3;  66.0;eor
       2667;2025040205;    3;   7.3;  66.0;eor
       2667;2025040206;    3;   7.7;  66.0;eor
       2667;2025040207;    3;   9.0;  63.0;eor
       2667;2025040208;    3;  11.3;  57.0;eor
       2667;2025040209;    3;  13.3;  51.0;eor
       2667;2025040210;    3;  15.4;  46.0;eor
       2667;2025040211;    3;  16.0;  37.0;eor
       2667;2025040212;    3;  16.6;  36.0;eor
       2667;2025040213;    3;  17.8;  35.0;eor
       2667;2025040214;    3;  18.1;  35.0;eor
       2667;2025040215;    3;  17.7;  38.0;eor
       2667;2025040216;    3;  17.7;  39.0;eor
       2667;2025040217;    3;  17.2;  41.0;eor
       2667;2025040218;    3;  15.9;  44.0;eor
       2667;2025040219;    3;  14.7;  45.0;eor
       2667;2025040220;    3;  13.5;  48.0;eor
       2667;2025040221;    3;  13.1;  50.0;eor
       2667;2025040222;    3;  13.0;  53.0;eor
       2667;2025040223;    3;  12.2;  57.0;eor
       2667;2025040300;    3;  12.2;  57.0;eor
       2667;2025040301;    3;  12.2;  56.0;eor
       2667;2025040302;    3;  12.2;  56.0;eor
       2667;2025040303;    3;  11.6;  58.0;eor
       2667;2025040304;    3;  10.4;  62.0;eor
       2667;2025040305;    3;  10.1;  62.0;eor
       2667;2025040306;    3;  10.6;  61.0;eor
       2667;2025040307;    3;  12.3;  56.0;eor
       2667;2025040308;    3;  14.0;  51.0;eor
       2667;2025040309;    3;  15.6;  45.0;eor
       2667;2025040310;    3;  16.8;  41.0;eor
       2667;2025040311;    3;  18.3;  39.0;eor
       2667;2025040312;    3;  18.8;  34.0;eor
       2667;2025040313;    3;  20.1;  33.0;eor
       2667;2025040314;    3;  21.1;  31.0;eor
       2667;2025040315;    3;  21.2;  30.0;eor
       2667;2025040316;    3;  21.0;  28.0;eor
       2667;2025040317;    3;  20.7;  28.0;eor
       2667;2025040318;    3;  18.9;  31.0;eor
       2667;2025040319;    3;  16.6;  35.0;eor
       2667;2025040320;    3;  14.1;  41.0;eor
       2667;2025040321;    3;  13.2;  44.0;eor
       2667;2025040322;    3;  13.4;  45.0;eor
       2667;2025040323;    3;  13.0;  48.0;eor
       2667;2025040400;    3;  11.8;  54.0;eor
       2667;2025040401;    3;  11.2;  57.0;eor
       2667;2025040402;    3;   7.1;  69.0;eor
       2667;2025040403;    3;   5.6;  76.0;eor
       2667;2025040404;    3;   6.3;  78.0;eor
       2667;2025040405;    3;   4.3;  84.0;eor
       2667;2025040406;    3;   5.5;  79.0;eor
       2667;2025040407;    3;   9.4;  69.0;eor
       2667;2025040408;    3;  14.3;  53.0;eor
       2667;2025040409;    3;  16.6;  44.0;eor
       2667;2025040410;    3;  19.3;  36.0;eor
       2667;2025040411;    3;  20.7;  31.0;eor
       2667;2025040412;    3;  21.8;  29.0;eor
       2667;2025040413;    3;  22.3;  29.0;eor
       2667;2025040414;    3;  23.2;  28.0;eor
       2667;2025040415;    3;  23.3;  26.0;eor
       2667;2025040416;    3;  23.3;  26.0;eor
       2667;2025040417;    3;  22.9;  26.0;eor
       2667;2025040418;    3;  20.8;  34.0;eor
       2667;2025040419;    3;  18.8;  41.0;eor
       2667;2025040420;    3;  17.6;  43.0;eor
       2667;2025040421;    3;  14.7;  49.0;eor
       2667;2025040422;    3;  14.1;  51.0;eor
       2667;2025040423;    3;   9.3;  67.0;eor
       2667;2025040500;    3;   9.4;  67.0;eor
       2667;2025040501;    3;   9.3;  69.0;eor
       2667;2025040502;    3;   8.4;  72.0;eor
       2667;2025040503;    3;   5.6;  81.0;eor
       2667;2025040504;    3;   5.5;  85.0;eor
       2667;2025040505;    3;   4.4;  88.0;eor
       2667;2025040506;    3;   5.4;  83.0;eor
       2667;2025040507;    3;   9.6;  74.0;eor
       2667;2025040508;    3;  12.1;  60.0;eor
       2667;2025040509;    3;  14.5;  55.0;eor
       2667;2025040510;    3;  16.8;  50.0;eor
       2667;2025040511;    3;  18.7;  43.0;eor
       2667;2025040512;    3;  19.9;  36.0;eor
       2667;2025040513;    3;  19.2;  34.0;eor
       2667;2025040514;    3;  18.6;  37.0;eor
       2667;2025040515;    3;  19.0;  37.0;eor
       2667;2025040516;    3;  17.2;  36.0;eor
       2667;2025040517;    3;  16.1;  34.0;eor
       2667;2025040518;    3;  13.4;  38.0;eor
       2667;2025040519;    3;  11.6;  47.0;eor
       2667;2025040520;    3;  10.2;  49.0;eor
       2667;2025040521;    3;   8.3;  55.0;eor
       2667;2025040522;    3;   6.1;  63.0;eor
       2667;2025040523;    3;   7.9;  57.0;eor
       2667;2025040600;    3;   7.9;  52.0;eor
       2667;2025040601;    3;   6.5;  56.0;eor
       2667;2025040602;    3;   6.4;  52.0;eor
       2667;2025040603;    3;   5.3;  55.0;eor
       2667;2025040604;    3;   4.4;  49.0;eor
       2667;2025040605;    3;   3.6;  47.0;eor
       2667;2025040606;    3;   3.6;  47.0;eor
       2667;2025040607;    3;   4.8;  43.0;eor
       2667;2025040608;    3;   5.8;  36.0;eor
       2667;2025040609;    3;   7.0;  34.0;eor
       2667;2025040610;    3;   8.5;  30.0;eor
       2667;2025040611;    3;   8.9;  30.0;eor
       2667;2025040612;    3;  10.3;  29.0;eor
       2667;2025040613;    3;  11.0;  27.0;eor
       2667;2025040614;    3;  11.9;  25.0;eor
       2667;2025040615;    3;  12.7;  26.0;eor
       2667;2025040616;    3;  12.7;  27.0;eor
       2667;2025040617;    3;  12.2;  26.0;eor
       2667;2025040618;    3;  11.0;  29.0;eor
       2667;2025040619;    3;   8.2;  37.0;eor
       2667;2025040620;    3;   7.3;  38.0;eor
       2667;2025040621;    3;   5.8;  44.0;eor
       2667;2025040622;    3;   2.7;  56.0;eor
       2667;2025040623;    3;   3.9;  53.0;eor
       2667;2025040700;    3;   1.7;  62.0;eor
       2667;2025040701;    3;   1.9;  59.0;eor
       2667;2025040702;    3;  -0.6;  72.0;eor
       2667;2025040703;    3;   0.4;  65.0;eor
       2667;2025040704;    3;  -2.1;  77.0;eor
       2667;2025040705;    3;   0.1;  66.0;eor
       2667;2025040706;    3;   1.9;  60.0;eor
       2667;2025040707;    3;   5.0;  51.0;eor
       2667;2025040708;    3;   6.5;  45.0;eor
       2667;2025040709;    3;   8.3;  40.0;eor
       2667;2025040710;    3;   8.8;  37.0;eor
       2667;2025040711;    3;  10.4;  35.0;eor
       2667;2025040712;    3;  12.1;  32.0;eor
       2667;2025040713;    3;  13.1;  31.0;eor
       2667;2025040714;    3;  13.8;  32.0;eor
       2667;2025040715;    3;  14.2;  30.0;eor
       2667;2025040716;    3;  14.1;  31.0;eor
       2667;2025040717;    3;  13.7;  30.0;eor
       2667;2025040718;    3;  12.8;  33.0;eor
       2667;2025040719;    3;   9.5;  42.0;eor
       2667;2025040720;    3;   8.0;  50.0;eor
       2667;2025040721;    3;   8.4;  48.0;eor
       2667;2025040722;    3;   7.8;  49.0;eor
       2667;2025040723;    3;   6.7;  53.0;eor
       2667;2025040800;    3;   4.5;  60.0;eor
       2667;2025040801;    3;   3.6;  64.0;eor
       2667;2025040802;    3;   1.6;  73.0;eor
       2667;2025040803;    3;   0.4;  78.0;eor
       2667;2025040804;    3;   0.3;  78.0;eor
       2667;2025040805;    3;   0.0;  80.0;eor
       2667;2025040806;    3;   0.8;  78.0;eor
       2667;2025040807;    3;   6.2;  57.0;eor
       2667;2025040808;    3;   8.8;  50.0;eor
       2667;2025040809;    3;  11.5;  40.0;eor
       2667;2025040810;    3;  13.1;  35.0;eor
       2667;2025040811;    3;  15.1;  34.0;eor
       2667;2025040812;    3;  15.0;  30.0;eor
       2667;2025040813;    3;  16.7;  33.0;eor
       2667;2025040814;    3;  16.8;  30.0;eor
       2667;2025040815;    3;  16.9;  28.0;eor
       2667;2025040816;    3;  16.6;  30.0;eor
       2667;2025040817;    3;  16.5;  33.0;eor
       2667;2025040818;    3;  14.8;  36.0;eor
       2667;2025040819;    3;  12.4;  43.0;eor
       2667;2025040820;    3;  11.1;  47.0;eor
       2667;2025040821;    3;   9.4;  53.0;eor
       2667;2025040822;    3;   7.8;  60.0;eor
       2667;2025040823;    3;   7.1;  60.0;eor
       2667;2025040900;    3;   5.1;  69.0;eor
       2667;2025040901;    3;   4.6;  70.0;eor
       2667;2025040902;    3;   2.7;  78.0;eor
       2667;2025040903;    3;   1.7;  83.0;eor
       2667;2025040904;    3;   0.9;  87.0;eor
       2667;2025040905;    3;   0.2;  88.0;eor
       2667;2025040906;    3;   2.1;  84.0;eor
       2667;2025040907;    3;   6.0;  70.0;eor
       2667;2025040908;    3;   8.6;  60.0;eor
       2667;2025040909;    3;  11.1;  54.0;eor
       2667;2025040910;    3;  13.7;  46.0;eor
       2667;2025040911;    3;  15.3;  44.0;eor
       2667;2025040912;    3;  16.1;  38.0;eor
       2667;2025040913;    3;  17.0;  39.0;eor
       2667;2025040914;    3;  16.9;  40.0;eor
       2667;2025040915;    3;  16.6;  43.0;eor
       2667;2025040916;    3;  15.6;  41.0;eor
       2667;2025040917;    3;  14.9;  38.0;eor
       2667;2025040918;    3;  13.1;  45.0;eor
       2667;2025040919;    3;  11.0;  54.0;eor
       2667;2025040920;    3;  10.2;  59.0;eor
       2667;2025040921;    3;   9.8;  66.0;eor
       2667;2025040922;    3;   7.7;  74.0;eor
       2667;2025040923;    3;   6.9;  78.0;eor
       2667;2025041000;    3;   5.9;  78.0;eor
       2667;2025041001;    3;   5.0;  81.0;eor
       2667;2025041002;    3;   5.0;  83.0;eor
       2667;2025041003;    3;   6.1;  77.0;eor
       2667;2025041004;    3;   6.2;  75.0;eor
       2667;2025041005;    3;   6.3;  77.0;eor
       2667;2025041006;    3;   6.5;  77.0;eor
       2667;2025041007;    3;   6.9;  75.0;eor
       2667;2025041008;    3;   7.7;  74.0;eor
       2667;2025041009;    3;   8.2;  73.0;eor
       2667;2025041010;    3;   8.4;  71.0;eor
       2667;2025041011;    3;   9.3;  67.0;eor
       2667;2025041012;    3;   9.6;  64.0;eor
       2667;2025041013;    3;  10.4;  62.0;eor
       2667;2025041014;    3;  11.9;  57.0;eor
       2667;2025041015;    3;  12.3;  53.0;eor
       2667;2025041016;    3;  12.7;  52.0;eor
       2667;2025041017;    3;  12.6;  56.0;eor
       2667;2025041018;    3;  10.9;  60.0;eor
       2667;2025041019;    3;   8.9;  69.0;eor
       2667;2025041020;    3;   7.6;  75.0;eor
       2667;2025041021;    3;   6.0;  83.0;eor
       2667;2025041022;    3;   5.4;  86.0;eor
       2667;2025041023;    3;   4.4;  89.0;eor
       2667;2025041100;    3;   4.2;  91.0;eor
       2667;2025041101;    3;   2.6;  95.0;eor
       2667;2025041102;    3;   2.0;  96.0;eor
       2667;2025041103;    3;   1.7;  97.0;eor
       2667;2025041104;    3;   0.4;  96.0;eor
       2667;2025041105;    3;  -0.1;  96.0;eor
       2667;2025041106;    3;   0.7;  94.0;eor
       2667;2025041107;    3;   6.0;  87.0;eor
       2667;2025041108;    3;   7.4;  83.0;eor
       2667;2025041109;    3;   9.5;  69.0;eor
       2667;2025041110;    3;  11.8;  57.0;eor
       2667;2025041111;    3;  14.0;  49.0;eor
       2667;2025041112;    3;  15.1;  44.0;eor
       2667;2025041113;    3;  16.8;  43.0;eor
       2667;2025041114;    3;  17.9;  38.0;eor
       2667;2025041115;    3;  18.1;  38.0;eor
       2667;2025041116;    3;  17.9;  37.0;eor
       2667;2025041117;    3;  17.6;  41.0;eor
       2667;2025041118;    3;  16.3;  47.0;eor
       2667;2025041119;    3;  14.1;  53.0;eor
       2667;2025041120;    3;  11.7;  61.0;eor
       2667;2025041121;    3;   9.6;  70.0;eor
       2667;2025041122;    3;   7.8;  77.0;eor
       2667;2025041123;    3;   7.0;  81.0;eor
       2667;2025041200;    3;   4.9;  82.0;eor
       2667;2025041201;    3;   5.1;  86.0;eor
       2667;2025041202;    3;   5.2;  87.0;eor
       2667;2025041203;    3;   4.7;  89.0;eor
       2667;2025041204;    3;   3.8;  90.0;eor
       2667;2025041205;    3;   3.2;  93.0;eor
       2667;2025041206;    3;   5.4;  84.0;eor
       2667;2025041207;    3;  10.7;  65.0;eor
       2667;2025041208;    3;  13.6;  58.0;eor
       2667;2025041209;    3;  17.1;  51.0;eor
       2667;2025041210;    3;  18.5;  43.0;eor
       2667;2025041211;    3;  20.7;  37.0;eor
       2667;2025041212;    3;  22.0;  31.0;eor
       2667;2025041213;    3;  22.0;  31.0;eor
       2667;2025041214;    3;  23.0;  31.0;eor
       2667;2025041215;    3;  23.3;  30.0;eor
       2667;2025041216;    3;  23.3;  26.0;eor
       2667;2025041217;    3;  22.4;  28.0;eor
       2667;2025041218;    3;  20.8;  31.0;eor
       2667;2025041219;    3;  18.7;  35.0;eor
       2667;2025041220;    3;  14.6;  47.0;eor
       2667;2025041221;    3;  17.3;  40.0;eor
       2667;2025041222;    3;  17.5;  40.0;eor
       2667;2025041223;    3;  16.9;  42.0;eor
       2667;2025041300;    3;  15.7;  48.0;eor
       2667;2025041301;    3;  16.6;  52.0;eor
       2667;2025041302;    3;  15.6;  63.0;eor
       2667;2025041303;    3;  15.2;  62.0;eor
       2667;2025041304;    3;  15.5;  64.0;eor
       2667;2025041305;    3;  14.7;  72.0;eor
       2667;2025041306;    3;  15.0;  73.0;eor
       2667;2025041307;    3;  14.8;  75.0;eor
       2667;2025041308;    3;  15.8;  68.0;eor
       2667;2025041309;    3;  15.9;  67.0;eor
       2667;2025041310;    3;  16.3;  67.0;eor
       2667;2025041311;    3;  16.6;  65.0;eor
       2667;2025041312;    3;  16.3;  72.0;eor
       2667;2025041313;    3;  17.4;  65.0;eor
       2667;2025041314;    3;  18.1;  61.0;eor
       2667;2025041315;    3;  15.7;  75.0;eor
       2667;2025041316;    3;  16.5;  72.0;eor
       2667;2025041317;    3;  14.8;  79.0;eor
       2667;2025041318;    3;  15.0;  75.0;eor
       2667;2025041319;    3;  13.9;  75.0;eor
       2667;2025041320;    3;  13.4;  74.0;eor
       2667;2025041321;    3;  12.4;  76.0;eor
       2667;2025041322;    3;  10.8;  85.0;eor
       2667;2025041323;    3;   8.5;  95.0;eor
       2667;2025041400;    3;  10.8;  88.0;eor
       2667;2025041401;    3;  10.3;  89.0;eor
       2667;2025041402;    3;   7.9;  94.0;eor
       2667;2025041403;    3;   7.5;  99.0;eor
       2667;2025041404;    3;   9.0;  94.0;eor
       2667;2025041405;    3;   8.6;  94.0;eor
       2667;2025041406;    3;   9.5;  91.0;eor
       2667;2025041407;    3;  11.8;  79.0;eor
       2667;2025041408;    3;  13.3;  74.0;eor
       2667;2025041409;    3;  14.8;  65.0;eor
       2667;2025041410;    3;  16.7;  59.0;eor
       2667;2025041411;    3;  16.9;  50.0;eor
       2667;2025041412;    3;  18.9;  40.0;eor
       2667;2025041413;    3;  19.1;  42.0;eor
       2667;2025041414;    3;  19.9;  41.0;eor
       2667;2025041415;    3;  20.1;  39.0;eor
       2667;2025041416;    3;  19.5;  40.0;eor
       2667;2025041417;    3;  20.6;  37.0;eor
       2667;2025041418;    3;  18.7;  42.0;eor
       2667;2025041419;    3;  15.7;  51.0;eor
       2667;2025041420;    3;  15.3;  52.0;eor
       2667;2025041421;    3;  13.0;  61.0;eor
       2667;2025041422;    3;  14.0;  56.0;eor
       2667;2025041423;    3;  12.0;  64.0;eor
       2667;2025041500;    3;   9.7;  72.0;eor
       2667;2025041501;    3;  10.9;  69.0;eor
       2667;2025041502;    3;   7.0;  81.0;eor
       2667;2025041503;    3;   9.7;  75.0;eor
       2667;2025041504;    3;   8.3;  82.0;eor
       2667;2025041505;    3;   7.5;  86.0;eor
       2667;2025041506;    3;   8.3;  84.0;eor
       2667;2025041507;    3;  13.0;  69.0;eor
       2667;2025041508;    3;  16.5;  60.0;eor
       2667;2025041509;    3;  18.4;  63.0;eor
       2667;2025041510;    3;  20.6;  54.0;eor
       2667;2025041511;    3;  20.7;  51.0;eor
       2667;2025041512;    3;  21.6;  48.0;eor
       2667;2025041513;    3;  17.8;  63.0;eor
       2667;2025041514;    3;  15.9;  79.0;eor
       2667;2025041515;    3;  14.9;  91.0;eor
       2667;2025041516;    3;  14.3;  95.0;eor
       2667;2025041517;    3;  14.4;  91.0;eor
       2667;2025041518;    3;  14.4;  92.0;eor
       2667;2025041519;    3;  13.3;  93.0;eor
       2667;2025041520;    3;  11.9;  95.0;eor
       2667;2025041521;    3;  12.6;  92.0;eor
       2667;2025041522;    3;  11.7;  93.0;eor
       2667;2025041523;    3;  11.6;  93.0;eor
       2667;2025041600;    3;  11.7;  93.0;eor
       2667;2025041601;    3;  11.4;  95.0;eor
       2667;2025041602;    3;  11.9;  93.0;eor
       2667;2025041603;    3;  11.4;  93.0;eor
       2667;2025041604;    3;  10.8;  97.0;eor
       2667;2025041605;    3;  10.9;  97.0;eor
       2667;2025041606;    3;  11.7;  93.0;eor
       2667;2025041607;    3;  12.5;  91.0;eor
       2667;2025041608;    3;  13.5;  88.0;eor
       2667;2025041609;    3;  12.4;  87.0;eor
       2667;2025041610;    3;  10.8;  82.0;eor
       2667;2025041611;    3;  10.8;  82.0;eor
       2667;2025041612;    3;  10.9;  83.0;eor
       2667;2025041613;    3;  10.7;  81.0;eor
       2667;2025041614;    3;  10.5;  81.0;eor
       2667;2025041615;    3;  10.5;  77.0;eor
       2667;2025041616;    3;  10.4;  77.0;eor
       2667;2025041617;    3;  10.1;  77.0;eor
       2667;2025041618;    3;   9.5;  81.0;eor
       2667;2025041619;    3;   9.0;  85.0;eor
       2667;2025041620;    3;   8.7;  90.0;eor
       2667;2025041621;    3;   8.4;  95.0;eor
       2667;2025041622;    3;   8.6;  96.0;eor
       2667;2025041623;    3;   8.6;  97.0;eor
       2667;2025041700;    3;   8.5;  96.0;eor
       2667;2025041701;    3;   8.5;  95.0;eor
       2667;2025041702;    3;   8.3;  95.0;eor
       2667;2025041703;    3;   8.3;  90.0;eor
       2667;2025041704;    3;   8.0;  91.0;eor
       2667;2025041705;    3;   8.1;  93.0;eor
       2667;2025041706;    3;   7.6;  93.0;eor
       2667;2025041707;    3;   7.8;  88.0;eor
       2667;2025041708;    3;   8.6;  82.0;eor
       2667;2025041709;    3;   9.3;  75.0;eor
       2667;2025041710;    3;  10.2;  65.0;eor
       2667;2025041711;    3;  10.5;  66.0;eor
       2667;2025041712;    3;  11.1;  61.0;eor
       2667;2025041713;    3;  10.9;  71.0;eor
       2667;2025041714;    3;  10.5;  69.0;eor
       2667;2025041715;    3;   9.9;  73.0;eor
       2667;2025041716;    3;   9.4;  76.0;eor
       2667;2025041717;    3;   9.0;  79.0;eor
       2667;2025041718;    3;   8.3;  86.0;eor
       2667;2025041719;    3;   8.1;  88.0;eor
       2667;2025041720;    3;   7.7;  89.0;eor
       2667;2025041721;    3;   7.5;  89.0;eor
       2667;2025041722;    3;   7.4;  89.0;eor
       2667;2025041723;    3;   7.3;  92.0;eor
       2667;2025041800;    3;   7.3;  95.0;eor
       2667;2025041801;    3;   7.0;  97.0;eor
       2667;2025041802;    3;   7.0;  98.0;eor
       2667;2025041803;    3;   6.9;  98.0;eor
       2667;2025041804;    3;   6.8;  98.0;eor
       2667;2025041805;    3;   7.0;  96.0;eor
       2667;2025041806;    3;   7.0;  94.0;eor
       2667;2025041807;    3;   7.0;  95.0;eor
       2667;2025041808;    3;   7.1;  95.0;eor
       2667;2025041809;    3;   7.9;  91.0;eor
       2667;2025041810;    3;   8.5;  89.0;eor
       2667;2025041811;    3;   8.9;  81.0;eor
       2667;2025041812;    3;   9.1;  77.0;eor
       2667;2025041813;    3;  10.1;  72.0;eor
       2667;2025041814;    3;  10.7;  67.0;eor
       2667;2025041815;    3;  10.5;  66.0;eor
       2667;2025041816;    3;  10.4;  70.0;eor
       2667;2025041817;    3;   9.8;  80.0;eor
       2667;2025041818;    3;   9.4;  80.0;eor
       2667;2025041819;    3;   8.5;  87.0;eor
       2667;2025041820;    3;   8.5;  86.0;eor
       2667;2025041821;    3;   8.1;  88.0;eor
       2667;2025041822;    3;   7.8;  89.0;eor
       2667;2025041823;    3;   7.4;  92.0;eor
       2667;2025041900;    3;   7.6;  89.0;eor
       2667;2025041901;    3;   7.2;  92.0;eor
       2667;2025041902;    3;   6.7;  94.0;eor
       2667;2025041903;    3;   6.9;  92.0;eor
       2667;2025041904;    3;   6.6;  94.0;eor
       2667;2025041905;    3;   6.8;  94.0;eor
       2667;2025041906;    3;   7.6;  90.0;eor
       2667;2025041907;    3;   8.7;  82.0;eor
       2667;2025041908;    3;  10.9;  76.0;eor
       2667;2025041909;    3;  11.3;  70.0;eor
       2667;2025041910;    3;  13.0;  62.0;eor
       2667;2025041911;    3;  13.8;  61.0;eor
       2667;2025041912;    3;  14.7;  59.0;eor
       2667;2025041913;    3;  15.4;  55.0;eor
       2667;2025041914;    3;  16.0;  50.0;eor
       2667;2025041915;    3;  16.4;  50.0;eor
       2667;2025041916;    3;  17.0;  51.0;eor
       2667;2025041917;    3;  16.3;  51.0;eor
       2667;2025041918;    3;  14.4;  60.0;eor
       2667;2025041919;    3;  10.2;  80.0;eor
       2667;2025041920;    3;  11.2;  71.0;eor
       2667;2025041921;    3;  11.4;  69.0;eor
       2667;2025041922;    3;  10.1;  75.0;eor
       2667;2025041923;    3;   8.5;  78.0;eor
       2667;2025042000;    3;   8.7;  79.0;eor
       2667;2025042001;    3;   7.7;  83.0;eor
       2667;2025042002;    3;   6.6;  89.0;eor
       2667;2025042003;    3;   5.4;  93.0;eor
       2667;2025042004;    3;   5.3;  95.0;eor
       2667;2025042005;    3;   4.3;  96.0;eor
       2667;2025042006;    3;   7.9;  88.0;eor
       2667;2025042007;    3;  11.6;  70.0;eor
       2667;2025042008;    3;  13.5;  63.0;eor
       2667;2025042009;    3;  16.2;  57.0;eor
       2667;2025042010;    3;  17.9;  50.0;eor
       2667;2025042011;    3;  20.1;  48.0;eor
       2667;2025042012;    3;  21.3;  43.0;eor
       2667;2025042013;    3;  20.4;  47.0;eor
       2667;2025042014;    3;  20.9;  45.0;eor
       2667;2025042015;    3;  18.6;  60.0;eor
       2667;2025042016;    3;  14.3;  84.0;eor
       2667;2025042017;    3;  14.0;  83.0;eor
       2667;2025042018;    3;  12.7;  88.0;eor
       2667;2025042019;    3;  11.7;  95.0;eor
       2667;2025042020;    3;  10.5;  93.0;eor
       2667;2025042021;    3;   9.1;  99.0;eor
       2667;2025042022;    3;   8.1;  99.0;eor
       2667;2025042023;    3;   7.1; 100.0;eor
       2667;2025042100;    3;   6.4; 100.0;eor
       2667;2025042101;    3;   5.4; 100.0;eor
       2667;2025042102;    3;   6.4;  99.0;eor
       2667;2025042103;    3;   5.4; 100.0;eor
       2667;2025042104;    3;   6.4;  97.0;eor
       2667;2025042105;    3;   6.6;  93.0;eor
       2667;2025042106;    3;   6.4;  94.0;eor
       2667;2025042107;    3;  10.1;  81.0;eor
       2667;2025042108;    3;  13.0;  69.0;eor
       2667;2025042109;    3;  14.9;  60.0;eor
       2667;2025042110;    3;  14.8;  60.0;eor
       2667;2025042111;    3;  15.8;  55.0;eor
       2667;2025042112;    3;  15.1;  60.0;eor
       2667;2025042113;    3;  17.4;  54.0;eor
       2667;2025042114;    3;  17.0;  53.0;eor
       2667;2025042115;    3;  16.6;  53.0;eor
       2667;2025042116;    3;  15.9;  54.0;eor
       2667;2025042117;    3;  12.8;  81.0;eor
       2667;2025042118;    3;  11.8;  89.0;eor
       2667;2025042119;    3;  10.7;  95.0;eor
       2667;2025042120;    3;   9.8;  97.0;eor
       2667;2025042121;    3;   9.8;  98.0;eor
       2667;2025042122;    3;   9.4;  98.0;eor
       2667;2025042123;    3;   9.1;  98.0;eor
       2667;2025042200;    3;   9.0;  97.0;eor
       2667;2025042201;    3;   9.4;  95.0;eor
       2667;2025042202;    3;   8.3;  98.0;eor
       2667;2025042203;    3;   8.8;  97.0;eor
       2667;2025042204;    3;   9.5;  93.0;eor
       2667;2025042205;    3;   9.5;  94.0;eor
       2667;2025042206;    3;   9.8;  94.0;eor
       2667;2025042207;    3;  10.4;  92.0;eor
       2667;2025042208;    3;  11.6;  87.0;eor
       2667;2025042209;    3;  13.7;  77.0;eor
       2667;2025042210;    3;  14.1;  71.0;eor
       2667;2025042211;    3;  15.3;  65.0;eor
       2667;2025042212;    3;  15.5;  61.0;eor
       2667;2025042213;    3;  15.4;  64.0;eor
       2667;2025042214;    3;  13.7;  85.0;eor
       2667;2025042215;    3;  14.8;  74.0;eor
       2667;2025042216;    3;  15.4;  67.0;eor
       2667;2025042217;    3;  15.5;  63.0;eor
       2667;2025042218;    3;  14.8;  68.0;eor
       2667;2025042219;    3;  11.8;  82.0;eor
       2667;2025042220;    3;  11.0;  85.0;eor
       2667;2025042221;    3;   8.9;  91.0;eor
       2667;2025042222;    3;   9.2;  92.0;eor
       2667;2025042223;    3;   9.1;  93.0;eor
       2667;2025042300;    3;   9.0;  94.0;eor
       2667;2025042301;    3;   9.6;  93.0;eor
       2667;2025042302;    3;   9.3;  95.0;eor
       2667;2025042303;    3;   9.9;  95.0;eor
       2667;2025042304;    3;   9.7;  97.0;eor
       2667;2025042305;    3;   9.8;  98.0;eor
       2667;2025042306;    3;  10.0;  97.0;eor
       2667;2025042307;    3;  10.2;  96.0;eor
       2667;2025042308;    3;  12.4;  89.0;eor
       2667;2025042309;    3;  14.2;  82.0;eor
       2667;2025042310;    3;  14.9;  77.0;eor
       2667;2025042311;    3;  15.8;  72.0;eor
       2667;2025042312;    3;  15.9;  70.0;eor
       2667;2025042313;    3;  16.0;  69.0;eor
       2667;2025042314;    3;  11.3;  98.0;eor
       2667;2025042315;    3;  11.6;  93.0;eor
       2667;2025042316;    3;  11.7;  91.0;eor
       2667;2025042317;    3;  12.0;  93.0;eor
       2667;2025042318;    3;  10.4;  91.0;eor
       2667;2025042319;    3;  10.0;  96.0;eor
       2667;2025042320;    3;   9.7;  98.0;eor
       2667;2025042321;    3;   9.6;  99.0;eor
       2667;2025042322;    3;  10.1;  96.0;eor
       2667;2025042323;    3;   9.7;  97.0;eor
       2667;2025042400;    3;   9.9;  98.0;eor
       2667;2025042401;    3;   9.7;  98.0;eor
       2667;2025042402;    3;   9.5;  98.0;eor
       2667;2025042403;    3;   9.3;  98.0;eor
       2667;2025042404;    3;   9.5;  98.0;eor
       2667;2025042405;    3;   9.5;  98.0;eor
       2667;2025042406;    3;   9.7;  98.0;eor
       2667;2025042407;    3;   9.7;  96.0;eor
       2667;2025042408;    3;  10.0;  96.0;eor
       2667;2025042409;    3;  10.3;  97.0;eor
       2667;2025042410;    3;  10.6;  96.0;eor
       2667;2025042411;    3;  11.1;  94.0;eor
       2667;2025042412;    3;  11.2;  91.0;eor
       2667;2025042413;    3;  11.3;  88.0;eor
       2667;2025042414;    3;  11.5;  90.0;eor
       2667;2025042415;    3;  11.4;  90.0;eor
       2667;2025042416;    3;  11.2;  93.0;eor
       2667;2025042417;    3;  10.9;  94.0;eor
       2667;2025042418;    3;  10.5;  97.0;eor
       2667;2025042419;    3;  10.2;  98.0;eor
       2667;2025042420;    3;  10.4;  99.0;eor
       2667;2025042421;    3;  10.0;  97.0;eor
       2667;2025042422;    3;  10.1;  98.0;eor
       2667;2025042423;    3;  10.3;  96.0;eor
       2667;2025042500;    3;   9.8;  98.0;eor
       2667;2025042501;    3;   9.5;  99.0;eor
       2667;2025042502;    3;   9.7;  96.0;eor
       2667;2025042503;    3;   9.4;  98.0;eor
       2667;2025042504;    3;   9.4;  98.0;eor
       2667;2025042505;    3;   9.4;  99.0;eor
       2667;2025042506;    3;   9.6;  97.0;eor
       2667;2025042507;    3;  10.1;  96.0;eor
       2667;2025042508;    3;  10.9;  86.0;eor
       2667;2025042509;    3;  11.8;  80.0;eor
       2667;2025042510;    3;  11.1;  82.0;eor
       2667;2025042511;    3;  12.0;  76.0;eor
       2667;2025042512;    3;  13.5;  68.0;eor
       2667;2025042513;    3;  14.8;  61.0;eor
       2667;2025042514;    3;  14.7;  59.0;eor
       2667;2025042515;    3;  14.1;  66.0;eor
       2667;2025042516;    3;  14.1;  63.0;eor
       2667;2025042517;    3;  14.8;  57.0;eor
       2667;2025042518;    3;  13.1;  63.0;eor
       2667;2025042519;    3;  10.4;  78.0;eor
       2667;2025042520;    3;   8.6;  86.0;eor
       2667;2025042521;    3;   7.3;  92.0;eor
       2667;2025042522;    3;   6.4;  97.0;eor
       2667;2025042523;    3;   6.7;  98.0;eor
       2667;2025042600;    3;   7.0;  96.0;eor
       2667;2025042601;    3;   5.1;  99.0;eor
       2667;2025042602;    3;   3.9;  96.0;eor
       2667;2025042603;    3;   4.0;  99.0;eor
       2667;2025042604;    3;   3.8; 100.0;eor
       2667;2025042605;    3;   3.0;  98.0;eor
       2667;2025042606;    3;   6.7;  95.0;eor
       2667;2025042607;    3;   9.7;  82.0;eor
       2667;2025042608;    3;  12.8;  71.0;eor
       2667;2025042609;    3;  14.9;  62.0;eor
       2667;2025042610;    3;  16.8;  57.0;eor
       2667;2025042611;    3;  17.8;  44.0;eor
       2667;2025042612;    3;  18.0;  38.0;eor
       2667;2025042613;    3;  19.3;  37.0;eor
       2667;2025042614;    3;  19.3;  33.0;eor
       2667;2025042615;    3;  19.9;  33.0;eor
       2667;2025042616;    3;  20.2;  34.0;eor
       2667;2025042617;    3;  19.7;  30.0;eor
       2667;2025042618;    3;  18.8;  34.0;eor
       2667;2025042619;    3;  14.6;  53.0;eor
       2667;2025042620;    3;  14.7;  51.0;eor
       2667;2025042621;    3;  13.3;  57.0;eor
       2667;2025042622;    3;  12.8;  59.0;eor
       2667;2025042623;    3;  12.1;  61.0;eor
       2667;2025042700;    3;  11.0;  64.0;eor
       2667;2025042701;    3;   9.4;  71.0;eor
       2667;2025042702;    3;   6.7;  86.0;eor
       2667;2025042703;    3;   6.1;  86.0;eor
       2667;2025042704;    3;   5.4;  90.0;eor
       2667;2025042705;    3;   4.6;  89.0;eor
       2667;2025042706;    3;   7.3;  91.0;eor
       2667;2025042707;    3;  12.0;  57.0;eor
       2667;2025042708;    3;  14.4;  53.0;eor
       2667;2025042709;    3;  16.2;  52.0;eor
       2667;2025042710;    3;  18.1;  47.0;eor
       2667;2025042711;    3;  19.2;  42.0;eor
       2667;2025042712;    3;  19.8;  42.0;eor
       2667;2025042713;    3;  20.9;  40.0;eor
       2667;2025042714;    3;  20.8;  37.0;eor
       2667;2025042715;    3;  20.9;  39.0;eor
       2667;2025042716;    3;  20.9;  35.0;eor
       2667;2025042717;    3;  20.4;  39.0;eor
       2667;2025042718;    3;  19.2;  42.0;eor
       2667;2025042719;    3;  16.3;  55.0;eor
       2667;2025042720;    3;  14.4;  61.0;eor
       2667;2025042721;    3;  13.1;  68.0;eor
       2667;2025042722;    3;  10.4;  82.0;eor
       2667;2025042723;    3;   9.4;  87.0;eor
       2667;2025042800;    3;   8.0;  90.0;eor
       2667;2025042801;    3;   6.8;  95.0;eor
       2667;2025042802;    3;   5.9;  95.0;eor
       2667;2025042803;    3;   5.9;  95.0;eor
       2667;2025042804;    3;   5.4;  97.0;eor
       2667;2025042805;    3;   4.4;  97.0;eor
       2667;2025042806;    3;   8.9;  81.0;eor
       2667;2025042807;    3;  11.9;  71.0;eor
       2667;2025042808;    3;  14.7;  65.0;eor
       2667;2025042809;    3;  16.8;  56.0;eor
       2667;2025042810;    3;  18.3;  48.0;eor
       2667;2025042811;    3;  19.4;  42.0;eor
       2667;2025042812;    3;  20.6;  38.0;eor
       2667;2025042813;    3;  21.5;  37.0;eor
       2667;2025042814;    3;  22.6;  37.0;eor
       2667;2025042815;    3;  22.3;  34.0;eor
       2667;2025042816;    3;  22.6;  35.0;eor
       2667;2025042817;    3;  21.9;  30.0;eor
       2667;2025042818;    3;  20.4;  34.0;eor
       2667;2025042819;    3;  17.8;  41.0;eor
       2667;2025042820;    3;  13.6;  57.0;eor
       2667;2025042821;    3;  12.5;  60.0;eor
       2667;2025042822;    3;   9.8;  73.0;eor
       2667;2025042823;    3;   8.4;  79.0;eor
       2667;2025042900;    3;   7.4;  85.0;eor
       2667;2025042901;    3;   6.5;  89.0;eor
       2667;2025042902;    3;   5.6;  95.0;eor
       2667;2025042903;    3;   5.0;  95.0;eor
       2667;2025042904;    3;   4.4;  97.0;eor
       2667;2025042905;    3;   3.9;  96.0;eor
       2667;2025042906;    3;   7.9;  82.0;eor
       2667;2025042907;    3;  11.6;  68.0;eor
       2667;2025042908;    3;  15.4;  56.0;eor
       2667;2025042909;    3;  17.5;  53.0;eor
       2667;2025042910;    3;  19.9;  45.0;eor
       2667;2025042911;    3;  21.0;  40.0;eor
       2667;2025042912;    3;  22.0;  35.0;eor
       2667;2025042913;    3;  23.2;  30.0;eor
       2667;2025042914;    3;  23.5;  29.0;eor
       2667;2025042915;    3;  24.5;  27.0;eor
       2667;2025042916;    3;  24.2;  28.0;eor
       2667;2025042917;    3;  23.2;  36.0;eor
       2667;2025042918;    3;  21.9;  41.0;eor
       2667;2025042919;    3;  19.0;  49.0;eor
       2667;2025042920;    3;  17.5;  55.0;eor
       2667;2025042921;    3;  14.7;  66.0;eor
       2667;2025042922;    3;  15.2;  64.0;eor
       2667;2025042923;    3;  11.7;  77.0;eor
       2667;2025043000;    3;  11.2;  82.0;eor
       2667;2025043001;    3;   9.9;  88.0;eor
       2667;2025043002;    3;   8.5;  93.0;eor
       2667;2025043003;    3;   8.1;  96.0;eor
       2667;2025043004;    3;   7.6;  96.0;eor
       2667;2025043005;    3;   7.4;  96.0;eor
       2667;2025043006;    3;  10.6;  86.0;eor
       2667;2025043007;    3;  14.8;  73.0;eor
       2667;2025043008;    3;  17.7;  58.0;eor
       2667;2025043009;    3;  20.4;  48.0;eor
       2667;2025043010;    3;  22.0;  41.0;eor
       2667;2025043011;    3;  23.6;  34.0;eor
       2667;2025043012;    3;  23.9;  34.0;eor
       2667;2025043013;    3;  25.0;  33.0;eor
       2667;2025043014;    3;  25.5;  28.0;eor
       2667;2025043015;    3;  25.4;  28.0;eor
       2667;2025043016;    3;  25.5;  29.0;eor
       2667;2025043017;    3;  25.4;  29.0;eor
       2667;2025043018;    3;  22.9;  46.0;eor
       2667;2025043019;    3;  20.1;  55.0;eor
       2667;2025043020;    3;  19.1;  55.0;eor
       2667;2025043021;    3;  16.0;  68.0;eor
       2667;2025043022;    3;  12.3;  82.0;eor
       2667;2025043023;    3;  13.2;  79.0;eor
       2667;2025050100;    3;  11.9;  84.0;eor
       2667;2025050101;    3;  11.5;  85.0;eor
       2667;2025050102;    3;  10.5;  87.0;eor
       2667;2025050103;    3;   9.7;  91.0;eor
       2667;2025050104;    3;   9.1;  94.0;eor
       2667;2025050105;    3;   9.3;  93.0;eor
       2667;2025050106;    3;  11.9;  87.0;eor
       2667;2025050107;    3;  17.5;  65.0;eor
       2667;2025050108;    3;  19.5;  56.0;eor
       2667;2025050109;    3;  22.6;  49.0;eor
       2667;2025050110;    3;  24.5;  41.0;eor
       2667;2025050111;    3;  25.6;  33.0;eor
       2667;2025050112;    3;  26.4;  35.0;eor
       2667;2025050113;    3;  27.1;  27.0;eor
       2667;2025050114;    3;  27.3;  25.0;eor
       2667;2025050115;    3;  27.6;  28.0;eor
       2667;2025050116;    3;  27.4;  30.0;eor
       2667;2025050117;    3;  27.4;  29.0;eor
       2667;2025050118;    3;  25.3;  39.0;eor
       2667;2025050119;    3;  19.8;  51.0;eor
       2667;2025050120;    3;  20.2;  41.0;eor
       2667;2025050121;    3;  16.5;  59.0;eor
       2667;2025050122;    3;  17.3;  56.0;eor
       2667;2025050123;    3;  14.4;  71.0;eor
       2667;2025050200;    3;  12.3;  79.0;eor
       2667;2025050201;    3;  11.8;  82.0;eor
       2667;2025050202;    3;  10.4;  88.0;eor
       2667;2025050203;    3;  11.0;  86.0;eor
       2667;2025050204;    3;  10.4;  90.0;eor
       2667;2025050205;    3;  11.1;  87.0;eor
       2667;2025050206;    3;  16.2;  66.0;eor
       2667;2025050207;    3;  18.3;  63.0;eor
       2667;2025050208;    3;  21.1;  55.0;eor
       2667;2025050209;    3;  23.2;  50.0;eor
       2667;2025050210;    3;  26.2;  41.0;eor
       2667;2025050211;    3;  26.8;  33.0;eor
       2667;2025050212;    3;  27.6;  34.0;eor
       2667;2025050213;    3;  28.1;  36.0;eor
       2667;2025050214;    3;  27.5;  34.0;eor
       2667;2025050215;    3;  27.9;  35.0;eor
       2667;2025050216;    3;  27.3;  40.0;eor
       2667;2025050217;    3;  26.1;  40.0;eor
       2667;2025050218;    3;  24.7;  41.0;eor
       2667;2025050219;    3;  22.0;  47.0;eor
       2667;2025050220;    3;  20.0;  57.0;eor
       2667;2025050221;    3;  17.7;  67.0;eor
       2667;2025050222;    3;  16.9;  74.0;eor
       2667;2025050223;    3;  15.4;  82.0;eor
       2667;2025050300;    3;  15.2;  85.0;eor
       2667;2025050301;    3;  13.9;  90.0;eor
       2667;2025050302;    3;  13.4;  92.0;eor
       2667;2025050303;    3;  11.8;  94.0;eor
       2667;2025050304;    3;  12.1;  95.0;eor
       2667;2025050305;    3;  12.9;  95.0;eor
       2667;2025050306;    3;  14.3;  89.0;eor
       2667;2025050307;    3;  15.6;  85.0;eor
       2667;2025050308;    3;  17.1;  80.0;eor
       2667;2025050309;    3;  17.6;  78.0;eor
       2667;2025050310;    3;  18.6;  75.0;eor
       2667;2025050311;    3;  20.6;  65.0;eor
       2667;2025050312;    3;  20.9;  65.0;eor
       2667;2025050313;    3;  18.1;  76.0;eor
       2667;2025050314;    3;  16.1;  91.0;eor
       2667;2025050315;    3;  15.5;  94.0;eor
       2667;2025050316;    3;  14.6;  96.0;eor
       2667;2025050317;    3;  14.8;  89.0;eor
       2667;2025050318;    3;  14.7;  92.0;eor
       2667;2025050319;    3;  14.4;  91.0;eor
       2667;2025050320;    3;  12.7;  88.0;eor
       2667;2025050321;    3;  12.1;  92.0;eor
       2667;2025050322;    3;  10.6;  89.0;eor
       2667;2025050323;    3;  10.1;  85.0;eor
       2667;2025050400;    3;   9.1;  89.0;eor
       2667;2025050401;    3;   6.8;  91.0;eor
       2667;2025050402;    3;   6.1;  95.0;eor
       2667;2025050403;    3;   6.4;  88.0;eor
       2667;2025050404;    3;   6.5;  88.0;eor
       2667;2025050405;    3;   7.4;  87.0;eor
       2667;2025050406;    3;   8.4;  84.0;eor
       2667;2025050407;    3;   9.1;  81.0;eor
       2667;2025050408;    3;   9.8;  81.0;eor
       2667;2025050409;    3;  11.1;  73.0;eor
       2667;2025050410;    3;  10.8;  75.0;eor
       2667;2025050411;    3;  11.5;  71.0;eor
       2667;2025050412;    3;  10.4;  71.0;eor
       2667;2025050413;    3;  13.0;  58.0;eor
       2667;2025050414;    3;  12.4;  59.0;eor
       2667;2025050415;    3;  13.9;  51.0;eor
       2667;2025050416;    3;  13.0;  56.0;eor
       2667;2025050417;    3;  12.0;  61.0;eor
       2667;2025050418;    3;  11.7;  60.0;eor
       2667;2025050419;    3;  10.1;  69.0;eor
       2667;2025050420;    3;   8.6;  76.0;eor
       2667;2025050421;    3;   8.0;  82.0;eor
       2667;2025050422;    3;   7.3;  78.0;eor
       2667;2025050423;    3;   5.8;  84.0;eor
       2667;2025050500;    3;   5.1;  88.0;eor
       2667;2025050501;    3;   5.9;  86.0;eor
       2667;2025050502;    3;   5.1;  90.0;eor
       2667;2025050503;    3;   5.1;  85.0;eor
       2667;2025050504;    3;   4.6;  90.0;eor
       2667;2025050505;    3;   4.6;  88.0;eor
       2667;2025050506;    3;   6.4;  77.0;eor
       2667;2025050507;    3;   8.8;  67.0;eor
       2667;2025050508;    3;  11.0;  58.0;eor
       2667;2025050509;    3;  12.2;  50.0;eor
       2667;2025050510;    3;  12.4;  50.0;eor
       2667;2025050511;    3;  12.1;  52.0;eor
       2667;2025050512;    3;  12.9;  50.0;eor
       2667;2025050513;    3;  13.1;  45.0;eor
       2667;2025050514;    3;  13.9;  48.0;eor
       2667;2025050515;    3;  12.9;  51.0;eor
       2667;2025050516;    3;  13.3;  57.0;eor
       2667;2025050517;    3;  14.0;  52.0;eor
       2667;2025050518;    3;  12.9;  58.0;eor
       2667;2025050519;    3;  12.4;  58.0;eor
       2667;2025050520;    3;  11.4;  61.0;eor
       2667;2025050521;    3;  10.4;  67.0;eor
       2667;2025050522;    3;   9.5;  72.0;eor
       2667;2025050523;    3;   9.4;  74.0;eor
       2667;2025050600;    3;   8.9;  77.0;eor
       2667;2025050601;    3;   8.6;  76.0;eor
       2667;2025050602;    3;   7.2;  82.0;eor
       2667;2025050603;    3;   5.3;  92.0;eor
       2667;2025050604;    3;   5.0;  92.0;eor
       2667;2025050605;    3;   5.1;  91.0;eor
       2667;2025050606;    3;   6.2;  90.0;eor
       2667;2025050607;    3;  10.3;  69.0;eor
       2667;2025050608;    3;  11.8;  62.0;eor
       2667;2025050609;    3;  12.5;  51.0;eor
       2667;2025050610;    3;  12.7;  48.0;eor
       2667;2025050611;    3;  15.0;  47.0;eor
       2667;2025050612;    3;  13.6;  45.0;eor
       2667;2025050613;    3;  14.7;  43.0;eor
       2667;2025050614;    3;  15.3;  41.0;eor
       2667;2025050615;    3;  15.8;  41.0;eor
       2667;2025050616;    3;  16.1;  40.0;eor
       2667;2025050617;    3;  15.3;  47.0;eor
       2667;2025050618;    3;  13.5;  55.0;eor
       2667;2025050619;    3;  12.8;  59.0;eor
       2667;2025050620;    3;  12.7;  62.0;eor
       2667;2025050621;    3;  12.0;  67.0;eor
       2667;2025050622;    3;  11.8;  67.0;eor
       2667;2025050623;    3;  10.9;  69.0;eor
       2667;2025050700;    3;  10.4;  66.0;eor
       2667;2025050701;    3;   9.5;  68.0;eor
       2667;2025050702;    3;   7.4;  77.0;eor
       2667;2025050703;    3;   6.7;  83.0;eor
       2667;2025050704;    3;   5.6;  87.0;eor
       2667;2025050705;    3;   5.7;  87.0;eor
       2667;2025050706;    3;   7.5;  83.0;eor
       2667;2025050707;    3;   8.5;  79.0;eor
       2667;2025050708;    3;  10.3;  71.0;eor
       2667;2025050709;    3;  11.8;  67.0;eor
       2667;2025050710;    3;  14.4;  60.0;eor
       2667;2025050711;    3;  13.6;  59.0;eor
       2667;2025050712;    3;  14.9;  57.0;eor
       2667;2025050713;    3;  14.8;  57.0;eor
       2667;2025050714;    3;  16.2;  48.0;eor
       2667;2025050715;    3;  16.4;  42.0;eor
       2667;2025050716;    3;  15.6;  46.0;eor
       2667;2025050717;    3;  15.6;  46.0;eor
       2667;2025050718;    3;  14.8;  49.0;eor
       2667;2025050719;    3;  13.7;  53.0;eor
       2667;2025050720;    3;  11.6;  69.0;eor
       2667;2025050721;    3;  11.6;  67.0;eor
       2667;2025050722;    3;  11.2;  65.0;eor
       2667;2025050723;    3;  10.0;  67.0;eor
       2667;2025050800;    3;   9.2;  68.0;eor
       2667;2025050801;    3;   7.4;  77.0;eor
       2667;2025050802;    3;   6.8;  76.0;eor
       2667;2025050803;    3;   6.9;  71.0;eor
       2667;2025050804;    3;   5.7;  75.0;eor
       2667;2025050805;    3;   5.0;  79.0;eor
       2667;2025050806;    3;   9.2;  60.0;eor
       2667;2025050807;    3;  11.9;  47.0;eor
       2667;2025050808;    3;  13.9;  42.0;eor
       2667;2025050809;    3;  14.4;  36.0;eor
       2667;2025050810;    3;  14.8;  35.0;eor
       2667;2025050811;    3;  16.3;  35.0;eor
       2667;2025050812;    3;  15.8;  35.0;eor
       2667;2025050813;    3;  16.6;  35.0;eor
       2667;2025050814;    3;  16.9;  31.0;eor
       2667;2025050815;    3;  16.8;  32.0;eor
       2667;2025050816;    3;  16.5;  33.0;eor
       2667;2025050817;    3;  15.1;  37.0;eor
       2667;2025050818;    3;  14.4;  38.0;eor
       2667;2025050819;    3;  12.9;  41.0;eor
       2667;2025050820;    3;  10.1;  53.0;eor
       2667;2025050821;    3;   9.5;  54.0;eor
       2667;2025050822;    3;   6.5;  68.0;eor
       2667;2025050823;    3;   5.5;  72.0;eor
       2667;2025050900;    3;   5.2;  73.0;eor
       2667;2025050901;    3;   2.8;  84.0;eor
       2667;2025050902;    3;   2.7;  84.0;eor
       2667;2025050903;    3;   3.8;  79.0;eor
       2667;2025050904;    3;   3.0;  82.0;eor
       2667;2025050905;    3;   2.8;  85.0;eor
       2667;2025050906;    3;   7.8;  68.0;eor
       2667;2025050907;    3;  11.7;  46.0;eor
       2667;2025050908;    3;  14.6;  39.0;eor
       2667;2025050909;    3;  14.7;  35.0;eor
       2667;2025050910;    3;  15.9;  36.0;eor
       2667;2025050911;    3;  16.7;  34.0;eor
       2667;2025050912;    3;  17.6;  33.0;eor
       2667;2025050913;    3;  18.2;  33.0;eor
       2667;2025050914;    3;  19.9;  32.0;eor
       2667;2025050915;    3;  19.0;  29.0;eor
       2667;2025050916;    3;  19.4;  30.0;eor
       2667;2025050917;    3;  18.8;  30.0;eor
       2667;2025050918;    3;  17.8;  35.0;eor
       2667;2025050919;    3;  15.4;  42.0;eor
       2667;2025050920;    3;  12.5;  51.0;eor
       2667;2025050921;    3;  10.2;  61.0;eor
       2667;2025050922;    3;  10.5;  59.0;eor
       2667;2025050923;    3;   9.6;  60.0;eor
       2667;2025051000;    3;   9.5;  58.0;eor
       2667;2025051001;    3;   6.0;  76.0;eor
       2667;2025051002;    3;   4.4;  83.0;eor
       2667;2025051003;    3;   5.6;  76.0;eor
       2667;2025051004;    3;   4.0;  85.0;eor
       2667;2025051005;    3;   4.1;  84.0;eor
       2667;2025051006;    3;  10.3;  69.0;eor
       2667;2025051007;    3;  12.4;  53.0;eor
       2667;2025051008;    3;  14.8;  44.0;eor
       2667;2025051009;    3;  17.4;  37.0;eor
       2667;2025051010;    3;  17.8;  32.0;eor
       2667;2025051011;    3;  18.9;  32.0;eor
       2667;2025051012;    3;  19.9;  32.0;eor
       2667;2025051013;    3;  20.8;  28.0;eor
       2667;2025051014;    3;  21.4;  29.0;eor
       2667;2025051015;    3;  22.1;  27.0;eor
       2667;2025051016;    3;  21.5;  28.0;eor
       2667;2025051017;    3;  21.2;  31.0;eor
       2667;2025051018;    3;  20.4;  32.0;eor
       2667;2025051019;    3;  18.1;  37.0;eor
       2667;2025051020;    3;  15.2;  47.0;eor
       2667;2025051021;    3;  13.2;  53.0;eor
       2667;2025051022;    3;  13.2;  53.0;eor
       2667;2025051023;    3;  11.4;  61.0;eor
       2667;2025051100;    3;  11.1;  62.0;eor
       2667;2025051101;    3;  11.7;  59.0;eor
       2667;2025051102;    3;  11.8;  58.0;eor
       2667;2025051103;    3;   9.0;  69.0;eor
       2667;2025051104;    3;   5.1;  89.0;eor
       2667;2025051105;    3;   5.2;  88.0;eor
       2667;2025051106;    3;  11.1;  74.0;eor
       2667;2025051107;    3;  15.4;  56.0;eor
       2667;2025051108;    3;  17.5;  49.0;eor
       2667;2025051109;    3;  19.4;  45.0;eor
       2667;2025051110;    3;  21.4;  41.0;eor
       2667;2025051111;    3;  22.3;  35.0;eor
       2667;2025051112;    3;  22.9;  36.0;eor
       2667;2025051113;    3;  23.0;  35.0;eor
       2667;2025051114;    3;  23.6;  33.0;eor
       2667;2025051115;    3;  23.5;  33.0;eor
       2667;2025051116;    3;  23.6;  32.0;eor
       2667;2025051117;    3;  23.2;  33.0;eor
       2667;2025051118;    3;  22.3;  36.0;eor
       2667;2025051119;    3;  20.5;  40.0;eor
       2667;2025051120;    3;  16.0;  54.0;eor
       2667;2025051121;    3;  16.3;  54.0;eor
       2667;2025051122;    3;  16.5;  51.0;eor
       2667;2025051123;    3;  15.3;  53.0;eor
       2667;2025051200;    3;  14.5;  54.0;eor
       2667;2025051201;    3;  14.1;  55.0;eor
       2667;2025051202;    3;  12.7;  60.0;eor
       2667;2025051203;    3;  12.2;  62.0;eor
       2667;2025051204;    3;  12.1;  63.0;eor
       2667;2025051205;    3;  12.3;  63.0;eor
       2667;2025051206;    3;  14.3;  59.0;eor
       2667;2025051207;    3;  16.1;  51.0;eor
       2667;2025051208;    3;  17.8;  46.0;eor
       2667;2025051209;    3;  19.8;  42.0;eor
       2667;2025051210;    3;  21.4;  37.0;eor
       2667;2025051211;    3;  21.7;  35.0;eor
       2667;2025051212;    3;  22.0;  33.0;eor
       2667;2025051213;    3;  22.6;  33.0;eor
       2667;2025051214;    3;  22.9;  33.0;eor
       2667;2025051215;    3;  23.2;  30.0;eor
       2667;2025051216;    3;  23.4;  32.0;eor
       2667;2025051217;    3;  22.6;  31.0;eor
       2667;2025051218;    3;  21.3;  34.0;eor
       2667;2025051219;    3;  18.8;  36.0;eor
       2667;2025051220;    3;  17.1;  39.0;eor
       2667;2025051221;    3;  16.3;  39.0;eor
       2667;2025051222;    3;  14.5;  44.0;eor
       2667;2025051223;    3;  13.2;  46.0;eor
       2667;2025051300;    3;  11.9;  49.0;eor
       2667;2025051301;    3;   9.3;  61.0;eor
       2667;2025051302;    3;   8.3;  65.0;eor
       2667;2025051303;    3;   7.1;  72.0;eor
       2667;2025051304;    3;   6.4;  74.0;eor
       2667;2025051305;    3;   5.9;  79.0;eor
       2667;2025051306;    3;  11.9;  55.0;eor
       2667;2025051307;    3;  14.3;  48.0;eor
       2667;2025051308;    3;  16.0;  42.0;eor
       2667;2025051309;    3;  17.8;  41.0;eor
       2667;2025051310;    3;  19.7;  39.0;eor
       2667;2025051311;    3;  21.1;  35.0;eor
       2667;2025051312;    3;  22.1;  30.0;eor
       2667;2025051313;    3;  22.3;  30.0;eor
       2667;2025051314;    3;  22.9;  26.0;eor
       2667;2025051315;    3;  22.9;  29.0;eor
       2667;2025051316;    3;  23.4;  28.0;eor
       2667;2025051317;    3;  23.1;  29.0;eor
       2667;2025051318;    3;  22.1;  31.0;eor
       2667;2025051319;    3;  18.9;  43.0;eor
       2667;2025051320;    3;  14.8;  56.0;eor
       2667;2025051321;    3;  16.2;  45.0;eor
       2667;2025051322;    3;  14.8;  48.0;eor
       2667;2025051323;    3;  13.5;  52.0;eor
       2667;2025051400;    3;  10.1;  66.0;eor
       2667;2025051401;    3;   8.8;  71.0;eor
       2667;2025051402;    3;   7.2;  78.0;eor
       2667;2025051403;    3;   7.2;  80.0;eor
       2667;2025051404;    3;   8.3;  73.0;eor
       2667;2025051405;    3;   7.2;  83.0;eor
       2667;2025051406;    3;  12.5;  60.0;eor
       2667;2025051407;    3;  15.3;  54.0;eor
       2667;2025051408;    3;  17.2;  47.0;eor
       2667;2025051409;    3;  19.6;  41.0;eor
       2667;2025051410;    3;  20.5;  34.0;eor
       2667;2025051411;    3;  22.1;  37.0;eor
       2667;2025051412;    3;  22.7;  35.0;eor
       2667;2025051413;    3;  22.9;  32.0;eor
       2667;2025051414;    3;  23.5;  26.0;eor
       2667;2025051415;    3;  23.0;  29.0;eor
       2667;2025051416;    3;  23.0;  31.0;eor
       2667;2025051417;    3;  21.9;  32.0;eor
       2667;2025051418;    3;  20.6;  33.0;eor
       2667;2025051419;    3;  18.1;  44.0;eor
       2667;2025051420;    3;  15.6;  56.0;eor
       2667;2025051421;    3;  14.7;  54.0;eor
       2667;2025051422;    3;  13.7;  57.0;eor
       2667;2025051423;    3;  12.4;  63.0;eor
       2667;2025051500;    3;  11.7;  71.0;eor
       2667;2025051501;    3;  10.4;  77.0;eor
       2667;2025051502;    3;   9.9;  76.0;eor
       2667;2025051503;    3;   9.1;  79.0;eor
       2667;2025051504;    3;   9.4;  77.0;eor
       2667;2025051505;    3;   9.6;  77.0;eor
       2667;2025051506;    3;  10.0;  77.0;eor
       2667;2025051507;    3;  10.9;  71.0;eor
       2667;2025051508;    3;  12.3;  66.0;eor
       2667;2025051509;    3;  14.1;  59.0;eor
       2667;2025051510;    3;  16.1;  54.0;eor
       2667;2025051511;    3;  15.8;  53.0;eor
       2667;2025051512;    3;  17.3;  46.0;eor
       2667;2025051513;    3;  19.2;  33.0;eor
       2667;2025051514;    3;  18.8;  29.0;eor
       2667;2025051515;    3;  19.0;  31.0;eor
       2667;2025051516;    3;  18.3;  31.0;eor
       2667;2025051517;    3;  17.8;  32.0;eor
       2667;2025051518;    3;  17.4;  32.0;eor
       2667;2025051519;    3;  15.2;  38.0;eor
       2667;2025051520;    3;  11.3;  50.0;eor
       2667;2025051521;    3;  10.2;  55.0;eor
       2667;2025051522;    3;   8.9;  62.0;eor
       2667;2025051523;    3;   9.8;  58.0;eor
       2667;2025051600;    3;   9.8;  59.0;eor
       2667;2025051601;    3;  10.0;  62.0;eor
       2667;2025051602;    3;   6.9;  74.0;eor
       2667;2025051603;    3;   5.9;  80.0;eor
       2667;2025051604;    3;   4.4;  86.0;eor
       2667;2025051605;    3;   5.3;  85.0;eor
       2667;2025051606;    3;   8.9;  69.0;eor
       2667;2025051607;    3;  10.8;  63.0;eor
       2667;2025051608;    3;  12.4;  62.0;eor
       2667;2025051609;    3;  14.2;  55.0;eor
       2667;2025051610;    3;  15.2;  44.0;eor
       2667;2025051611;    3;  16.5;  45.0;eor
       2667;2025051612;    3;  17.7;  39.0;eor
       2667;2025051613;    3;  17.8;  39.0;eor
       2667;2025051614;    3;  19.3;  36.0;eor
       2667;2025051615;    3;  18.7;  32.0;eor
       2667;2025051616;    3;  19.3;  35.0;eor
       2667;2025051617;    3;  19.0;  37.0;eor
       2667;2025051618;    3;  17.6;  44.0;eor
       2667;2025051619;    3;  16.5;  49.0;eor
       2667;2025051620;    3;  15.1;  60.0;eor
       2667;2025051621;    3;  12.8;  67.0;eor
       2667;2025051622;    3;  11.7;  71.0;eor
       2667;2025051623;    3;  10.9;  74.0;eor
       2667;2025051700;    3;  10.9;  75.0;eor
       2667;2025051701;    3;  10.4;  77.0;eor
       2667;2025051702;    3;   9.8;  78.0;eor
       2667;2025051703;    3;  10.3;  78.0;eor
       2667;2025051704;    3;   9.3;  83.0;eor
       2667;2025051705;    3;   9.6;  81.0;eor
       2667;2025051706;    3;  10.5;  80.0;eor
       2667;2025051707;    3;  12.4;  73.0;eor
       2667;2025051708;    3;  13.0;  71.0;eor
       2667;2025051709;    3;  14.2;  66.0;eor
       2667;2025051710;    3;  14.4;  61.0;eor
       2667;2025051711;    3;  15.4;  57.0;eor
       2667;2025051712;    3;  17.4;  46.0;eor
       2667;2025051713;    3;  18.6;  44.0;eor
       2667;2025051714;    3;  18.1;  41.0;eor
       2667;2025051715;    3;  18.9;  37.0;eor
       2667;2025051716;    3;  17.9;  38.0;eor
       2667;2025051717;    3;  17.9;  42.0;eor
       2667;2025051718;    3;  17.0;  46.0;eor
       2667;2025051719;    3;  16.7;  49.0;eor
       2667;2025051720;    3;  14.3;  55.0;eor
       2667;2025051721;    3;  13.3;  60.0;eor
       2667;2025051722;    3;  11.6;  66.0;eor
       2667;2025051723;    3;  10.1;  76.0;eor
       2667;2025051800;    3;  10.1;  81.0;eor
       2667;2025051801;    3;   9.6;  84.0;eor
       2667;2025051802;    3;   9.9;  81.0;eor
       2667;2025051803;    3;   9.8;  76.0;eor
       2667;2025051804;    3;   9.8;  77.0;eor
       2667;2025051805;    3;  10.1;  77.0;eor
       2667;2025051806;    3;  10.4;  77.0;eor
       2667;2025051807;    3;  10.5;  79.0;eor
       2667;2025051808;    3;  10.8;  80.0;eor
       2667;2025051809;    3;  11.0;  81.0;eor
       2667;2025051810;    3;  11.3;  81.0;eor
       2667;2025051811;    3;  12.8;  72.0;eor
       2667;2025051812;    3;  14.2;  64.0;eor
       2667;2025051813;    3;  15.5;  57.0;eor
       2667;2025051814;    3;  15.6;  58.0;eor
       2667;2025051815;    3;  16.5;  55.0;eor
       2667;2025051816;    3;  17.4;  50.0;eor
       2667;2025051817;    3;  17.0;  52.0;eor
       2667;2025051818;    3;  16.3;  55.0;eor
       2667;2025051819;    3;  14.5;  66.0;eor
       2667;2025051820;    3;  13.2;  72.0;eor
       2667;2025051821;    3;  11.8;  79.0;eor
       2667;2025051822;    3;   9.8;  84.0;eor
       2667;2025051823;    3;   8.3;  90.0;eor
       2667;2025051900;    3;   7.1;  95.0;eor
       2667;2025051901;    3;   6.5;  94.0;eor
       2667;2025051902;    3;   5.3;  96.0;eor
       2667;2025051903;    3;   4.9;  96.0;eor
       2667;2025051904;    3;   4.6;  98.0;eor
       2667;2025051905;    3;   5.4;  95.0;eor
       2667;2025051906;    3;   9.7;  82.0;eor
       2667;2025051907;    3;  12.7;  70.0;eor
       2667;2025051908;    3;  15.7;  60.0;eor
       2667;2025051909;    3;  18.1;  50.0;eor
       2667;2025051910;    3;  18.8;  39.0;eor
       2667;2025051911;    3;  19.6;  39.0;eor
       2667;2025051912;    3;  19.9;  34.0;eor
       2667;2025051913;    3;  20.0;  33.0;eor
       2667;2025051914;    3;  21.4;  32.0;eor
       2667;2025051915;    3;  21.3;  32.0;eor
       2667;2025051916;    3;  22.4;  30.0;eor
       2667;2025051917;    3;  22.0;  31.0;eor
       2667;2025051918;    3;  19.9;  40.0;eor
       2667;2025051919;    3;  18.4;  47.0;eor
       2667;2025051920;    3;  15.4;  59.0;eor
       2667;2025051921;    3;  15.5;  57.0;eor
       2667;2025051922;    3;  14.7;  60.0;eor
       2667;2025051923;    3;  14.1;  63.0;eor
       2667;2025052000;    3;  11.1;  75.0;eor
       2667;2025052001;    3;   9.7;  81.0;eor
       2667;2025052002;    3;   9.0;  84.0;eor
       2667;2025052003;    3;   8.2;  87.0;eor
       2667;2025052004;    3;   7.1;  91.0;eor
       2667;2025052005;    3;   8.7;  87.0;eor
       2667;2025052006;    3;  12.6;  76.0;eor
       2667;2025052007;    3;  15.7;  63.0;eor
       2667;2025052008;    3;  18.5;  56.0;eor
       2667;2025052009;    3;  19.7;  47.0;eor
       2667;2025052010;    3;  21.2;  45.0;eor
       2667;2025052011;    3;  20.5;  48.0;eor
       2667;2025052012;    3;  21.5;  42.0;eor
       2667;2025052013;    3;  22.6;  42.0;eor
       2667;2025052014;    3;  22.0;  42.0;eor
       2667;2025052015;    3;  22.6;  41.0;eor
       2667;2025052016;    3;  22.1;  40.0;eor
       2667;2025052017;    3;  21.5;  44.0;eor
       2667;2025052018;    3;  20.4;  49.0;eor
       2667;2025052019;    3;  17.8;  60.0;eor
       2667;2025052020;    3;  14.4;  73.0;eor
       2667;2025052021;    3;  15.5;  67.0;eor
       2667;2025052022;    3;  13.9;  68.0;eor
       2667;2025052023;    3;  11.8;  74.0;eor
       2667;2025052100;    3;  11.2;  74.0;eor
       2667;2025052101;    3;   9.8;  79.0;eor
       2667;2025052102;    3;   8.7;  83.0;eor
       2667;2025052103;    3;   8.1;  85.0;eor
       2667;2025052104;    3;   7.1;  90.0;eor
       2667;2025052105;    3;   7.8;  89.0;eor
       2667;2025052106;    3;  12.0;  75.0;eor
       2667;2025052107;    3;  13.2;  70.0;eor
       2667;2025052108;    3;  16.0;  55.0;eor
       2667;2025052109;    3;  16.1;  49.0;eor
       2667;2025052110;    3;  16.8;  50.0;eor
       2667;2025052111;    3;  18.8;  42.0;eor
       2667;2025052112;    3;  18.5;  37.0;eor
       2667;2025052113;    3;  19.8;  33.0;eor
       2667;2025052114;    3;  19.8;  34.0;eor
       2667;2025052115;    3;  20.3;  35.0;eor
       2667;2025052116;    3;  19.3;  36.0;eor
       2667;2025052117;    3;  18.4;  39.0;eor
       2667;2025052118;    3;  17.6;  42.0;eor
       2667;2025052119;    3;  16.4;  48.0;eor
       2667;2025052120;    3;  15.9;  54.0;eor
       2667;2025052121;    3;  15.4;  57.0;eor
       2667;2025052122;    3;  14.0;  64.0;eor
       2667;2025052123;    3;  12.0;  67.0;eor
       2667;2025052200;    3;  10.4;  70.0;eor
       2667;2025052201;    3;   9.4;  74.0;eor
       2667;2025052202;    3;   9.4;  74.0;eor
       2667;2025052203;    3;   9.2;  76.0;eor
       2667;2025052204;    3;   9.3;  76.0;eor
       2667;2025052205;    3;   9.5;  75.0;eor
       2667;2025052206;    3;  10.1;  70.0;eor
       2667;2025052207;    3;  11.3;  66.0;eor
       2667;2025052208;    3;  11.0;  67.0;eor
       2667;2025052209;    3;  11.9;  63.0;eor
       2667;2025052210;    3;  10.9;  69.0;eor
       2667;2025052211;    3;  14.6;  50.0;eor
       2667;2025052212;    3;  14.0;  49.0;eor
       2667;2025052213;    3;  15.3;  35.0;eor
       2667;2025052214;    3;  15.2;  32.0;eor
       2667;2025052215;    3;  17.3;  28.0;eor
       2667;2025052216;    3;  14.8;  36.0;eor
       2667;2025052217;    3;  14.5;  37.0;eor
       2667;2025052218;    3;  14.4;  38.0;eor
       2667;2025052219;    3;  12.3;  44.0;eor
       2667;2025052220;    3;  10.8;  48.0;eor
       2667;2025052221;    3;   9.2;  56.0;eor
       2667;2025052222;    3;   7.5;  64.0;eor
       2667;2025052223;    3;   6.0;  72.0;eor
       2667;2025052300;    3;   4.7;  77.0;eor
       2667;2025052301;    3;   4.6;  80.0;eor
       2667;2025052302;    3;   5.8;  77.0;eor
       2667;2025052303;    3;   6.3;  75.0;eor
       2667;2025052304;    3;   4.1;  85.0;eor
       2667;2025052305;    3;   5.3;  84.0;eor
       2667;2025052306;    3;   7.9;  72.0;eor
       2667;2025052307;    3;   9.1;  68.0;eor
       2667;2025052308;    3;  11.2;  59.0;eor
       2667;2025052309;    3;  11.5;  56.0;eor
       2667;2025052310;    3;  12.5;  51.0;eor
       2667;2025052311;    3;  12.4;  51.0;eor
       2667;2025052312;    3;  13.9;  42.0;eor
       2667;2025052313;    3;  11.5;  60.0;eor
       2667;2025052314;    3;  14.1;  41.0;eor
       2667;2025052315;    3;  13.8;  45.0;eor
       2667;2025052316;    3;  14.4;  42.0;eor
       2667;2025052317;    3;  14.2;  43.0;eor
       2667;2025052318;    3;  13.8;  41.0;eor
       2667;2025052319;    3;  12.2;  45.0;eor
       2667;2025052320;    3;  10.0;  54.0;eor
       2667;2025052321;    3;   8.4;  60.0;eor
       2667;2025052322;    3;   7.5;  62.0;eor
       2667;2025052323;    3;   5.6;  73.0;eor
       2667;2025052400;    3;   4.7;  79.0;eor
       2667;2025052401;    3;   4.1;  82.0;eor
       2667;2025052402;    3;   4.6;  79.0;eor
       2667;2025052403;    3;   5.1;  77.0;eor
       2667;2025052404;    3;   4.8;  79.0;eor
       2667;2025052405;    3;   6.5;  72.0;eor
       2667;2025052406;    3;   8.6;  65.0;eor
       2667;2025052407;    3;  11.6;  56.0;eor
       2667;2025052408;    3;  13.6;  52.0;eor
       2667;2025052409;    3;  14.2;  45.0;eor
       2667;2025052410;    3;  14.1;  47.0;eor
       2667;2025052411;    3;  14.1;  52.0;eor
       2667;2025052412;    3;  15.0;  53.0;eor
       2667;2025052413;    3;  16.0;  52.0;eor
       2667;2025052414;    3;  13.7;  69.0;eor
       2667;2025052415;    3;  12.5;  80.0;eor
       2667;2025052416;    3;  11.2;  88.0;eor
       2667;2025052417;    3;  10.5;  93.0;eor
       2667;2025052418;    3;  10.3;  95.0;eor
       2667;2025052419;    3;  10.1;  98.0;eor
       2667;2025052420;    3;  10.2;  97.0;eor
       2667;2025052421;    3;  10.7;  95.0;eor
       2667;2025052422;    3;  11.1;  95.0;eor
       2667;2025052423;    3;  11.3;  97.0;eor
       2667;2025052500;    3;  11.8;  93.0;eor
       2667;2025052501;    3;  12.0;  94.0;eor
       2667;2025052502;    3;  12.1;  97.0;eor
       2667;2025052503;    3;  12.4;  96.0;eor
       2667;2025052504;    3;  12.6;  96.0;eor
       2667;2025052505;    3;  13.1;  96.0;eor
       2667;2025052506;    3;  13.5;  95.0;eor
       2667;2025052507;    3;  14.1;  92.0;eor
       2667;2025052508;    3;  15.0;  90.0;eor
       2667;2025052509;    3;  15.5;  87.0;eor
       2667;2025052510;    3;  16.2;  86.0;eor
       2667;2025052511;    3;  17.0;  76.0;eor
       2667;2025052512;    3;  17.0;  83.0;eor
       2667;2025052513;    3;  19.9;  75.0;eor
       2667;2025052514;    3;  20.2;  61.0;eor
       2667;2025052515;    3;  21.4;  55.0;eor
       2667;2025052516;    3;  20.0;  56.0;eor
       2667;2025052517;    3;  17.2;  79.0;eor
       2667;2025052518;    3;  18.4;  75.0;eor
       2667;2025052519;    3;  18.4;  58.0;eor
       2667;2025052520;    3;  17.0;  63.0;eor
       2667;2025052521;    3;  15.5;  73.0;eor
       2667;2025052522;    3;  15.0;  78.0;eor
       2667;2025052523;    3;  14.8;  65.0;eor
       2667;2025052600;    3;  14.3;  68.0;eor
       2667;2025052601;    3;  13.8;  70.0;eor
       2667;2025052602;    3;  12.3;  77.0;eor
       2667;2025052603;    3;  11.2;  82.0;eor
       2667;2025052604;    3;  11.2;  84.0;eor
       2667;2025052605;    3;  11.7;  79.0;eor
       2667;2025052606;    3;  13.1;  73.0;eor
       2667;2025052607;    3;  13.1;  73.0;eor
       2667;2025052608;    3;  14.8;  65.0;eor
       2667;2025052609;    3;  15.8;  58.0;eor
       2667;2025052610;    3;  17.6;  51.0;eor
       2667;2025052611;    3;  16.7;  53.0;eor
       2667;2025052612;    3;  17.0;  51.0;eor
       2667;2025052613;    3;  18.0;  49.0;eor
       2667;2025052614;    3;  17.5;  48.0;eor
       2667;2025052615;    3;  19.2;  48.0;eor
       2667;2025052616;    3;  18.0;  47.0;eor
       2667;2025052617;    3;  17.4;  49.0;eor
       2667;2025052618;    3;  17.3;  51.0;eor
       2667;2025052619;    3;  16.3;  57.0;eor
       2667;2025052620;    3;  15.1;  62.0;eor
       2667;2025052621;    3;  15.9;  57.0;eor
       2667;2025052622;    3;  15.0;  61.0;eor
       2667;2025052623;    3;  14.8;  62.0;eor
       2667;2025052700;    3;  14.2;  64.0;eor
       2667;2025052701;    3;  14.0;  66.0;eor
       2667;2025052702;    3;  13.4;  70.0;eor
       2667;2025052703;    3;  13.7;  69.0;eor
       2667;2025052704;    3;  12.9;  74.0;eor
       2667;2025052705;    3;  12.7;  80.0;eor
       2667;2025052706;    3;  13.1;  82.0;eor
       2667;2025052707;    3;  14.1;  76.0;eor
       2667;2025052708;    3;  15.5;  68.0;eor
       2667;2025052709;    3;  17.8;  62.0;eor
       2667;2025052710;    3;  17.1;  62.0;eor
       2667;2025052711;    3;  17.4;  57.0;eor
       2667;2025052712;    3;  17.8;  56.0;eor
       2667;2025052713;    3;  18.4;  57.0;eor
       2667;2025052714;    3;  18.4;  57.0;eor
       2667;2025052715;    3;  18.7;  58.0;eor
       2667;2025052716;    3;  17.0;  69.0;eor
       2667;2025052717;    3;  14.8;  89.0;eor
       2667;2025052718;    3;  14.6;  91.0;eor
       2667;2025052719;    3;  14.3;  94.0;eor
       2667;2025052720;    3;  14.4;  93.0;eor
       2667;2025052721;    3;  14.3;  95.0;eor
       2667;2025052722;    3;  14.4;  95.0;eor
       2667;2025052723;    3;  14.8;  92.0;eor
       2667;2025052800;    3;  15.3;  90.0;eor
       2667;2025052801;    3;  14.9;  95.0;eor
       2667;2025052802;    3;  14.6;  93.0;eor
       2667;2025052803;    3;  14.7;  90.0;eor
       2667;2025052804;    3;  14.2;  93.0;eor
       2667;2025052805;    3;  14.6;  90.0;eor
       2667;2025052806;    3;  14.2;  95.0;eor
       2667;2025052807;    3;  14.9;  91.0;eor
       2667;2025052808;    3;  15.6;  87.0;eor
       2667;2025052809;    3;  15.7;  89.0;eor
       2667;2025052810;    3;  16.3;  83.0;eor
       2667;2025052811;    3;  17.5;  78.0;eor
       2667;2025052812;    3;  19.7;  70.0;eor
       2667;2025052813;    3;  21.0;  54.0;eor
       2667;2025052814;    3;  19.7;  53.0;eor
       2667;2025052815;    3;  18.3;  59.0;eor
       2667;2025052816;    3;  19.3;  55.0;eor
       2667;2025052817;    3;  17.8;  61.0;eor
       2667;2025052818;    3;  17.0;  63.0;eor
       2667;2025052819;    3;  15.9;  68.0;eor
       2667;2025052820;    3;  14.7;  75.0;eor
       2667;2025052821;    3;  14.0;  79.0;eor
       2667;2025052822;    3;  13.1;  83.0;eor
       2667;2025052823;    3;  12.0;  87.0;eor
       2667;2025052900;    3;  10.3;  96.0;eor
       2667;2025052901;    3;   9.5;  98.0;eor
       2667;2025052902;    3;   8.8;  98.0;eor
       2667;2025052903;    3;   7.8;  99.0;eor
       2667;2025052904;    3;   7.8;  98.0;eor
       2667;2025052905;    3;   8.7;  98.0;eor
       2667;2025052906;    3;  11.3;  93.0;eor
       2667;2025052907;    3;  13.2;  86.0;eor
       2667;2025052908;    3;  15.1;  77.0;eor
       2667;2025052909;    3;  15.8;  76.0;eor
       2667;2025052910;    3;  16.5;  77.0;eor
       2667;2025052911;    3;  17.2;  77.0;eor
       2667;2025052912;    3;  17.4;  73.0;eor
       2667;2025052913;    3;  18.1;  68.0;eor
       2667;2025052914;    3;  18.8;  63.0;eor
       2667;2025052915;    3;  18.7;  60.0;eor
       2667;2025052916;    3;  19.0;  61.0;eor
       2667;2025052917;    3;  19.2;  63.0;eor
       2667;2025052918;    3;  18.7;  66.0;eor
       2667;2025052919;    3;  17.2;  79.0;eor
       2667;2025052920;    3;  17.3;  77.0;eor
       2667;2025052921;    3;  17.6;  74.0;eor
       2667;2025052922;    3;  17.0;  77.0;eor
       2667;2025052923;    3;  17.1;  76.0;eor
       2667;2025053000;    3;  17.2;  76.0;eor
       2667;2025053001;    3;  16.9;  78.0;eor
       2667;2025053002;    3;  15.3;  86.0;eor
       2667;2025053003;    3;  16.3;  82.0;eor
       2667;2025053004;    3;  14.7;  87.0;eor
       2667;2025053005;    3;  15.6;  84.0;eor
       2667;2025053006;    3;  17.6;  77.0;eor
       2667;2025053007;    3;  19.1;  73.0;eor
       2667;2025053008;    3;  20.4;  67.0;eor
       2667;2025053009;    3;  21.2;  63.0;eor
       2667;2025053010;    3;  22.3;  61.0;eor
       2667;2025053011;    3;  22.6;  58.0;eor
       2667;2025053012;    3;  23.5;  55.0;eor
       2667;2025053013;    3;  23.9;  54.0;eor
       2667;2025053014;    3;  24.6;  51.0;eor
       2667;2025053015;    3;  25.7;  53.0;eor
       2667;2025053016;    3;  25.6;  50.0;eor
       2667;2025053017;    3;  25.9;  51.0;eor
       2667;2025053018;    3;  24.5;  57.0;eor
       2667;2025053019;    3;  22.3;  65.0;eor
       2667;2025053020;    3;  20.2;  75.0;eor
       2667;2025053021;    3;  18.3;  82.0;eor
       2667;2025053022;    3;  16.5;  90.0;eor
       2667;2025053023;    3;  16.5;  88.0;eor
       2667;2025053100;    3;  15.6;  92.0;eor
       2667;2025053101;    3;  14.5;  96.0;eor
       2667;2025053102;    3;  14.2;  97.0;eor
       2667;2025053103;    3;  13.9;  96.0;eor
       2667;2025053104;    3;  14.2;  97.0;eor
       2667;2025053105;    3;  15.1;  96.0;eor
       2667;2025053106;    3;  17.7;  86.0;eor
       2667;2025053107;    3;  19.8;  76.0;eor
       2667;2025053108;    3;  22.2;  71.0;eor
       2667;2025053109;    3;  24.8;  63.0;eor
       2667;2025053110;    3;  -999;-999;eor
       2667;2025053111;    3;  -999;-999;eor
       2667;2025053112;    3;  -999;-999;eor
       2667;2025053113;    3;  -999;-999;eor
       2667;2025053114;    3;  18.3;  96.0;eor
       2667;2025053115;    3;  18.2;  94.0;eor
       2667;2025053116;    3;  17.9;  95.0;eor
       2667;2025053117;    3;  19.2;  81.0;eor
       2667;2025053118;    3;  18.2;  88.0;eor
       2667;2025053119;    3;  17.7;  90.0;eor
       2667;2025053120;    3;  18.0;  85.0;eor
       2667;2025053121;    3;  18.5;  81.0;eor
       2667;2025053122;    3;  17.3;  90.0;eor
       2667;2025053123;    3;  17.2;  88.0;eor
       2667;2025060100;    3;  17.2;  88.0;eor
       2667;2025060101;    3;  17.2;  92.0;eor
       2667;2025060102;    3;  17.4;  92.0;eor
       2667;2025060103;    3;  16.9;  95.0;eor
       2667;2025060104;    3;  17.0;  95.0;eor
       2667;2025060105;    3;  17.1;  95.0;eor
       2667;2025060106;    3;  17.7;  93.0;eor
       2667;2025060107;    3;  18.0;  93.0;eor
       2667;2025060108;    3;  18.5;  93.0;eor
       2667;2025060109;    3;  19.0;  87.0;eor
       2667;2025060110;    3;  18.4;  80.0;eor
       2667;2025060111;    3;  19.3;  73.0;eor
       2667;2025060112;    3;  20.4;  72.0;eor
       2667;2025060113;    3;  20.8;  66.0;eor
       2667;2025060114;    3;  21.4;  62.0;eor
       2667;2025060115;    3;  21.7;  57.0;eor
       2667;2025060116;    3;  21.4;  55.0;eor
       2667;2025060117;    3;  20.3;  60.0;eor
       2667;2025060118;    3;  20.1;  55.0;eor
       2667;2025060119;    3;  19.4;  56.0;eor
       2667;2025060120;    3;  17.9;  61.0;eor
       2667;2025060121;    3;  16.0;  71.0;eor
       2667;2025060122;    3;  15.2;  78.0;eor
       2667;2025060123;    3;  14.9;  81.0;eor
       2667;2025060200;    3;  14.7;  83.0;eor
       2667;2025060201;    3;  16.0;  76.0;eor
       2667;2025060202;    3;  15.6;  78.0;eor
       2667;2025060203;    3;  15.4;  78.0;eor
       2667;2025060204;    3;  14.7;  77.0;eor
       2667;2025060205;    3;  14.5;  71.0;eor
       2667;2025060206;    3;  15.4;  67.0;eor
       2667;2025060207;    3;  16.1;  62.0;eor
       2667;2025060208;    3;  16.5;  60.0;eor
       2667;2025060209;    3;  16.2;  61.0;eor
       2667;2025060210;    3;  17.4;  56.0;eor
       2667;2025060211;    3;  18.7;  53.0;eor
       2667;2025060212;    3;  20.3;  52.0;eor
       2667;2025060213;    3;  21.4;  44.0;eor
       2667;2025060214;    3;  21.0;  48.0;eor
       2667;2025060215;    3;  21.0;  44.0;eor
       2667;2025060216;    3;  19.6;  58.0;eor
       2667;2025060217;    3;  18.5;  56.0;eor
       2667;2025060218;    3;  18.5;  57.0;eor
       2667;2025060219;    3;  16.4;  65.0;eor
       2667;2025060220;    3;  14.6;  82.0;eor
       2667;2025060221;    3;  12.5;  85.0;eor
       2667;2025060222;    3;  11.7;  89.0;eor
       2667;2025060223;    3;  10.8;  89.0;eor
       2667;2025060300;    3;  10.7;  93.0;eor
       2667;2025060301;    3;   9.7;  96.0;eor
       2667;2025060302;    3;   9.3;  97.0;eor
       2667;2025060303;    3;   8.9;  95.0;eor
       2667;2025060304;    3;  10.0;  91.0;eor
       2667;2025060305;    3;  11.3;  87.0;eor
       2667;2025060306;    3;  13.9;  81.0;eor
       2667;2025060307;    3;  16.6;  72.0;eor
       2667;2025060308;    3;  18.7;  64.0;eor
       2667;2025060309;    3;  19.6;  56.0;eor
       2667;2025060310;    3;  21.0;  45.0;eor
       2667;2025060311;    3;  22.3;  44.0;eor
       2667;2025060312;    3;  22.8;  46.0;eor
       2667;2025060313;    3;  23.7;  42.0;eor
       2667;2025060314;    3;  23.2;  46.0;eor
       2667;2025060315;    3;  24.5;  42.0;eor
       2667;2025060316;    3;  24.1;  43.0;eor
       2667;2025060317;    3;  23.5;  45.0;eor
       2667;2025060318;    3;  23.2;  47.0;eor
       2667;2025060319;    3;  21.2;  56.0;eor
       2667;2025060320;    3;  18.2;  67.0;eor
       2667;2025060321;    3;  17.7;  71.0;eor
       2667;2025060322;    3;  16.2;  73.0;eor
       2667;2025060323;    3;  15.7;  76.0;eor
       2667;2025060400;    3;  16.2;  74.0;eor
       2667;2025060401;    3;  14.5;  79.0;eor
       2667;2025060402;    3;  14.2;  79.0;eor
       2667;2025060403;    3;  13.7;  81.0;eor
       2667;2025060404;    3;  14.1;  79.0;eor
       2667;2025060405;    3;  15.4;  77.0;eor
       2667;2025060406;    3;  16.5;  73.0;eor
       2667;2025060407;    3;  17.6;  72.0;eor
       2667;2025060408;    3;  18.5;  67.0;eor
       2667;2025060409;    3;  19.3;  61.0;eor
       2667;2025060410;    3;  20.4;  57.0;eor
       2667;2025060411;    3;  21.3;  55.0;eor
       2667;2025060412;    3;  22.0;  54.0;eor
       2667;2025060413;    3;  21.9;  50.0;eor
       2667;2025060414;    3;  22.2;  50.0;eor
       2667;2025060415;    3;  21.8;  53.0;eor
       2667;2025060416;    3;  18.2;  72.0;eor
       2667;2025060417;    3;  17.3;  76.0;eor
       2667;2025060418;    3;  17.0;  77.0;eor
       2667;2025060419;    3;  16.4;  85.0;eor
       2667;2025060420;    3;  16.1;  82.0;eor
       2667;2025060421;    3;  15.8;  80.0;eor
       2667;2025060422;    3;  13.8;  92.0;eor
       2667;2025060423;    3;  13.4;  95.0;eor
       2667;2025060500;    3;  13.4;  95.0;eor
       2667;2025060501;    3;  13.1;  96.0;eor
       2667;2025060502;    3;  13.0;  95.0;eor
       2667;2025060503;    3;  12.6;  95.0;eor
       2667;2025060504;    3;  13.0;  94.0;eor
       2667;2025060505;    3;  13.5;  93.0;eor
       2667;2025060506;    3;  13.8;  91.0;eor
       2667;2025060507;    3;  14.9;  89.0;eor
       2667;2025060508;    3;  16.1;  82.0;eor
       2667;2025060509;    3;  17.3;  69.0;eor
       2667;2025060510;    3;  18.5;  63.0;eor
       2667;2025060511;    3;  17.9;  63.0;eor
       2667;2025060512;    3;  18.4;  60.0;eor
       2667;2025060513;    3;  18.4;  63.0;eor
       2667;2025060514;    3;  18.1;  64.0;eor
       2667;2025060515;    3;  18.3;  61.0;eor
       2667;2025060516;    3;  16.4;  80.0;eor
       2667;2025060517;    3;  16.1;  86.0;eor
       2667;2025060518;    3;  16.6;  74.0;eor
       2667;2025060519;    3;  16.7;  71.0;eor
       2667;2025060520;    3;  16.4;  71.0;eor
       2667;2025060521;    3;  14.7;  84.0;eor
       2667;2025060522;    3;  14.1;  91.0;eor
       2667;2025060523;    3;  14.2;  91.0;eor
       2667;2025060600;    3;  14.0;  93.0;eor
       2667;2025060601;    3;  14.4;  90.0;eor
       2667;2025060602;    3;  14.6;  90.0;eor
       2667;2025060603;    3;  14.5;  93.0;eor
       2667;2025060604;    3;  14.1;  95.0;eor
       2667;2025060605;    3;  14.4;  91.0;eor
       2667;2025060606;    3;  14.3;  84.0;eor
       2667;2025060607;    3;  15.7;  79.0;eor
       2667;2025060608;    3;  16.0;  71.0;eor
       2667;2025060609;    3;  16.4;  67.0;eor
       2667;2025060610;    3;  18.2;  61.0;eor
       2667;2025060611;    3;  18.4;  59.0;eor
       2667;2025060612;    3;  19.6;  57.0;eor
       2667;2025060613;    3;  19.2;  58.0;eor
       2667;2025060614;    3;  18.6;  56.0;eor
       2667;2025060615;    3;  20.2;  51.0;eor
       2667;2025060616;    3;  20.5;  53.0;eor
       2667;2025060617;    3;  20.1;  54.0;eor
       2667;2025060618;    3;  18.7;  59.0;eor
       2667;2025060619;    3;  18.3;  63.0;eor
       2667;2025060620;    3;  16.0;  76.0;eor
       2667;2025060621;    3;  15.4;  77.0;eor
       2667;2025060622;    3;  16.2;  76.0;eor
       2667;2025060623;    3;  15.7;  78.0;eor
       2667;2025060700;    3;  14.4;  85.0;eor
       2667;2025060701;    3;  15.4;  78.0;eor
       2667;2025060702;    3;  14.3;  79.0;eor
       2667;2025060703;    3;  13.6;  86.0;eor
       2667;2025060704;    3;  13.7;  87.0;eor
       2667;2025060705;    3;  14.2;  88.0;eor
       2667;2025060706;    3;  15.3;  80.0;eor
       2667;2025060707;    3;  15.3;  78.0;eor
       2667;2025060708;    3;  15.3;  83.0;eor
       2667;2025060709;    3;  16.8;  74.0;eor
       2667;2025060710;    3;  17.2;  61.0;eor
       2667;2025060711;    3;  16.0;  71.0;eor
       2667;2025060712;    3;  18.2;  57.0;eor
       2667;2025060713;    3;  18.1;  63.0;eor
       2667;2025060714;    3;  18.8;  58.0;eor
       2667;2025060715;    3;  15.3;  83.0;eor
       2667;2025060716;    3;  16.6;  76.0;eor
       2667;2025060717;    3;  16.4;  76.0;eor
       2667;2025060718;    3;  16.1;  78.0;eor
       2667;2025060719;    3;  15.2;  85.0;eor
       2667;2025060720;    3;  13.9;  91.0;eor
       2667;2025060721;    3;  13.6;  93.0;eor
       2667;2025060722;    3;  11.7;  94.0;eor
       2667;2025060723;    3;  13.3;  88.0;eor
       2667;2025060800;    3;  14.6;  85.0;eor
       2667;2025060801;    3;  14.1;  91.0;eor
       2667;2025060802;    3;  14.0;  88.0;eor
       2667;2025060803;    3;  13.0;  91.0;eor
       2667;2025060804;    3;  13.0;  91.0;eor
       2667;2025060805;    3;  12.8;  81.0;eor
       2667;2025060806;    3;  12.8;  79.0;eor
       2667;2025060807;    3;  13.1;  78.0;eor
       2667;2025060808;    3;  13.7;  74.0;eor
       2667;2025060809;    3;  12.2;  82.0;eor
       2667;2025060810;    3;  14.3;  72.0;eor
       2667;2025060811;    3;  14.9;  64.0;eor
       2667;2025060812;    3;  15.8;  68.0;eor
       2667;2025060813;    3;  16.2;  62.0;eor
       2667;2025060814;    3;  10.5;  82.0;eor
       2667;2025060815;    3;  15.0;  59.0;eor
       2667;2025060816;    3;  15.9;  48.0;eor
       2667;2025060817;    3;  15.1;  47.0;eor
       2667;2025060818;    3;  14.5;  49.0;eor
       2667;2025060819;    3;  12.4;  65.0;eor
       2667;2025060820;    3;  11.5;  65.0;eor
       2667;2025060821;    3;  10.5;  68.0;eor
       2667;2025060822;    3;   8.3;  83.0;eor
       2667;2025060823;    3;   8.0;  83.0;eor
       2667;2025060900;    3;   9.0;  79.0;eor
       2667;2025060901;    3;   7.9;  83.0;eor
       2667;2025060902;    3;   7.2;  86.0;eor
       2667;2025060903;    3;   7.4;  86.0;eor
       2667;2025060904;    3;   7.6;  86.0;eor
       2667;2025060905;    3;   8.1;  86.0;eor
       2667;2025060906;    3;  10.1;  80.0;eor
       2667;2025060907;    3;  12.2;  71.0;eor
       2667;2025060908;    3;  13.9;  67.0;eor
       2667;2025060909;    3;  15.7;  63.0;eor
       2667;2025060910;    3;  16.5;  61.0;eor
       2667;2025060911;    3;  16.9;  62.0;eor
       2667;2025060912;    3;  16.8;  58.0;eor
       2667;2025060913;    3;  17.9;  49.0;eor
       2667;2025060914;    3;  18.5;  49.0;eor
       2667;2025060915;    3;  19.1;  47.0;eor
       2667;2025060916;    3;  19.8;  47.0;eor
       2667;2025060917;    3;  18.9;  45.0;eor
       2667;2025060918;    3;  18.0;  61.0;eor
       2667;2025060919;    3;  16.0;  70.0;eor
       2667;2025060920;    3;  13.8;  80.0;eor
       2667;2025060921;    3;  12.2;  85.0;eor
       2667;2025060922;    3;  10.5;  91.0;eor
       2667;2025060923;    3;   9.9;  95.0;eor
       2667;2025061000;    3;   9.9;  94.0;eor
       2667;2025061001;    3;  10.8;  90.0;eor
       2667;2025061002;    3;  10.6;  88.0;eor
       2667;2025061003;    3;  11.7;  83.0;eor
       2667;2025061004;    3;  11.5;  84.0;eor
       2667;2025061005;    3;  12.7;  81.0;eor
       2667;2025061006;    3;  13.8;  75.0;eor
       2667;2025061007;    3;  15.2;  71.0;eor
       2667;2025061008;    3;  16.5;  67.0;eor
       2667;2025061009;    3;  17.4;  67.0;eor
       2667;2025061010;    3;  18.9;  62.0;eor
       2667;2025061011;    3;  19.5;  62.0;eor
       2667;2025061012;    3;  20.3;  56.0;eor
       2667;2025061013;    3;  21.0;  57.0;eor
       2667;2025061014;    3;  21.0;  57.0;eor
       2667;2025061015;    3;  20.3;  61.0;eor
       2667;2025061016;    3;  19.4;  65.0;eor
       2667;2025061017;    3;  18.7;  67.0;eor
       2667;2025061018;    3;  18.3;  68.0;eor
       2667;2025061019;    3;  17.7;  72.0;eor
       2667;2025061020;    3;  16.4;  67.0;eor
       2667;2025061021;    3;  14.7;  77.0;eor
       2667;2025061022;    3;  13.4;  82.0;eor
       2667;2025061023;    3;  12.3;  85.0;eor
       2667;2025061100;    3;  10.8;  89.0;eor
       2667;2025061101;    3;  10.7;  89.0;eor
       2667;2025061102;    3;   9.4;  95.0;eor
       2667;2025061103;    3;   9.7;  94.0;eor
       2667;2025061104;    3;   9.0;  96.0;eor
       2667;2025061105;    3;  10.7;  91.0;eor
       2667;2025061106;    3;  12.1;  88.0;eor
       2667;2025061107;    3;  12.8;  81.0;eor
       2667;2025061108;    3;  13.4;  71.0;eor
       2667;2025061109;    3;  15.2;  66.0;eor
       2667;2025061110;    3;  16.1;  60.0;eor
       2667;2025061111;    3;  -999;-999;eor
       2667;2025061112;    3;  -999;-999;eor
       2667;2025061113;    3;  -999;-999;eor
       2667;2025061114;    3;  -999;-999;eor
       2667;2025061115;    3;  -999;-999;eor
       2667;2025061116;    3;  -999;-999;eor
       2667;2025061117;    3;  -999;-999;eor
       2667;2025061118;    3;  -999;-999;eor
       2667;2025061119;    3;  -999;-999;eor
       2667;2025061120;    3;  -999;-999;eor
       2667;2025061121;    3;  16.1;  70.0;eor
       2667;2025061122;    3;  15.3;  73.0;eor
       2667;2025061123;    3;  15.2;  72.0;eor
       2667;2025061200;    3;  14.4;  72.0;eor
       2667;2025061201;    3;  13.0;  77.0;eor
       2667;2025061202;    3;  13.6;  73.0;eor
       2667;2025061203;    3;  12.8;  76.0;eor
       2667;2025061204;    3;  13.3;  72.0;eor
       2667;2025061205;    3;  14.1;  70.0;eor
       2667;2025061206;    3;  15.9;  66.0;eor
       2667;2025061207;    3;  17.9;  59.0;eor
       2667;2025061208;    3;  19.8;  55.0;eor
       2667;2025061209;    3;  -999;-999;eor
       2667;2025061210;    3;  -999;-999;eor
       2667;2025061211;    3;  -999;-999;eor
       2667;2025061212;    3;  25.2;  42.0;eor
       2667;2025061213;    3;  25.7;  38.0;eor
       2667;2025061214;    3;  26.4;  35.0;eor
       2667;2025061215;    3;  27.1;  37.0;eor
       2667;2025061216;    3;  26.9;  37.0;eor
       2667;2025061217;    3;  26.6;  37.0;eor
       2667;2025061218;    3;  25.9;  40.0;eor
       2667;2025061219;    3;  24.3;  45.0;eor
       2667;2025061220;    3;  22.6;  49.0;eor
       2667;2025061221;    3;  22.0;  50.0;eor
       2667;2025061222;    3;  20.8;  53.0;eor
       2667;2025061223;    3;  19.7;  57.0;eor
       2667;2025061300;    3;  19.2;  58.0;eor
       2667;2025061301;    3;  19.2;  56.0;eor
       2667;2025061302;    3;  19.2;  56.0;eor
       2667;2025061303;    3;  18.9;  57.0;eor
       2667;2025061304;    3;  18.1;  59.0;eor
       2667;2025061305;    3;  18.7;  59.0;eor
       2667;2025061306;    3;  20.3;  57.0;eor
       2667;2025061307;    3;  21.9;  52.0;eor
       2667;2025061308;    3;  23.9;  50.0;eor
       2667;2025061309;    3;  25.4;  49.0;eor
       2667;2025061310;    3;  27.3;  46.0;eor
       2667;2025061311;    3;  28.4;  41.0;eor
       2667;2025061312;    3;  29.7;  38.0;eor
       2667;2025061313;    3;  30.4;  37.0;eor
       2667;2025061314;    3;  30.6;  38.0;eor
       2667;2025061315;    3;  30.6;  41.0;eor
       2667;2025061316;    3;  30.6;  42.0;eor
       2667;2025061317;    3;  30.3;  41.0;eor
       2667;2025061318;    3;  29.3;  43.0;eor
       2667;2025061319;    3;  27.6;  48.0;eor
       2667;2025061320;    3;  25.5;  51.0;eor
       2667;2025061321;    3;  24.6;  52.0;eor
       2667;2025061322;    3;  24.1;  52.0;eor
       2667;2025061323;    3;  20.7;  66.0;eor
       2667;2025061400;    3;  22.0;  57.0;eor
       2667;2025061401;    3;  22.6;  53.0;eor
       2667;2025061402;    3;  21.5;  55.0;eor
       2667;2025061403;    3;  21.4;  54.0;eor
       2667;2025061404;    3;  22.0;  52.0;eor
       2667;2025061405;    3;  21.1;  57.0;eor
       2667;2025061406;    3;  23.0;  55.0;eor
       2667;2025061407;    3;  24.4;  54.0;eor
       2667;2025061408;    3;  25.8;  51.0;eor
       2667;2025061409;    3;  27.1;  49.0;eor
       2667;2025061410;    3;  28.6;  45.0;eor
       2667;2025061411;    3;  29.6;  42.0;eor
       2667;2025061412;    3;  31.5;  42.0;eor
       2667;2025061413;    3;  28.6;  55.0;eor
       2667;2025061414;    3;  26.7;  63.0;eor
       2667;2025061415;    3;  22.4;  81.0;eor
       2667;2025061416;    3;  22.9;  84.0;eor
       2667;2025061417;    3;  24.3;  73.0;eor
       2667;2025061418;    3;  24.0;  79.0;eor
       2667;2025061419;    3;  22.1;  88.0;eor
       2667;2025061420;    3;  20.5;  93.0;eor
       2667;2025061421;    3;  19.4;  96.0;eor
       2667;2025061422;    3;  18.7;  96.0;eor
       2667;2025061423;    3;  19.0;  97.0;eor
       2667;2025061500;    3;  18.3;  97.0;eor
       2667;2025061501;    3;  18.5;  96.0;eor
       2667;2025061502;    3;  17.8;  82.0;eor
       2667;2025061503;    3;  17.3;  76.0;eor
       2667;2025061504;    3;  17.3;  73.0;eor
       2667;2025061505;    3;  14.1;  96.0;eor
       2667;2025061506;    3;  14.2;  94.0;eor
       2667;2025061507;    3;  15.4;  94.0;eor
       2667;2025061508;    3;  16.3;  87.0;eor
       2667;2025061509;    3;  17.8;  81.0;eor
       2667;2025061510;    3;  19.2;  69.0;eor
       2667;2025061511;    3;  19.2;  63.0;eor
       2667;2025061512;    3;  20.2;  61.0;eor
       2667;2025061513;    3;  20.3;  55.0;eor
       2667;2025061514;    3;  20.7;  55.0;eor
       2667;2025061515;    3;  20.8;  55.0;eor
       2667;2025061516;    3;  21.6;  53.0;eor
       2667;2025061517;    3;  21.0;  58.0;eor
       2667;2025061518;    3;  20.8;  57.0;eor
       2667;2025061519;    3;  19.7;  58.0;eor
       2667;2025061520;    3;  18.5;  62.0;eor
       2667;2025061521;    3;  17.5;  64.0;eor
       2667;2025061522;    3;  16.8;  64.0;eor
       2667;2025061523;    3;  15.9;  68.0;eor
       2667;2025061600;    3;  14.8;  74.0;eor
       2667;2025061601;    3;  13.7;  81.0;eor
       2667;2025061602;    3;  12.2;  90.0;eor
       2667;2025061603;    3;  11.2;  94.0;eor
       2667;2025061604;    3;  11.1;  96.0;eor
       2667;2025061605;    3;  12.7;  92.0;eor
       2667;2025061606;    3;  15.0;  82.0;eor
       2667;2025061607;    3;  17.5;  71.0;eor
       2667;2025061608;    3;  18.7;  68.0;eor
       2667;2025061609;    3;  19.8;  63.0;eor
       2667;2025061610;    3;  20.7;  56.0;eor
       2667;2025061611;    3;  21.3;  54.0;eor
       2667;2025061612;    3;  21.9;  53.0;eor
       2667;2025061613;    3;  22.3;  52.0;eor
       2667;2025061614;    3;  23.1;  52.0;eor
       2667;2025061615;    3;  22.2;  52.0;eor
       2667;2025061616;    3;  22.0;  55.0;eor
       2667;2025061617;    3;  23.1;  49.0;eor
       2667;2025061618;    3;  21.7;  64.0;eor
       2667;2025061619;    3;  20.6;  70.0;eor
       2667;2025061620;    3;  17.6;  77.0;eor
       2667;2025061621;    3;  16.4;  85.0;eor
       2667;2025061622;    3;  15.4;  89.0;eor
       2667;2025061623;    3;  14.0;  94.0;eor
       2667;2025061700;    3;  13.2;  96.0;eor
       2667;2025061701;    3;  12.9;  97.0;eor
       2667;2025061702;    3;  11.5;  96.0;eor
       2667;2025061703;    3;  11.4;  98.0;eor
       2667;2025061704;    3;  11.8;  96.0;eor
       2667;2025061705;    3;  13.0;  93.0;eor
       2667;2025061706;    3;  15.8;  85.0;eor
       2667;2025061707;    3;  18.2;  76.0;eor
       2667;2025061708;    3;  20.6;  69.0;eor
       2667;2025061709;    3;  22.4;  59.0;eor
       2667;2025061710;    3;  23.4;  53.0;eor
       2667;2025061711;    3;  24.4;  37.0;eor
       2667;2025061712;    3;  24.8;  40.0;eor
       2667;2025061713;    3;  25.3;  38.0;eor
       2667;2025061714;    3;  25.9;  36.0;eor
       2667;2025061715;    3;  26.4;  38.0;eor
       2667;2025061716;    3;  26.5;  38.0;eor
       2667;2025061717;    3;  26.7;  35.0;eor
       2667;2025061718;    3;  26.8;  38.0;eor
       2667;2025061719;    3;  23.7;  49.0;eor
       2667;2025061720;    3;  21.2;  62.0;eor
       2667;2025061721;    3;  19.1;  72.0;eor
       2667;2025061722;    3;  18.2;  72.0;eor
       2667;2025061723;    3;  17.2;  77.0;eor
       2667;2025061800;    3;  14.9;  86.0;eor
       2667;2025061801;    3;  14.5;  91.0;eor
       2667;2025061802;    3;  13.4;  94.0;eor
       2667;2025061803;    3;  12.7;  96.0;eor
       2667;2025061804;    3;  13.0;  93.0;eor
       2667;2025061805;    3;  13.2;  93.0;eor
       2667;2025061806;    3;  16.9;  85.0;eor
       2667;2025061807;    3;  18.7;  75.0;eor
       2667;2025061808;    3;  20.0;  67.0;eor
       2667;2025061809;    3;  22.2;  64.0;eor
       2667;2025061810;    3;  23.1;  56.0;eor
       2667;2025061811;    3;  24.5;  56.0;eor
       2667;2025061812;    3;  25.3;  47.0;eor
       2667;2025061813;    3;  25.8;  40.0;eor
       2667;2025061814;    3;  26.5;  35.0;eor
       2667;2025061815;    3;  26.9;  34.0;eor
       2667;2025061816;    3;  26.7;  34.0;eor
       2667;2025061817;    3;  26.5;  35.0;eor
       2667;2025061818;    3;  25.7;  43.0;eor
       2667;2025061819;    3;  24.1;  51.0;eor
       2667;2025061820;    3;  21.2;  62.0;eor
       2667;2025061821;    3;  20.2;  66.0;eor
       2667;2025061822;    3;  19.3;  70.0;eor
       2667;2025061823;    3;  18.1;  78.0;eor
       2667;2025061900;    3;  16.2;  86.0;eor
       2667;2025061901;    3;  16.5;  83.0;eor
       2667;2025061902;    3;  15.3;  88.0;eor
       2667;2025061903;    3;  14.4;  90.0;eor
       2667;2025061904;    3;  13.5;  92.0;eor
       2667;2025061905;    3;  14.5;  85.0;eor
       2667;2025061906;    3;  17.3;  72.0;eor
       2667;2025061907;    3;  19.7;  59.0;eor
       2667;2025061908;    3;  20.9;  56.0;eor
       2667;2025061909;    3;  21.6;  52.0;eor
       2667;2025061910;    3;  22.3;  48.0;eor
       2667;2025061911;    3;  23.4;  49.0;eor
       2667;2025061912;    3;  23.9;  46.0;eor
       2667;2025061913;    3;  24.4;  45.0;eor
       2667;2025061914;    3;  24.3;  45.0;eor
       2667;2025061915;    3;  24.7;  43.0;eor
       2667;2025061916;    3;  24.4;  42.0;eor
       2667;2025061917;    3;  23.9;  46.0;eor
       2667;2025061918;    3;  22.8;  48.0;eor
       2667;2025061919;    3;  21.5;  51.0;eor
       2667;2025061920;    3;  18.9;  61.0;eor
       2667;2025061921;    3;  16.2;  74.0;eor
       2667;2025061922;    3;  14.8;  78.0;eor
       2667;2025061923;    3;  13.6;  84.0;eor
       2667;2025062000;    3;  12.2;  89.0;eor
       2667;2025062001;    3;  14.1;  76.0;eor
       2667;2025062002;    3;  13.2;  80.0;eor
       2667;2025062003;    3;  12.9;  80.0;eor
       2667;2025062004;    3;  12.6;  78.0;eor
       2667;2025062005;    3;  14.5;  68.0;eor
       2667;2025062006;    3;  15.6;  65.0;eor
       2667;2025062007;    3;  17.9;  57.0;eor
       2667;2025062008;    3;  19.8;  51.0;eor
       2667;2025062009;    3;  20.9;  44.0;eor
       2667;2025062010;    3;  21.6;  38.0;eor
       2667;2025062011;    3;  23.2;  36.0;eor
       2667;2025062012;    3;  24.1;  35.0;eor
       2667;2025062013;    3;  24.7;  34.0;eor
       2667;2025062014;    3;  25.5;  32.0;eor
       2667;2025062015;    3;  26.2;  32.0;eor
       2667;2025062016;    3;  26.8;  33.0;eor
       2667;2025062017;    3;  25.8;  34.0;eor
       2667;2025062018;    3;  24.8;  38.0;eor
       2667;2025062019;    3;  22.3;  43.0;eor
       2667;2025062020;    3;  20.6;  46.0;eor
       2667;2025062021;    3;  18.7;  53.0;eor
       2667;2025062022;    3;  18.0;  56.0;eor
       2667;2025062023;    3;  17.0;  57.0;eor
       2667;2025062100;    3;  15.3;  64.0;eor
       2667;2025062101;    3;  12.8;  76.0;eor
       2667;2025062102;    3;  12.2;  77.0;eor
       2667;2025062103;    3;  11.2;  83.0;eor
       2667;2025062104;    3;  10.3;  87.0;eor
       2667;2025062105;    3;  12.3;  87.0;eor
       2667;2025062106;    3;  16.0;  70.0;eor
       2667;2025062107;    3;  19.5;  56.0;eor
       2667;2025062108;    3;  21.4;  47.0;eor
       2667;2025062109;    3;  23.4;  46.0;eor
       2667;2025062110;    3;  25.7;  41.0;eor
       2667;2025062111;    3;  27.3;  33.0;eor
       2667;2025062112;    3;  28.0;  32.0;eor
       2667;2025062113;    3;  29.0;  30.0;eor
       2667;2025062114;    3;  29.1;  30.0;eor
       2667;2025062115;    3;  29.2;  29.0;eor
       2667;2025062116;    3;  29.5;  29.0;eor
       2667;2025062117;    3;  29.5;  30.0;eor
       2667;2025062118;    3;  28.6;  32.0;eor
       2667;2025062119;    3;  26.2;  41.0;eor
       2667;2025062120;    3;  24.2;  45.0;eor
       2667;2025062121;    3;  22.0;  48.0;eor
       2667;2025062122;    3;  20.9;  50.0;eor
       2667;2025062123;    3;  19.8;  53.0;eor
       2667;2025062200;    3;  19.6;  54.0;eor
       2667;2025062201;    3;  19.6;  53.0;eor
       2667;2025062202;    3;  18.9;  55.0;eor
       2667;2025062203;    3;  18.5;  56.0;eor
       2667;2025062204;    3;  16.9;  62.0;eor
       2667;2025062205;    3;  16.3;  69.0;eor
       2667;2025062206;    3;  19.9;  59.0;eor
       2667;2025062207;    3;  22.7;  49.0;eor
       2667;2025062208;    3;  24.7;  47.0;eor
       2667;2025062209;    3;  27.7;  41.0;eor
       2667;2025062210;    3;  30.4;  35.0;eor
       2667;2025062211;    3;  31.7;  35.0;eor
       2667;2025062212;    3;  32.9;  33.0;eor
       2667;2025062213;    3;  33.7;  30.0;eor
       2667;2025062214;    3;  34.7;  29.0;eor
       2667;2025062215;    3;  34.0;  32.0;eor
       2667;2025062216;    3;  32.5;  37.0;eor
       2667;2025062217;    3;  29.6;  47.0;eor
       2667;2025062218;    3;  28.8;  51.0;eor
       2667;2025062219;    3;  26.5;  62.0;eor
       2667;2025062220;    3;  25.6;  56.0;eor
       2667;2025062221;    3;  24.5;  51.0;eor
       2667;2025062222;    3;  22.6;  56.0;eor
       2667;2025062223;    3;  21.6;  58.0;eor
       2667;2025062300;    3;  20.4;  56.0;eor
       2667;2025062301;    3;  18.9;  61.0;eor
       2667;2025062302;    3;  17.3;  68.0;eor
       2667;2025062303;    3;  17.7;  69.0;eor
       2667;2025062304;    3;  17.7;  70.0;eor
       2667;2025062305;    3;  19.1;  65.0;eor
       2667;2025062306;    3;  19.3;  65.0;eor
       2667;2025062307;    3;  19.9;  65.0;eor
       2667;2025062308;    3;  20.4;  65.0;eor
       2667;2025062309;    3;  21.2;  57.0;eor
       2667;2025062310;    3;  21.2;  61.0;eor
       2667;2025062311;    3;  17.7;  85.0;eor
       2667;2025062312;    3;  21.7;  61.0;eor
       2667;2025062313;    3;  22.7;  46.0;eor
       2667;2025062314;    3;  22.9;  46.0;eor
       2667;2025062315;    3;  23.8;  40.0;eor
       2667;2025062316;    3;  21.4;  53.0;eor
       2667;2025062317;    3;  20.6;  52.0;eor
       2667;2025062318;    3;  19.8;  50.0;eor
       2667;2025062319;    3;  19.1;  48.0;eor
       2667;2025062320;    3;  16.8;  53.0;eor
       2667;2025062321;    3;  16.1;  54.0;eor
       2667;2025062322;    3;  14.0;  65.0;eor
       2667;2025062323;    3;  13.5;  67.0;eor
       2667;2025062400;    3;  13.6;  68.0;eor
       2667;2025062401;    3;  12.2;  73.0;eor
       2667;2025062402;    3;  13.2;  71.0;eor
       2667;2025062403;    3;  11.8;  77.0;eor
       2667;2025062404;    3;  11.3;  80.0;eor
       2667;2025062405;    3;  12.2;  77.0;eor
       2667;2025062406;    3;  15.3;  65.0;eor
       2667;2025062407;    3;  16.8;  61.0;eor
       2667;2025062408;    3;  19.4;  55.0;eor
       2667;2025062409;    3;  20.0;  52.0;eor
       2667;2025062410;    3;  21.9;  45.0;eor
       2667;2025062411;    3;  22.8;  43.0;eor
       2667;2025062412;    3;  23.2;  41.0;eor
       2667;2025062413;    3;  23.1;  44.0;eor
       2667;2025062414;    3;  21.1;  57.0;eor
       2667;2025062415;    3;  20.1;  64.0;eor
       2667;2025062416;    3;  21.0;  62.0;eor
       2667;2025062417;    3;  22.3;  61.0;eor
       2667;2025062418;    3;  22.5;  60.0;eor
       2667;2025062419;    3;  23.5;  58.0;eor
       2667;2025062420;    3;  22.9;  62.0;eor
       2667;2025062421;    3;  22.7;  63.0;eor
       2667;2025062422;    3;  22.3;  65.0;eor
       2667;2025062423;    3;  22.6;  63.0;eor
       2667;2025062500;    3;  22.5;  64.0;eor
       2667;2025062501;    3;  22.0;  67.0;eor
       2667;2025062502;    3;  21.5;  69.0;eor
       2667;2025062503;    3;  21.3;  70.0;eor
       2667;2025062504;    3;  19.8;  76.0;eor
       2667;2025062505;    3;  20.3;  75.0;eor
       2667;2025062506;    3;  21.3;  69.0;eor
       2667;2025062507;    3;  22.7;  66.0;eor
       2667;2025062508;    3;  23.2;  61.0;eor
       2667;2025062509;    3;  25.3;  55.0;eor
       2667;2025062510;    3;  26.7;  52.0;eor
       2667;2025062511;    3;  28.2;  45.0;eor
       2667;2025062512;    3;  29.5;  38.0;eor
       2667;2025062513;    3;  29.6;  39.0;eor
       2667;2025062514;    3;  27.8;  42.0;eor
       2667;2025062515;    3;  26.9;  46.0;eor
       2667;2025062516;    3;  29.2;  39.0;eor
       2667;2025062517;    3;  28.1;  43.0;eor
       2667;2025062518;    3;  28.4;  45.0;eor
       2667;2025062519;    3;  25.5;  60.0;eor
       2667;2025062520;    3;  22.9;  65.0;eor
       2667;2025062521;    3;  21.2;  73.0;eor
       2667;2025062522;    3;  21.3;  72.0;eor
       2667;2025062523;    3;  19.3;  78.0;eor
       2667;2025062600;    3;  21.4;  69.0;eor
       2667;2025062601;    3;  20.9;  71.0;eor
       2667;2025062602;    3;  20.9;  72.0;eor
       2667;2025062603;    3;  18.8;  96.0;eor
       2667;2025062604;    3;  18.7;  96.0;eor
       2667;2025062605;    3;  18.3;  97.0;eor
       2667;2025062606;    3;  19.7;  94.0;eor
       2667;2025062607;    3;  22.0;  82.0;eor
       2667;2025062608;    3;  22.9;  75.0;eor
       2667;2025062609;    3;  23.6;  68.0;eor
       2667;2025062610;    3;  23.0;  68.0;eor
       2667;2025062611;    3;  23.8;  66.0;eor
       2667;2025062612;    3;  25.1;  62.0;eor
       2667;2025062613;    3;  18.0;  94.0;eor
       2667;2025062614;    3;  18.5;  91.0;eor
       2667;2025062615;    3;  20.8;  84.0;eor
       2667;2025062616;    3;  21.9;  75.0;eor
       2667;2025062617;    3;  23.2;  65.0;eor
       2667;2025062618;    3;  22.4;  63.0;eor
       2667;2025062619;    3;  21.9;  67.0;eor
       2667;2025062620;    3;  21.6;  68.0;eor
       2667;2025062621;    3;  19.7;  77.0;eor
       2667;2025062622;    3;  19.0;  80.0;eor
       2667;2025062623;    3;  18.2;  84.0;eor
       2667;2025062700;    3;  18.8;  77.0;eor
       2667;2025062701;    3;  18.5;  75.0;eor
       2667;2025062702;    3;  18.2;  71.0;eor
       2667;2025062703;    3;  17.5;  73.0;eor
       2667;2025062704;    3;  17.7;  75.0;eor
       2667;2025062705;    3;  18.3;  65.0;eor
       2667;2025062706;    3;  18.3;  57.0;eor
       2667;2025062707;    3;  16.5;  75.0;eor
       2667;2025062708;    3;  17.0;  75.0;eor
       2667;2025062709;    3;  17.9;  68.0;eor
       2667;2025062710;    3;  18.6;  60.0;eor
       2667;2025062711;    3;  20.4;  59.0;eor
       2667;2025062712;    3;  20.9;  61.0;eor
       2667;2025062713;    3;  21.8;  60.0;eor
       2667;2025062714;    3;  22.7;  54.0;eor
       2667;2025062715;    3;  23.1;  54.0;eor
       2667;2025062716;    3;  22.7;  59.0;eor
       2667;2025062717;    3;  22.3;  64.0;eor
       2667;2025062718;    3;  21.7;  66.0;eor
       2667;2025062719;    3;  21.3;  69.0;eor
       2667;2025062720;    3;  20.1;  73.0;eor
       2667;2025062721;    3;  19.0;  82.0;eor
       2667;2025062722;    3;  18.5;  83.0;eor
       2667;2025062723;    3;  18.0;  85.0;eor
       2667;2025062800;    3;  17.0;  89.0;eor
       2667;2025062801;    3;  16.9;  91.0;eor
       2667;2025062802;    3;  17.0;  91.0;eor
       2667;2025062803;    3;  16.7;  93.0;eor
       2667;2025062804;    3;  16.7;  92.0;eor
       2667;2025062805;    3;  17.7;  89.0;eor
       2667;2025062806;    3;  20.3;  81.0;eor
       2667;2025062807;    3;  21.6;  75.0;eor
       2667;2025062808;    3;  23.3;  67.0;eor
       2667;2025062809;    3;  24.0;  61.0;eor
       2667;2025062810;    3;  25.2;  54.0;eor
       2667;2025062811;    3;  25.9;  50.0;eor
       2667;2025062812;    3;  27.0;  48.0;eor
       2667;2025062813;    3;  28.7;  43.0;eor
       2667;2025062814;    3;  28.3;  43.0;eor
       2667;2025062815;    3;  28.5;  42.0;eor
       2667;2025062816;    3;  28.6;  43.0;eor
       2667;2025062817;    3;  28.1;  46.0;eor
       2667;2025062818;    3;  27.4;  48.0;eor
       2667;2025062819;    3;  25.6;  56.0;eor
       2667;2025062820;    3;  23.6;  63.0;eor
       2667;2025062821;    3;  23.2;  64.0;eor
       2667;2025062822;    3;  21.3;  73.0;eor
       2667;2025062823;    3;  20.2;  79.0;eor
       2667;2025062900;    3;  18.2;  89.0;eor
       2667;2025062901;    3;  17.6;  91.0;eor
       2667;2025062902;    3;  17.7;  92.0;eor
       2667;2025062903;    3;  16.6;  94.0;eor
       2667;2025062904;    3;  16.6;  95.0;eor
       2667;2025062905;    3;  17.9;  92.0;eor
       2667;2025062906;    3;  20.5;  80.0;eor
       2667;2025062907;    3;  21.9;  75.0;eor
       2667;2025062908;    3;  23.5;  70.0;eor
       2667;2025062909;    3;  24.9;  61.0;eor
       2667;2025062910;    3;  26.6;  59.0;eor
       2667;2025062911;    3;  26.7;  56.0;eor
       2667;2025062912;    3;  27.2;  55.0;eor
       2667;2025062913;    3;  29.3;  51.0;eor
       2667;2025062914;    3;  28.3;  51.0;eor
       2667;2025062915;    3;  30.2;  47.0;eor
       2667;2025062916;    3;  29.3;  48.0;eor
       2667;2025062917;    3;  29.1;  47.0;eor
       2667;2025062918;    3;  28.5;  48.0;eor
       2667;2025062919;    3;  26.6;  53.0;eor
       2667;2025062920;    3;  23.7;  63.0;eor
       2667;2025062921;    3;  22.1;  71.0;eor
       2667;2025062922;    3;  22.2;  72.0;eor
       2667;2025062923;    3;  21.2;  77.0;eor
       2667;2025063000;    3;  18.7;  85.0;eor
       2667;2025063001;    3;  17.8;  91.0;eor
       2667;2025063002;    3;  16.9;  94.0;eor
       2667;2025063003;    3;  16.7;  95.0;eor
       2667;2025063004;    3;  16.3;  95.0;eor
       2667;2025063005;    3;  16.6;  93.0;eor
       2667;2025063006;    3;  21.4;  76.0;eor
       2667;2025063007;    3;  22.5;  70.0;eor
       2667;2025063008;    3;  24.7;  64.0;eor
       2667;2025063009;    3;  26.0;  57.0;eor
       2667;2025063010;    3;  27.6;  50.0;eor
       2667;2025063011;    3;  28.8;  45.0;eor
       2667;2025063012;    3;  30.1;  42.0;eor
       2667;2025063013;    3;  30.3;  43.0;eor
       2667;2025063014;    3;  30.7;  40.0;eor
       2667;2025063015;    3;  31.0;  39.0;eor
       2667;2025063016;    3;  31.6;  33.0;eor
       2667;2025063017;    3;  31.5;  32.0;eor
       2667;2025063018;    3;  31.0;  37.0;eor
       2667;2025063019;    3;  27.6;  54.0;eor
       2667;2025063020;    3;  23.6;  68.0;eor
       2667;2025063021;    3;  23.0;  66.0;eor
       2667;2025063022;    3;  23.0;  64.0;eor
       2667;2025063023;    3;  21.5;  68.0;eor
       2667;2025070100;    3;  19.4;  79.0;eor
       2667;2025070101;    3;  18.5;  79.0;eor
       2667;2025070102;    3;  16.9;  85.0;eor
       2667;2025070103;    3;  17.8;  78.0;eor
       2667;2025070104;    3;  18.2;  70.0;eor
       2667;2025070105;    3;  21.1;  55.0;eor
       2667;2025070106;    3;  22.7;  52.0;eor
       2667;2025070107;    3;  25.4;  48.0;eor
       2667;2025070108;    3;  27.0;  43.0;eor
       2667;2025070109;    3;  29.1;  42.0;eor
       2667;2025070110;    3;  31.3;  40.0;eor
       2667;2025070111;    3;  32.5;  34.0;eor
       2667;2025070112;    3;  34.2;  32.0;eor
       2667;2025070113;    3;  34.4;  31.0;eor
       2667;2025070114;    3;  33.2;  32.0;eor
       2667;2025070115;    3;  34.6;  30.0;eor
       2667;2025070116;    3;  34.8;  30.0;eor
       2667;2025070117;    3;  33.6;  34.0;eor
       2667;2025070118;    3;  33.1;  36.0;eor
       2667;2025070119;    3;  30.8;  43.0;eor
       2667;2025070120;    3;  28.6;  46.0;eor
       2667;2025070121;    3;  26.0;  55.0;eor
       2667;2025070122;    3;  24.5;  60.0;eor
       2667;2025070123;    3;  21.6;  71.0;eor
       2667;2025070200;    3;  21.1;  74.0;eor
       2667;2025070201;    3;  20.9;  74.0;eor
       2667;2025070202;    3;  21.2;  65.0;eor
       2667;2025070203;    3;  20.0;  70.0;eor
       2667;2025070204;    3;  22.1;  60.0;eor
       2667;2025070205;    3;  23.3;  58.0;eor
       2667;2025070206;    3;  25.1;  53.0;eor
       2667;2025070207;    3;  27.9;  47.0;eor
       2667;2025070208;    3;  29.9;  42.0;eor
       2667;2025070209;    3;  32.6;  36.0;eor
       2667;2025070210;    3;  34.8;  33.0;eor
       2667;2025070211;    3;  36.0;  28.0;eor
       2667;2025070212;    3;  37.1;  23.0;eor
       2667;2025070213;    3;  37.2;  24.0;eor
       2667;2025070214;    3;  32.5;  33.0;eor
       2667;2025070215;    3;  30.6;  39.0;eor
       2667;2025070216;    3;  30.4;  41.0;eor
       2667;2025070217;    3;  27.3;  54.0;eor
       2667;2025070218;    3;  23.5;  72.0;eor
       2667;2025070219;    3;  22.8;  66.0;eor
       2667;2025070220;    3;  21.9;  70.0;eor
       2667;2025070221;    3;  21.2;  74.0;eor
       2667;2025070222;    3;  21.1;  76.0;eor
       2667;2025070223;    3;  19.6;  87.0;eor
       2667;2025070300;    3;  18.9;  88.0;eor
       2667;2025070301;    3;  18.3;  84.0;eor
       2667;2025070302;    3;  16.8;  80.0;eor
       2667;2025070303;    3;  16.5;  80.0;eor
       2667;2025070304;    3;  16.1;  81.0;eor
       2667;2025070305;    3;  15.6;  81.0;eor
       2667;2025070306;    3;  15.9;  79.0;eor
       2667;2025070307;    3;  17.2;  72.0;eor
       2667;2025070308;    3;  18.4;  60.0;eor
       2667;2025070309;    3;  19.1;  52.0;eor
       2667;2025070310;    3;  20.1;  48.0;eor
       2667;2025070311;    3;  21.2;  47.0;eor
       2667;2025070312;    3;  21.2;  45.0;eor
       2667;2025070313;    3;  22.3;  43.0;eor
       2667;2025070314;    3;  23.4;  40.0;eor
       2667;2025070315;    3;  23.8;  40.0;eor
       2667;2025070316;    3;  23.2;  37.0;eor
       2667;2025070317;    3;  23.8;  36.0;eor
       2667;2025070318;    3;  22.6;  38.0;eor
       2667;2025070319;    3;  21.7;  43.0;eor
       2667;2025070320;    3;  17.7;  61.0;eor
       2667;2025070321;    3;  16.3;  67.0;eor
       2667;2025070322;    3;  16.9;  66.0;eor
       2667;2025070323;    3;  14.4;  77.0;eor
       2667;2025070400;    3;  13.7;  80.0;eor
       2667;2025070401;    3;  13.3;  82.0;eor
       2667;2025070402;    3;  13.4;  81.0;eor
       2667;2025070403;    3;  12.2;  86.0;eor
       2667;2025070404;    3;  12.0;  87.0;eor
       2667;2025070405;    3;  14.2;  80.0;eor
       2667;2025070406;    3;  15.7;  72.0;eor
       2667;2025070407;    3;  17.7;  66.0;eor
       2667;2025070408;    3;  19.5;  52.0;eor
       2667;2025070409;    3;  21.0;  44.0;eor
       2667;2025070410;    3;  21.6;  41.0;eor
       2667;2025070411;    3;  22.4;  36.0;eor
       2667;2025070412;    3;  23.1;  34.0;eor
       2667;2025070413;    3;  24.8;  33.0;eor
       2667;2025070414;    3;  24.3;  33.0;eor
       2667;2025070415;    3;  24.1;  33.0;eor
       2667;2025070416;    3;  23.8;  34.0;eor
       2667;2025070417;    3;  24.2;  33.0;eor
       2667;2025070418;    3;  23.2;  39.0;eor
       2667;2025070419;    3;  22.0;  46.0;eor
       2667;2025070420;    3;  18.5;  56.0;eor
       2667;2025070421;    3;  15.5;  66.0;eor
       2667;2025070422;    3;  14.0;  76.0;eor
       2667;2025070423;    3;  13.6;  77.0;eor
       2667;2025070500;    3;  11.5;  85.0;eor
       2667;2025070501;    3;  11.2;  88.0;eor
       2667;2025070502;    3;  10.9;  87.0;eor
       2667;2025070503;    3;  10.1;  89.0;eor
       2667;2025070504;    3;   9.7;  90.0;eor
       2667;2025070505;    3;  12.1;  83.0;eor
       2667;2025070506;    3;  14.7;  77.0;eor
       2667;2025070507;    3;  17.8;  61.0;eor
       2667;2025070508;    3;  19.8;  53.0;eor
       2667;2025070509;    3;  21.8;  42.0;eor
       2667;2025070510;    3;  24.1;  31.0;eor
       2667;2025070511;    3;  26.0;  31.0;eor
       2667;2025070512;    3;  26.0;  26.0;eor
       2667;2025070513;    3;  27.1;  25.0;eor
       2667;2025070514;    3;  27.3;  26.0;eor
       2667;2025070515;    3;  26.8;  26.0;eor
       2667;2025070516;    3;  27.1;  27.0;eor
       2667;2025070517;    3;  24.7;  27.0;eor
       2667;2025070518;    3;  23.3;  36.0;eor
       2667;2025070519;    3;  22.8;  35.0;eor
       2667;2025070520;    3;  20.3;  48.0;eor
       2667;2025070521;    3;  19.3;  52.0;eor
       2667;2025070522;    3;  18.6;  54.0;eor
       2667;2025070523;    3;  17.2;  59.0;eor
       2667;2025070600;    3;  16.2;  71.0;eor
       2667;2025070601;    3;  16.8;  68.0;eor
       2667;2025070602;    3;  17.3;  64.0;eor
       2667;2025070603;    3;  17.1;  62.0;eor
       2667;2025070604;    3;  17.0;  64.0;eor
       2667;2025070605;    3;  17.3;  65.0;eor
       2667;2025070606;    3;  17.3;  71.0;eor
       2667;2025070607;    3;  15.2;  91.0;eor
       2667;2025070608;    3;  16.1;  92.0;eor
       2667;2025070609;    3;  16.7;  87.0;eor
       2667;2025070610;    3;  17.6;  78.0;eor
       2667;2025070611;    3;  17.2;  75.0;eor
       2667;2025070612;    3;  14.9;  91.0;eor
       2667;2025070613;    3;  14.8;  93.0;eor
       2667;2025070614;    3;  15.2;  93.0;eor
       2667;2025070615;    3;  15.7;  93.0;eor
       2667;2025070616;    3;  16.4;  91.0;eor
       2667;2025070617;    3;  16.4;  91.0;eor
       2667;2025070618;    3;  15.9;  90.0;eor
       2667;2025070619;    3;  15.5;  95.0;eor
       2667;2025070620;    3;  15.2;  97.0;eor
       2667;2025070621;    3;  15.1;  97.0;eor
       2667;2025070622;    3;  15.1;  97.0;eor
       2667;2025070623;    3;  15.3;  96.0;eor
       2667;2025070700;    3;  15.4;  95.0;eor
       2667;2025070701;    3;  15.6;  93.0;eor
       2667;2025070702;    3;  15.1;  95.0;eor
       2667;2025070703;    3;  15.1;  94.0;eor
       2667;2025070704;    3;  15.1;  95.0;eor
       2667;2025070705;    3;  15.2;  96.0;eor
       2667;2025070706;    3;  15.7;  95.0;eor
       2667;2025070707;    3;  16.4;  88.0;eor
       2667;2025070708;    3;  16.2;  93.0;eor
       2667;2025070709;    3;  17.9;  82.0;eor
       2667;2025070710;    3;  16.0;  92.0;eor
       2667;2025070711;    3;  17.9;  80.0;eor
       2667;2025070712;    3;  19.0;  73.0;eor
       2667;2025070713;    3;  19.8;  72.0;eor
       2667;2025070714;    3;  17.4;  80.0;eor
       2667;2025070715;    3;  18.5;  70.0;eor
       2667;2025070716;    3;  15.4;  86.0;eor
       2667;2025070717;    3;  16.6;  76.0;eor
       2667;2025070718;    3;  16.5;  75.0;eor
       2667;2025070719;    3;  16.2;  74.0;eor
       2667;2025070720;    3;  15.1;  72.0;eor
       2667;2025070721;    3;  14.7;  70.0;eor
       2667;2025070722;    3;  13.3;  74.0;eor
       2667;2025070723;    3;  13.4;  73.0;eor
       2667;2025070800;    3;  12.9;  77.0;eor
       2667;2025070801;    3;  13.0;  77.0;eor
       2667;2025070802;    3;  12.8;  78.0;eor
       2667;2025070803;    3;  12.6;  79.0;eor
       2667;2025070804;    3;  12.0;  83.0;eor
       2667;2025070805;    3;  12.4;  81.0;eor
       2667;2025070806;    3;  13.2;  77.0;eor
       2667;2025070807;    3;  13.8;  76.0;eor
       2667;2025070808;    3;  15.1;  68.0;eor
       2667;2025070809;    3;  14.3;  71.0;eor
       2667;2025070810;    3;  16.5;  61.0;eor
       2667;2025070811;    3;  17.5;  55.0;eor
       2667;2025070812;    3;  17.4;  56.0;eor
       2667;2025070813;    3;  19.1;  50.0;eor
       2667;2025070814;    3;  18.1;  51.0;eor
       2667;2025070815;    3;  19.9;  50.0;eor
       2667;2025070816;    3;  19.8;  48.0;eor
       2667;2025070817;    3;  15.7;  74.0;eor
       2667;2025070818;    3;  16.3;  79.0;eor
       2667;2025070819;    3;  16.1;  66.0;eor
       2667;2025070820;    3;  16.7;  63.0;eor
       2667;2025070821;    3;  16.0;  65.0;eor
       2667;2025070822;    3;  15.7;  67.0;eor
       2667;2025070823;    3;  15.1;  73.0;eor
       2667;2025070900;    3;  15.0;  74.0;eor
       2667;2025070901;    3;  14.7;  75.0;eor
       2667;2025070902;    3;  14.6;  77.0;eor
       2667;2025070903;    3;  14.2;  79.0;eor
       2667;2025070904;    3;  13.9;  81.0;eor
       2667;2025070905;    3;  13.9;  80.0;eor
       2667;2025070906;    3;  14.4;  79.0;eor
       2667;2025070907;    3;  15.7;  74.0;eor
       2667;2025070908;    3;  16.8;  69.0;eor
       2667;2025070909;    3;  16.8;  66.0;eor
       2667;2025070910;    3;  18.1;  62.0;eor
       2667;2025070911;    3;  18.1;  62.0;eor
       2667;2025070912;    3;  18.7;  62.0;eor
       2667;2025070913;    3;  19.5;  57.0;eor
       2667;2025070914;    3;  19.6;  56.0;eor
       2667;2025070915;    3;  19.8;  54.0;eor
       2667;2025070916;    3;  21.0;  48.0;eor
       2667;2025070917;    3;  21.1;  49.0;eor
       2667;2025070918;    3;  21.2;  49.0;eor
       2667;2025070919;    3;  18.7;  66.0;eor
       2667;2025070920;    3;  14.3;  82.0;eor
       2667;2025070921;    3;  13.8;  84.0;eor
       2667;2025070922;    3;  12.4;  89.0;eor
       2667;2025070923;    3;  11.6;  93.0;eor
       2667;2025071000;    3;  10.6;  95.0;eor
       2667;2025071001;    3;  10.1;  97.0;eor
       2667;2025071002;    3;   8.8;  96.0;eor
       2667;2025071003;    3;   9.2;  97.0;eor
       2667;2025071004;    3;   8.7;  98.0;eor
       2667;2025071005;    3;  10.3;  95.0;eor
       2667;2025071006;    3;  13.4;  84.0;eor
       2667;2025071007;    3;  16.4;  69.0;eor
       2667;2025071008;    3;  18.2;  62.0;eor
       2667;2025071009;    3;  20.6;  52.0;eor
       2667;2025071010;    3;  22.2;  45.0;eor
       2667;2025071011;    3;  22.6;  43.0;eor
       2667;2025071012;    3;  23.3;  44.0;eor
       2667;2025071013;    3;  24.8;  42.0;eor
       2667;2025071014;    3;  24.0;  44.0;eor
       2667;2025071015;    3;  24.1;  44.0;eor
       2667;2025071016;    3;  24.5;  48.0;eor
       2667;2025071017;    3;  24.0;  47.0;eor
       2667;2025071018;    3;  22.8;  52.0;eor
       2667;2025071019;    3;  21.8;  56.0;eor
       2667;2025071020;    3;  19.8;  65.0;eor
       2667;2025071021;    3;  17.1;  78.0;eor
       2667;2025071022;    3;  15.1;  86.0;eor
       2667;2025071023;    3;  14.8;  87.0;eor
       2667;2025071100;    3;  15.0;  88.0;eor
       2667;2025071101;    3;  15.2;  87.0;eor
       2667;2025071102;    3;  15.1;  90.0;eor
       2667;2025071103;    3;  16.0;  85.0;eor
       2667;2025071104;    3;  15.5;  88.0;eor
       2667;2025071105;    3;  16.2;  87.0;eor
       2667;2025071106;    3;  16.9;  84.0;eor
       2667;2025071107;    3;  18.2;  77.0;eor
       2667;2025071108;    3;  18.0;  75.0;eor
       2667;2025071109;    3;  19.7;  69.0;eor
       2667;2025071110;    3;  19.6;  67.0;eor
       2667;2025071111;    3;  21.1;  64.0;eor
       2667;2025071112;    3;  21.3;  60.0;eor
       2667;2025071113;    3;  21.7;  62.0;eor
       2667;2025071114;    3;  21.8;  59.0;eor
       2667;2025071115;    3;  22.1;  58.0;eor
       2667;2025071116;    3;  23.7;  54.0;eor
       2667;2025071117;    3;  23.3;  55.0;eor
       2667;2025071118;    3;  22.6;  58.0;eor
       2667;2025071119;    3;  21.3;  61.0;eor
       2667;2025071120;    3;  18.6;  70.0;eor
       2667;2025071121;    3;  17.3;  77.0;eor
       2667;2025071122;    3;  16.2;  81.0;eor
       2667;2025071123;    3;  15.4;  85.0;eor
       2667;2025071200;    3;  14.7;  89.0;eor
       2667;2025071201;    3;  13.4;  94.0;eor
       2667;2025071202;    3;  13.3;  95.0;eor
       2667;2025071203;    3;  12.8;  96.0;eor
       2667;2025071204;    3;  12.7;  95.0;eor
       2667;2025071205;    3;  13.7;  94.0;eor
       2667;2025071206;    3;  14.9;  93.0;eor
       2667;2025071207;    3;  16.8;  82.0;eor
       2667;2025071208;    3;  16.7;  78.0;eor
       2667;2025071209;    3;  17.8;  73.0;eor
       2667;2025071210;    3;  19.0;  67.0;eor
       2667;2025071211;    3;  20.9;  60.0;eor
       2667;2025071212;    3;  22.0;  57.0;eor
       2667;2025071213;    3;  22.9;  56.0;eor
       2667;2025071214;    3;  24.5;  48.0;eor
       2667;2025071215;    3;  24.8;  44.0;eor
       2667;2025071216;    3;  25.1;  44.0;eor
       2667;2025071217;    3;  24.7;  41.0;eor
       2667;2025071218;    3;  23.7;  39.0;eor
       2667;2025071219;    3;  21.8;  50.0;eor
       2667;2025071220;    3;  20.7;  61.0;eor
       2667;2025071221;    3;  20.2;  63.0;eor
       2667;2025071222;    3;  18.9;  69.0;eor
       2667;2025071223;    3;  17.4;  76.0;eor
       2667;2025071300;    3;  16.9;  80.0;eor
       2667;2025071301;    3;  16.6;  81.0;eor
       2667;2025071302;    3;  15.5;  85.0;eor
       2667;2025071303;    3;  15.6;  85.0;eor
       2667;2025071304;    3;  15.0;  88.0;eor
       2667;2025071305;    3;  14.7;  91.0;eor
       2667;2025071306;    3;  17.2;  83.0;eor
       2667;2025071307;    3;  17.9;  81.0;eor
       2667;2025071308;    3;  18.9;  77.0;eor
       2667;2025071309;    3;  19.1;  74.0;eor
       2667;2025071310;    3;  20.2;  64.0;eor
       2667;2025071311;    3;  21.5;  57.0;eor
       2667;2025071312;    3;  22.9;  58.0;eor
       2667;2025071313;    3;  23.5;  54.0;eor
       2667;2025071314;    3;  23.6;  54.0;eor
       2667;2025071315;    3;  24.7;  50.0;eor
       2667;2025071316;    3;  25.4;  47.0;eor
       2667;2025071317;    3;  25.2;  45.0;eor
       2667;2025071318;    3;  23.5;  57.0;eor
       2667;2025071319;    3;  21.5;  69.0;eor
       2667;2025071320;    3;  19.0;  76.0;eor
       2667;2025071321;    3;  17.4;  83.0;eor
       2667;2025071322;    3;  16.5;  88.0;eor
       2667;2025071323;    3;  15.2;  92.0;eor
       2667;2025071400;    3;  14.4;  95.0;eor
       2667;2025071401;    3;  13.7;  95.0;eor
       2667;2025071402;    3;  13.7;  95.0;eor
       2667;2025071403;    3;  13.5;  94.0;eor
       2667;2025071404;    3;  12.6;  96.0;eor
       2667;2025071405;    3;  15.6;  88.0;eor
       2667;2025071406;    3;  17.3;  81.0;eor
       2667;2025071407;    3;  18.6;  77.0;eor
       2667;2025071408;    3;  19.0;  77.0;eor
       2667;2025071409;    3;  20.6;  70.0;eor
       2667;2025071410;    3;  22.7;  59.0;eor
       2667;2025071411;    3;  23.1;  59.0;eor
       2667;2025071412;    3;  22.5;  67.0;eor
       2667;2025071413;    3;  23.0;  68.0;eor
       2667;2025071414;    3;  23.2;  62.0;eor
       2667;2025071415;    3;  24.5;  59.0;eor
       2667;2025071416;    3;  19.8;  92.0;eor
       2667;2025071417;    3;  21.4;  79.0;eor
       2667;2025071418;    3;  21.2;  85.0;eor
       2667;2025071419;    3;  21.1;  87.0;eor
       2667;2025071420;    3;  19.6;  92.0;eor
       2667;2025071421;    3;  19.1;  95.0;eor
       2667;2025071422;    3;  18.0;  97.0;eor
       2667;2025071423;    3;  17.4;  96.0;eor
       2667;2025071500;    3;  16.7;  97.0;eor
       2667;2025071501;    3;  17.4;  97.0;eor
       2667;2025071502;    3;  17.0;  91.0;eor
       2667;2025071503;    3;  15.7;  96.0;eor
       2667;2025071504;    3;  15.6;  95.0;eor
       2667;2025071505;    3;  15.4;  93.0;eor
       2667;2025071506;    3;  15.6;  95.0;eor
       2667;2025071507;    3;  17.5;  74.0;eor
       2667;2025071508;    3;  18.7;  66.0;eor
       2667;2025071509;    3;  19.0;  58.0;eor
       2667;2025071510;    3;  21.4;  52.0;eor
       2667;2025071511;    3;  22.3;  44.0;eor
       2667;2025071512;    3;  23.1;  43.0;eor
       2667;2025071513;    3;  23.4;  41.0;eor
       2667;2025071514;    3;  22.7;  39.0;eor
       2667;2025071515;    3;  23.8;  39.0;eor
       2667;2025071516;    3;  23.5;  36.0;eor
       2667;2025071517;    3;  23.5;  34.0;eor
       2667;2025071518;    3;  21.8;  39.0;eor
       2667;2025071519;    3;  21.4;  42.0;eor
       2667;2025071520;    3;  19.8;  47.0;eor
       2667;2025071521;    3;  18.7;  52.0;eor
       2667;2025071522;    3;  16.0;  64.0;eor
       2667;2025071523;    3;  17.2;  59.0;eor
       2667;2025071600;    3;  17.1;  63.0;eor
       2667;2025071601;    3;  15.5;  72.0;eor
       2667;2025071602;    3;  15.4;  70.0;eor
       2667;2025071603;    3;  15.1;  79.0;eor
       2667;2025071604;    3;  13.8;  93.0;eor
       2667;2025071605;    3;  14.2;  92.0;eor
       2667;2025071606;    3;  15.2;  89.0;eor
       2667;2025071607;    3;  16.9;  79.0;eor
       2667;2025071608;    3;  17.6;  73.0;eor
       2667;2025071609;    3;  18.8;  68.0;eor
       2667;2025071610;    3;  20.6;  59.0;eor
       2667;2025071611;    3;  20.3;  56.0;eor
       2667;2025071612;    3;  18.8;  68.0;eor
       2667;2025071613;    3;  17.2;  80.0;eor
       2667;2025071614;    3;  16.6;  84.0;eor
       2667;2025071615;    3;  16.1;  82.0;eor
       2667;2025071616;    3;  15.6;  90.0;eor
       2667;2025071617;    3;  16.4;  86.0;eor
       2667;2025071618;    3;  16.8;  84.0;eor
       2667;2025071619;    3;  15.7;  93.0;eor
       2667;2025071620;    3;  15.3;  89.0;eor
       2667;2025071621;    3;  15.5;  88.0;eor
       2667;2025071622;    3;  14.8;  93.0;eor
       2667;2025071623;    3;  14.5;  96.0;eor
       2667;2025071700;    3;  14.8;  97.0;eor
       2667;2025071701;    3;  14.5;  90.0;eor
       2667;2025071702;    3;  13.8;  95.0;eor
       2667;2025071703;    3;  14.1;  94.0;eor
       2667;2025071704;    3;  14.7;  89.0;eor
       2667;2025071705;    3;  14.8;  92.0;eor
       2667;2025071706;    3;  15.4;  89.0;eor
       2667;2025071707;    3;  15.9;  87.0;eor
       2667;2025071708;    3;  16.8;  85.0;eor
       2667;2025071709;    3;  18.4;  74.0;eor
       2667;2025071710;    3;  19.8;  69.0;eor
       2667;2025071711;    3;  20.9;  60.0;eor
       2667;2025071712;    3;  22.1;  56.0;eor
       2667;2025071713;    3;  23.2;  49.0;eor
       2667;2025071714;    3;  24.2;  41.0;eor
       2667;2025071715;    3;  24.4;  41.0;eor
       2667;2025071716;    3;  23.7;  46.0;eor
       2667;2025071717;    3;  24.1;  45.0;eor
       2667;2025071718;    3;  23.4;  49.0;eor
       2667;2025071719;    3;  21.5;  59.0;eor
       2667;2025071720;    3;  17.6;  78.0;eor
       2667;2025071721;    3;  16.1;  81.0;eor
       2667;2025071722;    3;  15.0;  89.0;eor
       2667;2025071723;    3;  14.0;  90.0;eor
       2667;2025071800;    3;  13.5;  94.0;eor
       2667;2025071801;    3;  12.8;  97.0;eor
       2667;2025071802;    3;  12.5;  97.0;eor
       2667;2025071803;    3;  12.0;  97.0;eor
       2667;2025071804;    3;  11.3;  97.0;eor
       2667;2025071805;    3;  12.2;  96.0;eor
       2667;2025071806;    3;  15.5;  86.0;eor
       2667;2025071807;    3;  18.0;  74.0;eor
       2667;2025071808;    3;  20.5;  63.0;eor
       2667;2025071809;    3;  22.6;  54.0;eor
       2667;2025071810;    3;  22.9;  51.0;eor
       2667;2025071811;    3;  24.7;  49.0;eor
       2667;2025071812;    3;  25.6;  42.0;eor
       2667;2025071813;    3;  25.3;  39.0;eor
       2667;2025071814;    3;  26.1;  40.0;eor
       2667;2025071815;    3;  26.6;  43.0;eor
       2667;2025071816;    3;  26.2;  40.0;eor
       2667;2025071817;    3;  26.5;  39.0;eor
       2667;2025071818;    3;  26.3;  39.0;eor
       2667;2025071819;    3;  24.0;  50.0;eor
       2667;2025071820;    3;  20.0;  67.0;eor
       2667;2025071821;    3;  18.1;  77.0;eor
       2667;2025071822;    3;  18.9;  76.0;eor
       2667;2025071823;    3;  19.3;  76.0;eor
       2667;2025071900;    3;  18.7;  79.0;eor
       2667;2025071901;    3;  18.0;  81.0;eor
       2667;2025071902;    3;  17.8;  82.0;eor
       2667;2025071903;    3;  17.4;  84.0;eor
       2667;2025071904;    3;  17.1;  84.0;eor
       2667;2025071905;    3;  17.4;  83.0;eor
       2667;2025071906;    3;  19.8;  73.0;eor
       2667;2025071907;    3;  22.0;  67.0;eor
       2667;2025071908;    3;  23.8;  59.0;eor
       2667;2025071909;    3;  26.0;  51.0;eor
       2667;2025071910;    3;  27.0;  46.0;eor
       2667;2025071911;    3;  28.0;  42.0;eor
       2667;2025071912;    3;  28.1;  42.0;eor
       2667;2025071913;    3;  29.6;  38.0;eor
       2667;2025071914;    3;  30.6;  36.0;eor
       2667;2025071915;    3;  29.9;  39.0;eor
       2667;2025071916;    3;  29.2;  42.0;eor
       2667;2025071917;    3;  26.5;  52.0;eor
       2667;2025071918;    3;  24.7;  50.0;eor
       2667;2025071919;    3;  20.8;  71.0;eor
       2667;2025071920;    3;  19.4;  88.0;eor
       2667;2025071921;    3;  21.1;  68.0;eor
       2667;2025071922;    3;  20.1;  72.0;eor
       2667;2025071923;    3;  19.4;  76.0;eor
       2667;2025072000;    3;  19.4;  75.0;eor
       2667;2025072001;    3;  19.6;  76.0;eor
       2667;2025072002;    3;  19.5;  77.0;eor
       2667;2025072003;    3;  19.1;  80.0;eor
       2667;2025072004;    3;  19.0;  82.0;eor
       2667;2025072005;    3;  18.8;  84.0;eor
       2667;2025072006;    3;  19.8;  81.0;eor
       2667;2025072007;    3;  21.5;  73.0;eor
       2667;2025072008;    3;  22.9;  69.0;eor
       2667;2025072009;    3;  24.0;  61.0;eor
       2667;2025072010;    3;  25.1;  59.0;eor
       2667;2025072011;    3;  25.8;  53.0;eor
       2667;2025072012;    3;  26.2;  54.0;eor
       2667;2025072013;    3;  27.6;  51.0;eor
       2667;2025072014;    3;  27.5;  51.0;eor
       2667;2025072015;    3;  26.5;  52.0;eor
       2667;2025072016;    3;  17.7;  96.0;eor
       2667;2025072017;    3;  19.4;  93.0;eor
       2667;2025072018;    3;  19.6;  90.0;eor
       2667;2025072019;    3;  19.7;  91.0;eor
       2667;2025072020;    3;  18.3;  96.0;eor
       2667;2025072021;    3;  18.1;  95.0;eor
       2667;2025072022;    3;  17.4;  95.0;eor
       2667;2025072023;    3;  17.2;  94.0;eor
       2667;2025072100;    3;  17.5;  91.0;eor
       2667;2025072101;    3;  17.5;  92.0;eor
       2667;2025072102;    3;  17.2;  91.0;eor
       2667;2025072103;    3;  16.8;  94.0;eor
       2667;2025072104;    3;  16.6;  92.0;eor
       2667;2025072105;    3;  17.4;  88.0;eor
       2667;2025072106;    3;  17.4;  89.0;eor
       2667;2025072107;    3;  18.5;  84.0;eor
       2667;2025072108;    3;  19.3;  84.0;eor
       2667;2025072109;    3;  20.4;  73.0;eor
       2667;2025072110;    3;  21.8;  67.0;eor
       2667;2025072111;    3;  22.4;  59.0;eor
       2667;2025072112;    3;  23.4;  56.0;eor
       2667;2025072113;    3;  23.1;  53.0;eor
       2667;2025072114;    3;  24.1;  52.0;eor
       2667;2025072115;    3;  18.5;  75.0;eor
       2667;2025072116;    3;  21.3;  65.0;eor
       2667;2025072117;    3;  21.6;  64.0;eor
       2667;2025072118;    3;  20.3;  66.0;eor
       2667;2025072119;    3;  19.2;  72.0;eor
       2667;2025072120;    3;  18.3;  75.0;eor
       2667;2025072121;    3;  17.1;  84.0;eor
       2667;2025072122;    3;  17.5;  80.0;eor
       2667;2025072123;    3;  17.4;  80.0;eor
       2667;2025072200;    3;  17.7;  80.0;eor
       2667;2025072201;    3;  16.7;  84.0;eor
       2667;2025072202;    3;  16.6;  82.0;eor
       2667;2025072203;    3;  16.4;  83.0;eor
       2667;2025072204;    3;  16.4;  76.0;eor
       2667;2025072205;    3;  16.3;  77.0;eor
       2667;2025072206;    3;  16.7;  74.0;eor
       2667;2025072207;    3;  17.2;  73.0;eor
       2667;2025072208;    3;  18.4;  70.0;eor
       2667;2025072209;    3;  20.0;  66.0;eor
       2667;2025072210;    3;  20.3;  63.0;eor
       2667;2025072211;    3;  22.6;  54.0;eor
       2667;2025072212;    3;  22.9;  51.0;eor
       2667;2025072213;    3;  21.9;  61.0;eor
       2667;2025072214;    3;  21.3;  67.0;eor
       2667;2025072215;    3;  21.9;  63.0;eor
       2667;2025072216;    3;  21.7;  61.0;eor
       2667;2025072217;    3;  20.8;  67.0;eor
       2667;2025072218;    3;  20.4;  69.0;eor
       2667;2025072219;    3;  20.1;  72.0;eor
       2667;2025072220;    3;  19.3;  76.0;eor
       2667;2025072221;    3;  18.9;  77.0;eor
       2667;2025072222;    3;  17.9;  88.0;eor
       2667;2025072223;    3;  16.6;  95.0;eor
       2667;2025072300;    3;  16.9;  93.0;eor
       2667;2025072301;    3;  16.8;  90.0;eor
       2667;2025072302;    3;  16.6;  86.0;eor
       2667;2025072303;    3;  16.0;  88.0;eor
       2667;2025072304;    3;  15.1;  92.0;eor
       2667;2025072305;    3;  15.5;  89.0;eor
       2667;2025072306;    3;  16.0;  82.0;eor
       2667;2025072307;    3;  17.6;  73.0;eor
       2667;2025072308;    3;  18.6;  68.0;eor
       2667;2025072309;    3;  19.9;  64.0;eor
       2667;2025072310;    3;  21.5;  58.0;eor
       2667;2025072311;    3;  23.0;  54.0;eor
       2667;2025072312;    3;  22.6;  54.0;eor
       2667;2025072313;    3;  22.6;  50.0;eor
       2667;2025072314;    3;  22.8;  48.0;eor
       2667;2025072315;    3;  24.3;  45.0;eor
       2667;2025072316;    3;  23.8;  48.0;eor
       2667;2025072317;    3;  23.1;  51.0;eor
       2667;2025072318;    3;  21.8;  60.0;eor
       2667;2025072319;    3;  20.9;  61.0;eor
       2667;2025072320;    3;  19.2;  78.0;eor
       2667;2025072321;    3;  18.0;  79.0;eor
       2667;2025072322;    3;  18.0;  77.0;eor
       2667;2025072323;    3;  17.0;  85.0;eor
       2667;2025072400;    3;  16.0;  91.0;eor
       2667;2025072401;    3;  16.6;  86.0;eor
       2667;2025072402;    3;  15.9;  90.0;eor
       2667;2025072403;    3;  14.7;  94.0;eor
       2667;2025072404;    3;  15.3;  93.0;eor
       2667;2025072405;    3;  15.5;  92.0;eor
       2667;2025072406;    3;  16.8;  90.0;eor
       2667;2025072407;    3;  17.5;  86.0;eor
       2667;2025072408;    3;  18.7;  80.0;eor
       2667;2025072409;    3;  21.2;  69.0;eor
       2667;2025072410;    3;  21.9;  64.0;eor
       2667;2025072411;    3;  21.8;  65.0;eor
       2667;2025072412;    3;  22.9;  63.0;eor
       2667;2025072413;    3;  22.5;  58.0;eor
       2667;2025072414;    3;  20.4;  75.0;eor
       2667;2025072415;    3;  22.8;  60.0;eor
       2667;2025072416;    3;  22.2;  62.0;eor
       2667;2025072417;    3;  22.9;  62.0;eor
       2667;2025072418;    3;  21.4;  66.0;eor
       2667;2025072419;    3;  19.0;  83.0;eor
       2667;2025072420;    3;  17.3;  84.0;eor
       2667;2025072421;    3;  15.9;  89.0;eor
       2667;2025072422;    3;  15.1;  92.0;eor
       2667;2025072423;    3;  15.1;  92.0;eor
       2667;2025072500;    3;  13.9;  94.0;eor
       2667;2025072501;    3;  13.9;  96.0;eor
       2667;2025072502;    3;  14.3;  97.0;eor
       2667;2025072503;    3;  13.5;  97.0;eor
       2667;2025072504;    3;  13.2;  97.0;eor
       2667;2025072505;    3;  14.2;  97.0;eor
       2667;2025072506;    3;  15.4;  94.0;eor
       2667;2025072507;    3;  18.0;  85.0;eor
       2667;2025072508;    3;  20.3;  77.0;eor
       2667;2025072509;    3;  21.4;  72.0;eor
       2667;2025072510;    3;  23.0;  63.0;eor
       2667;2025072511;    3;  24.2;  56.0;eor
       2667;2025072512;    3;  23.2;  56.0;eor
       2667;2025072513;    3;  25.3;  50.0;eor
       2667;2025072514;    3;  25.1;  50.0;eor
       2667;2025072515;    3;  26.6;  53.0;eor
       2667;2025072516;    3;  25.1;  57.0;eor
       2667;2025072517;    3;  23.9;  62.0;eor
       2667;2025072518;    3;  23.0;  65.0;eor
       2667;2025072519;    3;  22.0;  72.0;eor
       2667;2025072520;    3;  21.2;  73.0;eor
       2667;2025072521;    3;  20.0;  78.0;eor
       2667;2025072522;    3;  18.4;  84.0;eor
       2667;2025072523;    3;  18.4;  85.0;eor
       2667;2025072600;    3;  17.7;  87.0;eor
       2667;2025072601;    3;  16.4;  92.0;eor
       2667;2025072602;    3;  15.9;  94.0;eor
       2667;2025072603;    3;  15.2;  96.0;eor
       2667;2025072604;    3;  14.7;  96.0;eor
       2667;2025072605;    3;  14.9;  97.0;eor
       2667;2025072606;    3;  16.8;  91.0;eor
       2667;2025072607;    3;  19.1;  80.0;eor
       2667;2025072608;    3;  20.5;  69.0;eor
       2667;2025072609;    3;  22.3;  61.0;eor
       2667;2025072610;    3;  22.9;  56.0;eor
       2667;2025072611;    3;  24.4;  51.0;eor
       2667;2025072612;    3;  24.8;  48.0;eor
       2667;2025072613;    3;  25.1;  48.0;eor
       2667;2025072614;    3;  25.6;  47.0;eor
       2667;2025072615;    3;  24.9;  51.0;eor
       2667;2025072616;    3;  25.3;  50.0;eor
       2667;2025072617;    3;  24.0;  53.0;eor
       2667;2025072618;    3;  22.1;  67.0;eor
       2667;2025072619;    3;  19.2;  85.0;eor
       2667;2025072620;    3;  18.7;  87.0;eor
       2667;2025072621;    3;  18.8;  89.0;eor
       2667;2025072622;    3;  17.9;  95.0;eor
       2667;2025072623;    3;  17.7;  95.0;eor
       2667;2025072700;    3;  17.0;  97.0;eor
       2667;2025072701;    3;  16.7;  97.0;eor
       2667;2025072702;    3;  16.6;  97.0;eor
       2667;2025072703;    3;  17.3;  97.0;eor
       2667;2025072704;    3;  16.6;  99.0;eor
       2667;2025072705;    3;  16.5;  98.0;eor
       2667;2025072706;    3;  16.6;  97.0;eor
       2667;2025072707;    3;  17.4;  92.0;eor
       2667;2025072708;    3;  17.4;  94.0;eor
       2667;2025072709;    3;  18.7;  87.0;eor
       2667;2025072710;    3;  19.0;  79.0;eor
       2667;2025072711;    3;  20.5;  70.0;eor
       2667;2025072712;    3;  20.9;  67.0;eor
       2667;2025072713;    3;  21.4;  64.0;eor
       2667;2025072714;    3;  22.0;  60.0;eor
       2667;2025072715;    3;  21.7;  55.0;eor
       2667;2025072716;    3;  21.4;  55.0;eor
       2667;2025072717;    3;  21.6;  59.0;eor
       2667;2025072718;    3;  19.7;  65.0;eor
       2667;2025072719;    3;  19.0;  69.0;eor
       2667;2025072720;    3;  18.3;  71.0;eor
       2667;2025072721;    3;  17.9;  71.0;eor
       2667;2025072722;    3;  16.4;  81.0;eor
       2667;2025072723;    3;  15.7;  88.0;eor
       2667;2025072800;    3;  15.8;  83.0;eor
       2667;2025072801;    3;  15.5;  86.0;eor
       2667;2025072802;    3;  15.0;  90.0;eor
       2667;2025072803;    3;  15.2;  90.0;eor
       2667;2025072804;    3;  14.9;  86.0;eor
       2667;2025072805;    3;  14.6;  89.0;eor
       2667;2025072806;    3;  15.1;  87.0;eor
       2667;2025072807;    3;  16.1;  84.0;eor
       2667;2025072808;    3;  17.2;  78.0;eor
       2667;2025072809;    3;  18.4;  71.0;eor
       2667;2025072810;    3;  18.1;  74.0;eor
       2667;2025072811;    3;  19.4;  68.0;eor
       2667;2025072812;    3;  20.7;  62.0;eor
       2667;2025072813;    3;  19.6;  63.0;eor
       2667;2025072814;    3;  21.0;  61.0;eor
       2667;2025072815;    3;  21.3;  52.0;eor
       2667;2025072816;    3;  20.2;  59.0;eor
       2667;2025072817;    3;  20.6;  56.0;eor
       2667;2025072818;    3;  18.7;  67.0;eor
       2667;2025072819;    3;  17.1;  81.0;eor
       2667;2025072820;    3;  16.7;  85.0;eor
       2667;2025072821;    3;  15.9;  88.0;eor
       2667;2025072822;    3;  15.7;  89.0;eor
       2667;2025072823;    3;  14.9;  94.0;eor
       2667;2025072900;    3;  14.9;  93.0;eor
       2667;2025072901;    3;  14.8;  91.0;eor
       2667;2025072902;    3;  13.0;  94.0;eor
       2667;2025072903;    3;  13.6;  93.0;eor
       2667;2025072904;    3;  12.9;  95.0;eor
       2667;2025072905;    3;  13.2;  94.0;eor
       2667;2025072906;    3;  14.1;  91.0;eor
       2667;2025072907;    3;  15.6;  84.0;eor
       2667;2025072908;    3;  17.7;  77.0;eor
       2667;2025072909;    3;  18.4;  71.0;eor
       2667;2025072910;    3;  14.1;  88.0;eor
       2667;2025072911;    3;  15.4;  87.0;eor
       2667;2025072912;    3;  19.7;  71.0;eor
       2667;2025072913;    3;  18.2;  79.0;eor
       2667;2025072914;    3;  17.0;  91.0;eor
       2667;2025072915;    3;  17.3;  85.0;eor
       2667;2025072916;    3;  17.5;  85.0;eor
       2667;2025072917;    3;  17.4;  89.0;eor
       2667;2025072918;    3;  16.1;  92.0;eor
       2667;2025072919;    3;  15.8;  96.0;eor
       2667;2025072920;    3;  15.8;  96.0;eor
       2667;2025072921;    3;  15.6;  95.0;eor
       2667;2025072922;    3;  15.9;  94.0;eor
       2667;2025072923;    3;  15.9;  93.0;eor
       2667;2025073000;    3;  15.8;  91.0;eor
       2667;2025073001;    3;  15.5;  92.0;eor
       2667;2025073002;    3;  15.4;  90.0;eor
       2667;2025073003;    3;  14.8;  91.0;eor
       2667;2025073004;    3;  15.0;  92.0;eor
       2667;2025073005;    3;  14.7;  89.0;eor
       2667;2025073006;    3;  14.9;  89.0;eor
       2667;2025073007;    3;  16.4;  79.0;eor
       2667;2025073008;    3;  17.8;  74.0;eor
       2667;2025073009;    3;  18.0;  68.0;eor
       2667;2025073010;    3;  19.1;  64.0;eor
       2667;2025073011;    3;  20.2;  62.0;eor
       2667;2025073012;    3;  20.7;  55.0;eor
       2667;2025073013;    3;  22.4;  51.0;eor
       2667;2025073014;    3;  22.6;  49.0;eor
       2667;2025073015;    3;  18.9;  72.0;eor
       2667;2025073016;    3;  20.5;  67.0;eor
       2667;2025073017;    3;  21.9;  53.0;eor
       2667;2025073018;    3;  21.1;  52.0;eor
       2667;2025073019;    3;  20.0;  51.0;eor
       2667;2025073020;    3;  17.7;  59.0;eor
       2667;2025073021;    3;  16.6;  61.0;eor
       2667;2025073022;    3;  15.9;  66.0;eor
       2667;2025073023;    3;  14.1;  78.0;eor
       2667;2025073100;    3;  12.8;  84.0;eor
       2667;2025073101;    3;  12.1;  86.0;eor
       2667;2025073102;    3;  13.5;  82.0;eor
       2667;2025073103;    3;  13.5;  83.0;eor
       2667;2025073104;    3;  14.2;  79.0;eor
       2667;2025073105;    3;  15.0;  75.0;eor
       2667;2025073106;    3;  15.4;  76.0;eor
       2667;2025073107;    3;  14.2;  94.0;eor
       2667;2025073108;    3;  15.1;  93.0;eor
       2667;2025073109;    3;  16.6;  87.0;eor
       2667;2025073110;    3;  17.3;  84.0;eor
       2667;2025073111;    3;  19.0;  77.0;eor
       2667;2025073112;    3;  20.1;  74.0;eor
       2667;2025073113;    3;  22.9;  57.0;eor
       2667;2025073114;    3;  22.3;  61.0;eor
       2667;2025073115;    3;  22.1;  63.0;eor
       2667;2025073116;    3;  21.8;  61.0;eor
       2667;2025073117;    3;  19.2;  84.0;eor
       2667;2025073118;    3;  18.0;  95.0;eor
       2667;2025073119;    3;  16.6;  97.0;eor
       2667;2025073120;    3;  16.3;  99.0;eor
       2667;2025073121;    3;  16.5;  99.0;eor
       2667;2025073122;    3;  16.7;  98.0;eor
       2667;2025073123;    3;  16.9;  96.0;eor
       2667;2025080100;    3;  16.6;  96.0;eor
       2667;2025080101;    3;  16.5;  96.0;eor
       2667;2025080102;    3;  16.5;  95.0;eor
       2667;2025080103;    3;  16.1;  94.0;eor
       2667;2025080104;    3;  15.5;  95.0;eor
       2667;2025080105;    3;  15.3;  94.0;eor
       2667;2025080106;    3;  16.0;  92.0;eor
       2667;2025080107;    3;  17.4;  86.0;eor
       2667;2025080108;    3;  18.3;  80.0;eor
       2667;2025080109;    3;  19.7;  69.0;eor
       2667;2025080110;    3;  20.7;  66.0;eor
       2667;2025080111;    3;  21.3;  61.0;eor
       2667;2025080112;    3;  21.0;  58.0;eor
       2667;2025080113;    3;  16.4;  89.0;eor
       2667;2025080114;    3;  18.9;  81.0;eor
       2667;2025080115;    3;  19.4;  69.0;eor
       2667;2025080116;    3;  17.9;  69.0;eor
       2667;2025080117;    3;  17.0;  86.0;eor
       2667;2025080118;    3;  17.5;  86.0;eor
       2667;2025080119;    3;  16.4;  91.0;eor
       2667;2025080120;    3;  15.5;  96.0;eor
       2667;2025080121;    3;  15.5;  92.0;eor
       2667;2025080122;    3;  14.8;  97.0;eor
       2667;2025080123;    3;  14.4;  92.0;eor
       2667;2025080200;    3;  14.9;  92.0;eor
       2667;2025080201;    3;  14.5;  89.0;eor
       2667;2025080202;    3;  14.3;  91.0;eor
       2667;2025080203;    3;  14.3;  88.0;eor
       2667;2025080204;    3;  14.2;  89.0;eor
       2667;2025080205;    3;  14.2;  89.0;eor
       2667;2025080206;    3;  14.8;  88.0;eor
       2667;2025080207;    3;  15.5;  83.0;eor
       2667;2025080208;    3;  16.3;  79.0;eor
       2667;2025080209;    3;  17.4;  75.0;eor
       2667;2025080210;    3;  16.4;  84.0;eor
       2667;2025080211;    3;  18.5;  73.0;eor
       2667;2025080212;    3;  20.1;  65.0;eor
       2667;2025080213;    3;  16.1;  91.0;eor
       2667;2025080214;    3;  17.2;  88.0;eor
       2667;2025080215;    3;  18.6;  75.0;eor
       2667;2025080216;    3;  17.8;  84.0;eor
       2667;2025080217;    3;  18.0;  76.0;eor
       2667;2025080218;    3;  14.9;  89.0;eor
       2667;2025080219;    3;  15.4;  88.0;eor
       2667;2025080220;    3;  15.9;  83.0;eor
       2667;2025080221;    3;  16.0;  83.0;eor
       2667;2025080222;    3;  14.4;  92.0;eor
       2667;2025080223;    3;  15.3;  86.0;eor
       2667;2025080300;    3;  14.7;  90.0;eor
       2667;2025080301;    3;  14.3;  86.0;eor
       2667;2025080302;    3;  14.3;  87.0;eor
       2667;2025080303;    3;  13.9;  90.0;eor
       2667;2025080304;    3;  14.2;  87.0;eor
       2667;2025080305;    3;  14.4;  85.0;eor
       2667;2025080306;    3;  14.8;  82.0;eor
       2667;2025080307;    3;  15.1;  80.0;eor
       2667;2025080308;    3;  16.1;  76.0;eor
       2667;2025080309;    3;  18.2;  66.0;eor
       2667;2025080310;    3;  19.3;  57.0;eor
       2667;2025080311;    3;  21.5;  52.0;eor
       2667;2025080312;    3;  21.4;  50.0;eor
       2667;2025080313;    3;  22.0;  51.0;eor
       2667;2025080314;    3;  21.5;  49.0;eor
       2667;2025080315;    3;  21.7;  50.0;eor
       2667;2025080316;    3;  22.9;  48.0;eor
       2667;2025080317;    3;  21.5;  53.0;eor
       2667;2025080318;    3;  21.2;  54.0;eor
       2667;2025080319;    3;  20.2;  58.0;eor
       2667;2025080320;    3;  19.4;  63.0;eor
       2667;2025080321;    3;  19.1;  66.0;eor
       2667;2025080322;    3;  17.1;  80.0;eor
       2667;2025080323;    3;  15.9;  92.0;eor
       2667;2025080400;    3;  15.5;  96.0;eor
       2667;2025080401;    3;  15.3;  97.0;eor
       2667;2025080402;    3;  15.1;  97.0;eor
       2667;2025080403;    3;  15.1;  97.0;eor
       2667;2025080404;    3;  15.4;  97.0;eor
       2667;2025080405;    3;  15.9;  97.0;eor
       2667;2025080406;    3;  16.6;  97.0;eor
       2667;2025080407;    3;  17.2;  96.0;eor
       2667;2025080408;    3;  18.7;  91.0;eor
       2667;2025080409;    3;  19.4;  89.0;eor
       2667;2025080410;    3;  21.6;  75.0;eor
       2667;2025080411;    3;  22.3;  69.0;eor
       2667;2025080412;    3;  23.9;  62.0;eor
       2667;2025080413;    3;  24.4;  50.0;eor
       2667;2025080414;    3;  24.7;  53.0;eor
       2667;2025080415;    3;  26.5;  49.0;eor
       2667;2025080416;    3;  25.4;  51.0;eor
       2667;2025080417;    3;  24.5;  52.0;eor
       2667;2025080418;    3;  23.8;  56.0;eor
       2667;2025080419;    3;  22.8;  60.0;eor
       2667;2025080420;    3;  21.6;  66.0;eor
       2667;2025080421;    3;  21.1;  70.0;eor
       2667;2025080422;    3;  21.2;  72.0;eor
       2667;2025080423;    3;  20.3;  76.0;eor
       2667;2025080500;    3;  20.7;  81.0;eor
       2667;2025080501;    3;  19.3;  87.0;eor
       2667;2025080502;    3;  18.8;  91.0;eor
       2667;2025080503;    3;  18.0;  93.0;eor
       2667;2025080504;    3;  17.8;  96.0;eor
       2667;2025080505;    3;  15.1;  95.0;eor
       2667;2025080506;    3;  14.9;  95.0;eor
       2667;2025080507;    3;  15.4;  90.0;eor
       2667;2025080508;    3;  15.9;  89.0;eor
       2667;2025080509;    3;  16.7;  84.0;eor
       2667;2025080510;    3;  18.8;  73.0;eor
       2667;2025080511;    3;  20.9;  59.0;eor
       2667;2025080512;    3;  21.9;  51.0;eor
       2667;2025080513;    3;  21.4;  47.0;eor
       2667;2025080514;    3;  20.8;  47.0;eor
       2667;2025080515;    3;  21.4;  45.0;eor
       2667;2025080516;    3;  20.4;  43.0;eor
       2667;2025080517;    3;  20.0;  48.0;eor
       2667;2025080518;    3;  19.4;  44.0;eor
       2667;2025080519;    3;  18.2;  50.0;eor
       2667;2025080520;    3;  16.6;  56.0;eor
       2667;2025080521;    3;  15.2;  63.0;eor
       2667;2025080522;    3;  13.3;  77.0;eor
       2667;2025080523;    3;  11.7;  85.0;eor
       2667;2025080600;    3;  12.0;  82.0;eor
       2667;2025080601;    3;  12.2;  85.0;eor
       2667;2025080602;    3;  12.6;  83.0;eor
       2667;2025080603;    3;  11.5;  85.0;eor
       2667;2025080604;    3;  11.1;  87.0;eor
       2667;2025080605;    3;  11.6;  86.0;eor
       2667;2025080606;    3;  13.4;  80.0;eor
       2667;2025080607;    3;  14.8;  76.0;eor
       2667;2025080608;    3;  17.1;  70.0;eor
       2667;2025080609;    3;  18.5;  64.0;eor
       2667;2025080610;    3;  19.3;  55.0;eor
       2667;2025080611;    3;  20.5;  53.0;eor
       2667;2025080612;    3;  21.4;  45.0;eor
       2667;2025080613;    3;  21.0;  47.0;eor
       2667;2025080614;    3;  22.4;  42.0;eor
       2667;2025080615;    3;  22.7;  40.0;eor
       2667;2025080616;    3;  22.9;  41.0;eor
       2667;2025080617;    3;  22.2;  42.0;eor
       2667;2025080618;    3;  21.0;  52.0;eor
       2667;2025080619;    3;  16.3;  76.0;eor
       2667;2025080620;    3;  14.9;  79.0;eor
       2667;2025080621;    3;  16.3;  71.0;eor
       2667;2025080622;    3;  13.0;  85.0;eor
       2667;2025080623;    3;  12.0;  91.0;eor
       2667;2025080700;    3;  13.3;  83.0;eor
       2667;2025080701;    3;  11.8;  86.0;eor
       2667;2025080702;    3;  11.8;  87.0;eor
       2667;2025080703;    3;  11.7;  89.0;eor
       2667;2025080704;    3;  12.3;  87.0;eor
       2667;2025080705;    3;  12.2;  87.0;eor
       2667;2025080706;    3;  14.2;  77.0;eor
       2667;2025080707;    3;  16.2;  72.0;eor
       2667;2025080708;    3;  19.2;  61.0;eor
       2667;2025080709;    3;  21.2;  55.0;eor
       2667;2025080710;    3;  22.9;  46.0;eor
       2667;2025080711;    3;  23.4;  42.0;eor
       2667;2025080712;    3;  25.1;  37.0;eor
       2667;2025080713;    3;  25.5;  38.0;eor
       2667;2025080714;    3;  26.2;  34.0;eor
       2667;2025080715;    3;  26.8;  36.0;eor
       2667;2025080716;    3;  25.6;  39.0;eor
       2667;2025080717;    3;  24.8;  37.0;eor
       2667;2025080718;    3;  24.2;  39.0;eor
       2667;2025080719;    3;  22.9;  48.0;eor
       2667;2025080720;    3;  22.0;  48.0;eor
       2667;2025080721;    3;  19.6;  66.0;eor
       2667;2025080722;    3;  19.1;  66.0;eor
       2667;2025080723;    3;  19.6;  60.0;eor
       2667;2025080800;    3;  19.6;  60.0;eor
       2667;2025080801;    3;  19.2;  61.0;eor
       2667;2025080802;    3;  18.5;  66.0;eor
       2667;2025080803;    3;  18.6;  65.0;eor
       2667;2025080804;    3;  17.7;  70.0;eor
       2667;2025080805;    3;  18.1;  68.0;eor
       2667;2025080806;    3;  18.9;  69.0;eor
       2667;2025080807;    3;  21.5;  56.0;eor
       2667;2025080808;    3;  21.6;  55.0;eor
       2667;2025080809;    3;  22.8;  55.0;eor
       2667;2025080810;    3;  24.2;  58.0;eor
       2667;2025080811;    3;  23.7;  58.0;eor
       2667;2025080812;    3;  23.7;  56.0;eor
       2667;2025080813;    3;  23.5;  58.0;eor
       2667;2025080814;    3;  23.7;  61.0;eor
       2667;2025080815;    3;  24.0;  60.0;eor
       2667;2025080816;    3;  24.0;  60.0;eor
       2667;2025080817;    3;  23.4;  62.0;eor
       2667;2025080818;    3;  22.3;  67.0;eor
       2667;2025080819;    3;  21.2;  73.0;eor
       2667;2025080820;    3;  19.4;  84.0;eor
       2667;2025080821;    3;  19.0;  85.0;eor
       2667;2025080822;    3;  18.1;  89.0;eor
       2667;2025080823;    3;  16.8;  93.0;eor
       2667;2025080900;    3;  16.9;  91.0;eor
       2667;2025080901;    3;  16.4;  93.0;eor
       2667;2025080902;    3;  17.1;  86.0;eor
       2667;2025080903;    3;  15.3;  94.0;eor
       2667;2025080904;    3;  14.8;  94.0;eor
       2667;2025080905;    3;  14.9;  96.0;eor
       2667;2025080906;    3;  16.9;  87.0;eor
       2667;2025080907;    3;  18.3;  82.0;eor
       2667;2025080908;    3;  19.7;  78.0;eor
       2667;2025080909;    3;  21.7;  68.0;eor
       2667;2025080910;    3;  24.3;  62.0;eor
       2667;2025080911;    3;  25.4;  60.0;eor
       2667;2025080912;    3;  26.7;  49.0;eor
       2667;2025080913;    3;  27.2;  46.0;eor
       2667;2025080914;    3;  27.5;  45.0;eor
       2667;2025080915;    3;  27.1;  43.0;eor
       2667;2025080916;    3;  27.0;  47.0;eor
       2667;2025080917;    3;  26.1;  47.0;eor
       2667;2025080918;    3;  24.7;  43.0;eor
       2667;2025080919;    3;  22.8;  46.0;eor
       2667;2025080920;    3;  20.1;  54.0;eor
       2667;2025080921;    3;  18.0;  66.0;eor
       2667;2025080922;    3;  18.1;  70.0;eor
       2667;2025080923;    3;  16.0;  77.0;eor
       2667;2025081000;    3;  14.9;  82.0;eor
       2667;2025081001;    3;  14.4;  81.0;eor
       2667;2025081002;    3;  12.5;  91.0;eor
       2667;2025081003;    3;  11.6;  92.0;eor
       2667;2025081004;    3;  11.1;  95.0;eor
       2667;2025081005;    3;  10.8;  97.0;eor
       2667;2025081006;    3;  13.1;  91.0;eor
       2667;2025081007;    3;  16.3;  81.0;eor
       2667;2025081008;    3;  19.2;  65.0;eor
       2667;2025081009;    3;  20.4;  57.0;eor
       2667;2025081010;    3;  21.4;  54.0;eor
       2667;2025081011;    3;  23.1;  54.0;eor
       2667;2025081012;    3;  23.5;  50.0;eor
       2667;2025081013;    3;  23.8;  46.0;eor
       2667;2025081014;    3;  24.9;  44.0;eor
       2667;2025081015;    3;  25.2;  41.0;eor
       2667;2025081016;    3;  25.0;  41.0;eor
       2667;2025081017;    3;  24.9;  42.0;eor
       2667;2025081018;    3;  24.1;  46.0;eor
       2667;2025081019;    3;  19.7;  69.0;eor
       2667;2025081020;    3;  17.2;  75.0;eor
       2667;2025081021;    3;  16.1;  81.0;eor
       2667;2025081022;    3;  15.9;  78.0;eor
       2667;2025081023;    3;  13.7;  88.0;eor
       2667;2025081100;    3;  12.8;  88.0;eor
       2667;2025081101;    3;  13.6;  89.0;eor
       2667;2025081102;    3;  11.7;  94.0;eor
       2667;2025081103;    3;  11.0;  94.0;eor
       2667;2025081104;    3;  10.6;  95.0;eor
       2667;2025081105;    3;  10.8;  95.0;eor
       2667;2025081106;    3;  13.4;  86.0;eor
       2667;2025081107;    3;  17.9;  73.0;eor
       2667;2025081108;    3;  20.7;  61.0;eor
       2667;2025081109;    3;  23.1;  49.0;eor
       2667;2025081110;    3;  24.6;  45.0;eor
       2667;2025081111;    3;  25.2;  42.0;eor
       2667;2025081112;    3;  26.3;  39.0;eor
       2667;2025081113;    3;  27.1;  36.0;eor
       2667;2025081114;    3;  27.2;  37.0;eor
       2667;2025081115;    3;  28.2;  37.0;eor
       2667;2025081116;    3;  28.1;  33.0;eor
       2667;2025081117;    3;  27.9;  36.0;eor
       2667;2025081118;    3;  26.5;  47.0;eor
       2667;2025081119;    3;  21.8;  60.0;eor
       2667;2025081120;    3;  17.7;  75.0;eor
       2667;2025081121;    3;  17.9;  74.0;eor
       2667;2025081122;    3;  17.5;  74.0;eor
       2667;2025081123;    3;  18.1;  63.0;eor
       2667;2025081200;    3;  18.4;  59.0;eor
       2667;2025081201;    3;  14.8;  74.0;eor
       2667;2025081202;    3;  13.6;  80.0;eor
       2667;2025081203;    3;  13.1;  82.0;eor
       2667;2025081204;    3;  12.3;  85.0;eor
       2667;2025081205;    3;  12.2;  87.0;eor
       2667;2025081206;    3;  14.7;  86.0;eor
       2667;2025081207;    3;  18.6;  66.0;eor
       2667;2025081208;    3;  22.8;  57.0;eor
       2667;2025081209;    3;  24.9;  50.0;eor
       2667;2025081210;    3;  26.6;  49.0;eor
       2667;2025081211;    3;  28.1;  46.0;eor
       2667;2025081212;    3;  28.8;  45.0;eor
       2667;2025081213;    3;  29.8;  42.0;eor
       2667;2025081214;    3;  30.9;  38.0;eor
       2667;2025081215;    3;  31.1;  38.0;eor
       2667;2025081216;    3;  31.0;  37.0;eor
       2667;2025081217;    3;  30.5;  38.0;eor
       2667;2025081218;    3;  29.5;  42.0;eor
       2667;2025081219;    3;  27.5;  49.0;eor
       2667;2025081220;    3;  26.2;  52.0;eor
       2667;2025081221;    3;  25.1;  55.0;eor
       2667;2025081222;    3;  24.1;  58.0;eor
       2667;2025081223;    3;  22.8;  63.0;eor
       2667;2025081300;    3;  23.8;  58.0;eor
       2667;2025081301;    3;  22.6;  62.0;eor
       2667;2025081302;    3;  18.6;  78.0;eor
       2667;2025081303;    3;  18.4;  80.0;eor
       2667;2025081304;    3;  17.3;  86.0;eor
       2667;2025081305;    3;  17.4;  85.0;eor
       2667;2025081306;    3;  20.1;  78.0;eor
       2667;2025081307;    3;  23.0;  65.0;eor
       2667;2025081308;    3;  25.2;  60.0;eor
       2667;2025081309;    3;  26.9;  54.0;eor
       2667;2025081310;    3;  28.9;  50.0;eor
       2667;2025081311;    3;  30.1;  49.0;eor
       2667;2025081312;    3;  32.0;  43.0;eor
       2667;2025081313;    3;  32.3;  41.0;eor
       2667;2025081314;    3;  33.2;  38.0;eor
       2667;2025081315;    3;  33.7;  35.0;eor
       2667;2025081316;    3;  33.3;  40.0;eor
       2667;2025081317;    3;  32.3;  46.0;eor
       2667;2025081318;    3;  29.3;  59.0;eor
       2667;2025081319;    3;  26.3;  67.0;eor
       2667;2025081320;    3;  24.5;  74.0;eor
       2667;2025081321;    3;  23.4;  80.0;eor
       2667;2025081322;    3;  21.9;  84.0;eor
       2667;2025081323;    3;  20.8;  89.0;eor
       2667;2025081400;    3;  21.0;  87.0;eor
       2667;2025081401;    3;  19.8;  92.0;eor
       2667;2025081402;    3;  18.3;  88.0;eor
       2667;2025081403;    3;  18.3;  96.0;eor
       2667;2025081404;    3;  18.5;  96.0;eor
       2667;2025081405;    3;  19.0;  94.0;eor
       2667;2025081406;    3;  20.0;  90.0;eor
       2667;2025081407;    3;  22.9;  78.0;eor
       2667;2025081408;    3;  24.4;  71.0;eor
       2667;2025081409;    3;  27.1;  61.0;eor
       2667;2025081410;    3;  28.9;  54.0;eor
       2667;2025081411;    3;  29.9;  50.0;eor
       2667;2025081412;    3;  31.2;  46.0;eor
       2667;2025081413;    3;  31.3;  51.0;eor
       2667;2025081414;    3;  33.0;  44.0;eor
       2667;2025081415;    3;  32.6;  45.0;eor
       2667;2025081416;    3;  32.7;  41.0;eor
       2667;2025081417;    3;  32.2;  45.0;eor
       2667;2025081418;    3;  28.9;  59.0;eor
       2667;2025081419;    3;  26.4;  65.0;eor
       2667;2025081420;    3;  25.0;  71.0;eor
       2667;2025081421;    3;  24.7;  71.0;eor
       2667;2025081422;    3;  23.5;  75.0;eor
       2667;2025081423;    3;  23.9;  79.0;eor
       2667;2025081500;    3;  22.5;  81.0;eor
       2667;2025081501;    3;  21.8;  77.0;eor
       2667;2025081502;    3;  20.6;  80.0;eor
       2667;2025081503;    3;  19.7;  85.0;eor
       2667;2025081504;    3;  18.9;  89.0;eor
       2667;2025081505;    3;  18.4;  92.0;eor
       2667;2025081506;    3;  19.3;  90.0;eor
       2667;2025081507;    3;  20.2;  87.0;eor
       2667;2025081508;    3;  21.9;  78.0;eor
       2667;2025081509;    3;  23.3;  70.0;eor
       2667;2025081510;    3;  24.6;  58.0;eor
       2667;2025081511;    3;  26.3;  52.0;eor
       2667;2025081512;    3;  27.2;  45.0;eor
       2667;2025081513;    3;  27.8;  44.0;eor
       2667;2025081514;    3;  28.5;  41.0;eor
       2667;2025081515;    3;  28.3;  41.0;eor
       2667;2025081516;    3;  28.2;  40.0;eor
       2667;2025081517;    3;  28.1;  42.0;eor
       2667;2025081518;    3;  26.6;  47.0;eor
       2667;2025081519;    3;  24.0;  57.0;eor
       2667;2025081520;    3;  22.0;  64.0;eor
       2667;2025081521;    3;  19.8;  75.0;eor
       2667;2025081522;    3;  18.7;  81.0;eor
       2667;2025081523;    3;  18.0;  84.0;eor
       2667;2025081600;    3;  17.7;  86.0;eor
       2667;2025081601;    3;  17.1;  88.0;eor
       2667;2025081602;    3;  16.4;  91.0;eor
       2667;2025081603;    3;  16.6;  91.0;eor
       2667;2025081604;    3;  16.1;  95.0;eor
       2667;2025081605;    3;  17.6;  94.0;eor
       2667;2025081606;    3;  18.1;  88.0;eor
       2667;2025081607;    3;  18.7;  78.0;eor
       2667;2025081608;    3;  19.3;  74.0;eor
       2667;2025081609;    3;  20.0;  71.0;eor
       2667;2025081610;    3;  19.9;  72.0;eor
       2667;2025081611;    3;  20.2;  69.0;eor
       2667;2025081612;    3;  20.4;  68.0;eor
       2667;2025081613;    3;  20.4;  66.0;eor
       2667;2025081614;    3;  20.3;  72.0;eor
       2667;2025081615;    3;  20.3;  72.0;eor
       2667;2025081616;    3;  19.9;  75.0;eor
       2667;2025081617;    3;  19.5;  74.0;eor
       2667;2025081618;    3;  19.4;  71.0;eor
       2667;2025081619;    3;  18.9;  71.0;eor
       2667;2025081620;    3;  18.5;  73.0;eor
       2667;2025081621;    3;  17.6;  75.0;eor
       2667;2025081622;    3;  17.5;  75.0;eor
       2667;2025081623;    3;  15.1;  80.0;eor
       2667;2025081700;    3;  15.1;  76.0;eor
       2667;2025081701;    3;  13.8;  78.0;eor
       2667;2025081702;    3;  12.4;  84.0;eor
       2667;2025081703;    3;  11.0;  90.0;eor
       2667;2025081704;    3;  10.0;  92.0;eor
       2667;2025081705;    3;  10.1;  92.0;eor
       2667;2025081706;    3;  12.0;  83.0;eor
       2667;2025081707;    3;  14.0;  77.0;eor
       2667;2025081708;    3;  15.2;  73.0;eor
       2667;2025081709;    3;  17.1;  64.0;eor
       2667;2025081710;    3;  18.2;  60.0;eor
       2667;2025081711;    3;  19.0;  58.0;eor
       2667;2025081712;    3;  20.0;  56.0;eor
       2667;2025081713;    3;  20.1;  56.0;eor
       2667;2025081714;    3;  20.3;  59.0;eor
       2667;2025081715;    3;  19.4;  63.0;eor
       2667;2025081716;    3;  19.6;  61.0;eor
       2667;2025081717;    3;  19.4;  63.0;eor
       2667;2025081718;    3;  18.9;  67.0;eor
       2667;2025081719;    3;  18.2;  72.0;eor
       2667;2025081720;    3;  17.8;  76.0;eor
       2667;2025081721;    3;  17.7;  78.0;eor
       2667;2025081722;    3;  17.7;  78.0;eor
       2667;2025081723;    3;  17.6;  79.0;eor
       2667;2025081800;    3;  17.0;  82.0;eor
       2667;2025081801;    3;  15.5;  89.0;eor
       2667;2025081802;    3;  13.9;  94.0;eor
       2667;2025081803;    3;  13.3;  95.0;eor
       2667;2025081804;    3;  13.1;  95.0;eor
       2667;2025081805;    3;  11.6;  93.0;eor
       2667;2025081806;    3;  14.1;  88.0;eor
       2667;2025081807;    3;  16.4;  79.0;eor
       2667;2025081808;    3;  19.3;  69.0;eor
       2667;2025081809;    3;  21.4;  58.0;eor
       2667;2025081810;    3;  22.1;  53.0;eor
       2667;2025081811;    3;  23.5;  47.0;eor
       2667;2025081812;    3;  24.8;  45.0;eor
       2667;2025081813;    3;  25.5;  43.0;eor
       2667;2025081814;    3;  25.3;  39.0;eor
       2667;2025081815;    3;  26.0;  36.0;eor
       2667;2025081816;    3;  26.0;  37.0;eor
       2667;2025081817;    3;  25.4;  40.0;eor
       2667;2025081818;    3;  24.6;  43.0;eor
       2667;2025081819;    3;  19.8;  60.0;eor
       2667;2025081820;    3;  17.5;  70.0;eor
       2667;2025081821;    3;  18.7;  64.0;eor
       2667;2025081822;    3;  17.7;  66.0;eor
       2667;2025081823;    3;  17.2;  66.0;eor
       2667;2025081900;    3;  13.4;  84.0;eor
       2667;2025081901;    3;  12.9;  86.0;eor
       2667;2025081902;    3;  12.5;  88.0;eor
       2667;2025081903;    3;  11.3;  92.0;eor
       2667;2025081904;    3;  12.9;  85.0;eor
       2667;2025081905;    3;  10.6;  94.0;eor
       2667;2025081906;    3;  12.4;  91.0;eor
       2667;2025081907;    3;  18.2;  68.0;eor
       2667;2025081908;    3;  20.5;  57.0;eor
       2667;2025081909;    3;  23.3;  52.0;eor
       2667;2025081910;    3;  24.8;  48.0;eor
       2667;2025081911;    3;  27.3;  39.0;eor
       2667;2025081912;    3;  27.6;  37.0;eor
       2667;2025081913;    3;  27.8;  35.0;eor
       2667;2025081914;    3;  28.4;  36.0;eor
       2667;2025081915;    3;  29.9;  34.0;eor
       2667;2025081916;    3;  28.0;  37.0;eor
       2667;2025081917;    3;  28.2;  37.0;eor
       2667;2025081918;    3;  25.6;  48.0;eor
       2667;2025081919;    3;  22.0;  60.0;eor
       2667;2025081920;    3;  21.7;  61.0;eor
       2667;2025081921;    3;  19.4;  68.0;eor
       2667;2025081922;    3;  18.5;  71.0;eor
       2667;2025081923;    3;  20.0;  64.0;eor
       2667;2025082000;    3;  18.6;  72.0;eor
       2667;2025082001;    3;  16.5;  82.0;eor
       2667;2025082002;    3;  16.3;  86.0;eor
       2667;2025082003;    3;  15.3;  89.0;eor
       2667;2025082004;    3;  15.1;  92.0;eor
       2667;2025082005;    3;  14.5;  94.0;eor
       2667;2025082006;    3;  15.4;  92.0;eor
       2667;2025082007;    3;  17.2;  84.0;eor
       2667;2025082008;    3;  18.3;  76.0;eor
       2667;2025082009;    3;  19.0;  72.0;eor
       2667;2025082010;    3;  20.1;  68.0;eor
       2667;2025082011;    3;  21.3;  62.0;eor
       2667;2025082012;    3;  22.2;  58.0;eor
       2667;2025082013;    3;  22.9;  54.0;eor
       2667;2025082014;    3;  23.8;  52.0;eor
       2667;2025082015;    3;  24.1;  50.0;eor
       2667;2025082016;    3;  23.6;  51.0;eor
       2667;2025082017;    3;  23.3;  50.0;eor
       2667;2025082018;    3;  21.9;  55.0;eor
       2667;2025082019;    3;  20.8;  57.0;eor
       2667;2025082020;    3;  19.3;  63.0;eor
       2667;2025082021;    3;  17.0;  72.0;eor
       2667;2025082022;    3;  15.3;  80.0;eor
       2667;2025082023;    3;  14.2;  84.0;eor
       2667;2025082100;    3;  13.2;  87.0;eor
       2667;2025082101;    3;  12.8;  88.0;eor
       2667;2025082102;    3;  11.8;  91.0;eor
       2667;2025082103;    3;  11.0;  92.0;eor
       2667;2025082104;    3;  10.7;  94.0;eor
       2667;2025082105;    3;  11.2;  95.0;eor
       2667;2025082106;    3;  14.3;  83.0;eor
       2667;2025082107;    3;  14.9;  83.0;eor
       2667;2025082108;    3;  17.3;  73.0;eor
       2667;2025082109;    3;  18.9;  69.0;eor
       2667;2025082110;    3;  22.4;  58.0;eor
       2667;2025082111;    3;  22.6;  56.0;eor
       2667;2025082112;    3;  22.9;  52.0;eor
       2667;2025082113;    3;  22.3;  50.0;eor
       2667;2025082114;    3;  24.2;  42.0;eor
       2667;2025082115;    3;  22.9;  46.0;eor
       2667;2025082116;    3;  23.8;  40.0;eor
       2667;2025082117;    3;  22.5;  40.0;eor
       2667;2025082118;    3;  21.0;  45.0;eor
       2667;2025082119;    3;  19.0;  53.0;eor
       2667;2025082120;    3;  16.7;  63.0;eor
       2667;2025082121;    3;  15.8;  64.0;eor
       2667;2025082122;    3;  14.1;  70.0;eor
       2667;2025082123;    3;  13.1;  75.0;eor
       2667;2025082200;    3;  12.7;  77.0;eor
       2667;2025082201;    3;  13.1;  73.0;eor
       2667;2025082202;    3;  12.0;  77.0;eor
       2667;2025082203;    3;   9.7;  86.0;eor
       2667;2025082204;    3;  10.2;  86.0;eor
       2667;2025082205;    3;  11.2;  85.0;eor
       2667;2025082206;    3;  11.9;  81.0;eor
       2667;2025082207;    3;  13.1;  78.0;eor
       2667;2025082208;    3;  14.3;  74.0;eor
       2667;2025082209;    3;  15.7;  69.0;eor
       2667;2025082210;    3;  15.7;  62.0;eor
       2667;2025082211;    3;  16.7;  57.0;eor
       2667;2025082212;    3;  16.6;  56.0;eor
       2667;2025082213;    3;  17.6;  54.0;eor
       2667;2025082214;    3;  18.2;  48.0;eor
       2667;2025082215;    3;  17.6;  53.0;eor
       2667;2025082216;    3;  18.0;  53.0;eor
       2667;2025082217;    3;  17.5;  55.0;eor
       2667;2025082218;    3;  16.6;  59.0;eor
       2667;2025082219;    3;  16.5;  59.0;eor
       2667;2025082220;    3;  15.3;  67.0;eor
       2667;2025082221;    3;  13.9;  74.0;eor
       2667;2025082222;    3;  13.3;  79.0;eor
       2667;2025082223;    3;  13.1;  81.0;eor
       2667;2025082300;    3;  13.2;  80.0;eor
       2667;2025082301;    3;  12.0;  86.0;eor
       2667;2025082302;    3;  12.3;  85.0;eor
       2667;2025082303;    3;  12.8;  82.0;eor
       2667;2025082304;    3;  12.9;  82.0;eor
       2667;2025082305;    3;  13.3;  80.0;eor
       2667;2025082306;    3;  13.7;  77.0;eor
       2667;2025082307;    3;  13.4;  83.0;eor
       2667;2025082308;    3;  12.5;  92.0;eor
       2667;2025082309;    3;  14.0;  88.0;eor
       2667;2025082310;    3;  15.0;  76.0;eor
       2667;2025082311;    3;  16.3;  71.0;eor
       2667;2025082312;    3;  18.2;  52.0;eor
       2667;2025082313;    3;  16.0;  62.0;eor
       2667;2025082314;    3;  18.3;  54.0;eor
       2667;2025082315;    3;  18.0;  51.0;eor
       2667;2025082316;    3;  19.0;  46.0;eor
       2667;2025082317;    3;  18.7;  49.0;eor
       2667;2025082318;    3;  16.9;  56.0;eor
       2667;2025082319;    3;  14.4;  67.0;eor
       2667;2025082320;    3;  11.9;  78.0;eor
       2667;2025082321;    3;  10.5;  87.0;eor
       2667;2025082322;    3;   9.3;  90.0;eor
       2667;2025082323;    3;   8.9;  91.0;eor
       2667;2025082400;    3;   7.3;  94.0;eor
       2667;2025082401;    3;   7.5;  95.0;eor
       2667;2025082402;    3;   7.4;  95.0;eor
       2667;2025082403;    3;   8.2;  95.0;eor
       2667;2025082404;    3;   9.1;  92.0;eor
       2667;2025082405;    3;   8.9;  92.0;eor
       2667;2025082406;    3;   8.8;  93.0;eor
       2667;2025082407;    3;  12.0;  79.0;eor
       2667;2025082408;    3;  14.4;  69.0;eor
       2667;2025082409;    3;  16.8;  63.0;eor
       2667;2025082410;    3;  18.5;  49.0;eor
       2667;2025082411;    3;  19.6;  44.0;eor
       2667;2025082412;    3;  19.1;  44.0;eor
       2667;2025082413;    3;  18.9;  44.0;eor
       2667;2025082414;    3;  19.8;  45.0;eor
       2667;2025082415;    3;  20.6;  41.0;eor
       2667;2025082416;    3;  19.9;  40.0;eor
       2667;2025082417;    3;  19.4;  41.0;eor
       2667;2025082418;    3;  17.9;  46.0;eor
       2667;2025082419;    3;  13.3;  65.0;eor
       2667;2025082420;    3;  12.2;  69.0;eor
       2667;2025082421;    3;   9.8;  78.0;eor
       2667;2025082422;    3;   8.9;  84.0;eor
       2667;2025082423;    3;   8.6;  84.0;eor
       2667;2025082500;    3;   8.0;  85.0;eor
       2667;2025082501;    3;   6.7;  89.0;eor
       2667;2025082502;    3;   6.1;  94.0;eor
       2667;2025082503;    3;   5.3;  94.0;eor
       2667;2025082504;    3;   5.3;  95.0;eor
       2667;2025082505;    3;   4.2;  93.0;eor
       2667;2025082506;    3;   6.6;  90.0;eor
       2667;2025082507;    3;  11.6;  73.0;eor
       2667;2025082508;    3;  14.8;  63.0;eor
       2667;2025082509;    3;  17.5;  52.0;eor
       2667;2025082510;    3;  19.2;  45.0;eor
       2667;2025082511;    3;  20.2;  43.0;eor
       2667;2025082512;    3;  21.0;  38.0;eor
       2667;2025082513;    3;  21.2;  38.0;eor
       2667;2025082514;    3;  22.3;  34.0;eor
       2667;2025082515;    3;  22.8;  32.0;eor
       2667;2025082516;    3;  22.7;  32.0;eor
       2667;2025082517;    3;  23.5;  34.0;eor
       2667;2025082518;    3;  20.7;  45.0;eor
       2667;2025082519;    3;  15.8;  61.0;eor
       2667;2025082520;    3;  13.4;  69.0;eor
       2667;2025082521;    3;  12.3;  74.0;eor
       2667;2025082522;    3;  13.3;  68.0;eor
       2667;2025082523;    3;  11.5;  74.0;eor
       2667;2025082600;    3;  13.7;  65.0;eor
       2667;2025082601;    3;  12.8;  68.0;eor
       2667;2025082602;    3;  10.7;  78.0;eor
       2667;2025082603;    3;  12.1;  69.0;eor
       2667;2025082604;    3;  12.5;  68.0;eor
       2667;2025082605;    3;  11.5;  73.0;eor
       2667;2025082606;    3;  12.6;  70.0;eor
       2667;2025082607;    3;  16.4;  58.0;eor
       2667;2025082608;    3;  18.7;  51.0;eor
       2667;2025082609;    3;  21.3;  45.0;eor
       2667;2025082610;    3;  24.2;  38.0;eor
       2667;2025082611;    3;  25.9;  35.0;eor
       2667;2025082612;    3;  27.2;  30.0;eor
       2667;2025082613;    3;  28.9;  29.0;eor
       2667;2025082614;    3;  28.3;  30.0;eor
       2667;2025082615;    3;  29.0;  30.0;eor
       2667;2025082616;    3;  27.4;  34.0;eor
       2667;2025082617;    3;  25.9;  39.0;eor
       2667;2025082618;    3;  24.9;  47.0;eor
       2667;2025082619;    3;  23.2;  48.0;eor
       2667;2025082620;    3;  23.7;  46.0;eor
       2667;2025082621;    3;  22.7;  48.0;eor
       2667;2025082622;    3;  19.7;  60.0;eor
       2667;2025082623;    3;  19.1;  62.0;eor
       2667;2025082700;    3;  20.8;  61.0;eor
       2667;2025082701;    3;  18.7;  71.0;eor
       2667;2025082702;    3;  17.2;  77.0;eor
       2667;2025082703;    3;  15.9;  83.0;eor
       2667;2025082704;    3;  15.0;  86.0;eor
       2667;2025082705;    3;  13.4;  91.0;eor
       2667;2025082706;    3;  14.8;  87.0;eor
       2667;2025082707;    3;  19.1;  70.0;eor
       2667;2025082708;    3;  21.6;  58.0;eor
       2667;2025082709;    3;  22.1;  59.0;eor
       2667;2025082710;    3;  23.6;  55.0;eor
       2667;2025082711;    3;  26.2;  50.0;eor
       2667;2025082712;    3;  26.4;  48.0;eor
       2667;2025082713;    3;  26.4;  49.0;eor
       2667;2025082714;    3;  25.5;  49.0;eor
       2667;2025082715;    3;  25.3;  51.0;eor
       2667;2025082716;    3;  25.2;  55.0;eor
       2667;2025082717;    3;  25.1;  55.0;eor
       2667;2025082718;    3;  23.2;  62.0;eor
       2667;2025082719;    3;  19.7;  77.0;eor
       2667;2025082720;    3;  20.2;  75.0;eor
       2667;2025082721;    3;  18.9;  78.0;eor
       2667;2025082722;    3;  19.0;  78.0;eor
       2667;2025082723;    3;  19.3;  76.0;eor
       2667;2025082800;    3;  18.8;  79.0;eor
       2667;2025082801;    3;  18.7;  81.0;eor
       2667;2025082802;    3;  18.0;  85.0;eor
       2667;2025082803;    3;  18.1;  86.0;eor
       2667;2025082804;    3;  18.8;  83.0;eor
       2667;2025082805;    3;  18.0;  86.0;eor
       2667;2025082806;    3;  18.0;  87.0;eor
       2667;2025082807;    3;  18.8;  85.0;eor
       2667;2025082808;    3;  19.8;  81.0;eor
       2667;2025082809;    3;  21.1;  73.0;eor
       2667;2025082810;    3;  22.4;  70.0;eor
       2667;2025082811;    3;  23.9;  63.0;eor
       2667;2025082812;    3;  23.1;  63.0;eor
       2667;2025082813;    3;  17.6;  90.0;eor
       2667;2025082814;    3;  19.4;  82.0;eor
       2667;2025082815;    3;  21.9;  78.0;eor
       2667;2025082816;    3;  22.3;  71.0;eor
       2667;2025082817;    3;  22.4;  69.0;eor
       2667;2025082818;    3;  20.9;  76.0;eor
       2667;2025082819;    3;  17.7;  85.0;eor
       2667;2025082820;    3;  16.4;  96.0;eor
       2667;2025082821;    3;  16.3;  93.0;eor
       2667;2025082822;    3;  15.3;  96.0;eor
       2667;2025082823;    3;  15.1;  96.0;eor
       2667;2025082900;    3;  15.6;  91.0;eor
       2667;2025082901;    3;  14.5;  95.0;eor
       2667;2025082902;    3;  14.7;  93.0;eor
       2667;2025082903;    3;  14.2;  94.0;eor
       2667;2025082904;    3;  14.2;  93.0;eor
       2667;2025082905;    3;  14.5;  90.0;eor
       2667;2025082906;    3;  14.4;  90.0;eor
       2667;2025082907;    3;  16.5;  82.0;eor
       2667;2025082908;    3;  18.7;  74.0;eor
       2667;2025082909;    3;  20.2;  57.0;eor
       2667;2025082910;    3;  22.1;  53.0;eor
       2667;2025082911;    3;  22.5;  45.0;eor
       2667;2025082912;    3;  23.2;  45.0;eor
       2667;2025082913;    3;  23.9;  41.0;eor
       2667;2025082914;    3;  23.9;  41.0;eor
       2667;2025082915;    3;  23.2;  45.0;eor
       2667;2025082916;    3;  21.5;  52.0;eor
       2667;2025082917;    3;  16.8;  85.0;eor
       2667;2025082918;    3;  16.7;  87.0;eor
       2667;2025082919;    3;  16.0;  87.0;eor
       2667;2025082920;    3;  15.8;  89.0;eor
       2667;2025082921;    3;  15.8;  87.0;eor
       2667;2025082922;    3;  15.4;  89.0;eor
       2667;2025082923;    3;  14.6;  92.0;eor
       2667;2025083000;    3;  14.4;  91.0;eor
       2667;2025083001;    3;  13.6;  92.0;eor
       2667;2025083002;    3;  13.7;  92.0;eor
       2667;2025083003;    3;  14.1;  91.0;eor
       2667;2025083004;    3;  14.1;  87.0;eor
       2667;2025083005;    3;  13.5;  87.0;eor
       2667;2025083006;    3;  14.6;  85.0;eor
       2667;2025083007;    3;  16.4;  81.0;eor
       2667;2025083008;    3;  17.9;  67.0;eor
       2667;2025083009;    3;  19.0;  63.0;eor
       2667;2025083010;    3;  20.7;  57.0;eor
       2667;2025083011;    3;  21.4;  54.0;eor
       2667;2025083012;    3;  17.6;  84.0;eor
       2667;2025083013;    3;  21.4;  56.0;eor
       2667;2025083014;    3;  20.9;  63.0;eor
       2667;2025083015;    3;  21.4;  52.0;eor
       2667;2025083016;    3;  22.1;  52.0;eor
       2667;2025083017;    3;  22.2;  49.0;eor
       2667;2025083018;    3;  20.8;  51.0;eor
       2667;2025083019;    3;  17.9;  60.0;eor
       2667;2025083020;    3;  15.7;  71.0;eor
       2667;2025083021;    3;  16.3;  70.0;eor
       2667;2025083022;    3;  16.3;  69.0;eor
       2667;2025083023;    3;  15.9;  71.0;eor
       2667;2025083100;    3;  15.5;  72.0;eor
       2667;2025083101;    3;  15.0;  74.0;eor
       2667;2025083102;    3;  15.4;  73.0;eor
       2667;2025083103;    3;  15.6;  73.0;eor
       2667;2025083104;    3;  15.6;  75.0;eor
       2667;2025083105;    3;  15.3;  82.0;eor
       2667;2025083106;    3;  14.9;  92.0;eor
       2667;2025083107;    3;  16.0;  86.0;eor
       2667;2025083108;    3;  17.0;  83.0;eor
       2667;2025083109;    3;  16.8;  94.0;eor
       2667;2025083110;    3;  17.5;  92.0;eor
       2667;2025083111;    3;  19.8;  81.0;eor
       2667;2025083112;    3;  21.7;  70.0;eor
       2667;2025083113;    3;  22.9;  64.0;eor
       2667;2025083114;    3;  23.3;  63.0;eor
       2667;2025083115;    3;  24.2;  59.0;eor
       2667;2025083116;    3;  23.3;  62.0;eor
       2667;2025083117;    3;  23.5;  60.0;eor
       2667;2025083118;    3;  21.7;  66.0;eor
       2667;2025083119;    3;  20.9;  69.0;eor
       2667;2025083120;    3;  20.6;  70.0;eor
       2667;2025083121;    3;  20.1;  74.0;eor
       2667;2025083122;    3;  19.7;  77.0;eor
       2667;2025083123;    3;  19.0;  85.0;eor
       2667;2025090100;    3;  18.0;  90.0;eor
       2667;2025090101;    3;  17.8;  96.0;eor
       2667;2025090102;    3;  16.6;  99.0;eor
       2667;2025090103;    3;  16.3;  96.0;eor
       2667;2025090104;    3;  15.8;  95.0;eor
       2667;2025090105;    3;  15.5;  94.0;eor
       2667;2025090106;    3;  15.4;  94.0;eor
       2667;2025090107;    3;  16.6;  94.0;eor
       2667;2025090108;    3;  17.1;  89.0;eor
       2667;2025090109;    3;  18.1;  81.0;eor
       2667;2025090110;    3;  18.5;  80.0;eor
       2667;2025090111;    3;  18.1;  84.0;eor
       2667;2025090112;    3;  19.3;  77.0;eor
       2667;2025090113;    3;  20.4;  71.0;eor
       2667;2025090114;    3;  22.0;  64.0;eor
       2667;2025090115;    3;  21.8;  64.0;eor
       2667;2025090116;    3;  21.6;  64.0;eor
       2667;2025090117;    3;  21.8;  59.0;eor
       2667;2025090118;    3;  20.3;  66.0;eor
       2667;2025090119;    3;  18.5;  65.0;eor
       2667;2025090120;    3;  17.7;  73.0;eor
       2667;2025090121;    3;  17.4;  75.0;eor
       2667;2025090122;    3;  16.6;  77.0;eor
       2667;2025090123;    3;  16.6;  79.0;eor
       2667;2025090200;    3;  16.8;  78.0;eor
       2667;2025090201;    3;  16.8;  76.0;eor
       2667;2025090202;    3;  15.3;  83.0;eor
       2667;2025090203;    3;  15.7;  80.0;eor
       2667;2025090204;    3;  15.2;  82.0;eor
       2667;2025090205;    3;  14.8;  81.0;eor
       2667;2025090206;    3;  14.4;  82.0;eor
       2667;2025090207;    3;  15.8;  73.0;eor
       2667;2025090208;    3;  16.7;  71.0;eor
       2667;2025090209;    3;  17.8;  63.0;eor
       2667;2025090210;    3;  18.9;  55.0;eor
       2667;2025090211;    3;  21.1;  52.0;eor
       2667;2025090212;    3;  21.0;  50.0;eor
       2667;2025090213;    3;  20.7;  49.0;eor
       2667;2025090214;    3;  21.0;  45.0;eor
       2667;2025090215;    3;  22.5;  43.0;eor
       2667;2025090216;    3;  21.3;  44.0;eor
       2667;2025090217;    3;  20.4;  46.0;eor
       2667;2025090218;    3;  19.5;  51.0;eor
       2667;2025090219;    3;  18.7;  56.0;eor
       2667;2025090220;    3;  18.4;  58.0;eor
       2667;2025090221;    3;  18.4;  58.0;eor
       2667;2025090222;    3;  17.8;  63.0;eor
       2667;2025090223;    3;  18.4;  60.0;eor
       2667;2025090300;    3;  18.0;  65.0;eor
       2667;2025090301;    3;  17.2;  73.0;eor
       2667;2025090302;    3;  16.7;  77.0;eor
       2667;2025090303;    3;  16.2;  80.0;eor
       2667;2025090304;    3;  16.4;  80.0;eor
       2667;2025090305;    3;  16.3;  82.0;eor
       2667;2025090306;    3;  16.8;  81.0;eor
       2667;2025090307;    3;  17.9;  78.0;eor
       2667;2025090308;    3;  19.3;  73.0;eor
       2667;2025090309;    3;  19.9;  66.0;eor
       2667;2025090310;    3;  20.1;  68.0;eor
       2667;2025090311;    3;  21.5;  64.0;eor
       2667;2025090312;    3;  23.1;  60.0;eor
       2667;2025090313;    3;  22.4;  62.0;eor
       2667;2025090314;    3;  22.6;  63.0;eor
       2667;2025090315;    3;  22.8;  63.0;eor
       2667;2025090316;    3;  23.8;  58.0;eor
       2667;2025090317;    3;  23.5;  60.0;eor
       2667;2025090318;    3;  23.5;  60.0;eor
       2667;2025090319;    3;  22.1;  65.0;eor
       2667;2025090320;    3;  22.2;  63.0;eor
       2667;2025090321;    3;  22.0;  63.0;eor
       2667;2025090322;    3;  21.7;  65.0;eor
       2667;2025090323;    3;  19.4;  77.0;eor
       2667;2025090400;    3;  19.1;  80.0;eor
       2667;2025090401;    3;  18.2;  84.0;eor
       2667;2025090402;    3;  20.0;  69.0;eor
       2667;2025090403;    3;  18.9;  72.0;eor
       2667;2025090404;    3;  18.3;  73.0;eor
       2667;2025090405;    3;  16.2;  83.0;eor
       2667;2025090406;    3;  17.1;  78.0;eor
       2667;2025090407;    3;  19.1;  72.0;eor
       2667;2025090408;    3;  19.7;  67.0;eor
       2667;2025090409;    3;  20.8;  59.0;eor
       2667;2025090410;    3;  21.9;  54.0;eor
       2667;2025090411;    3;  22.1;  53.0;eor
       2667;2025090412;    3;  21.7;  54.0;eor
       2667;2025090413;    3;  22.1;  53.0;eor
       2667;2025090414;    3;  21.5;  56.0;eor
       2667;2025090415;    3;  21.6;  58.0;eor
       2667;2025090416;    3;  21.8;  58.0;eor
       2667;2025090417;    3;  21.0;  60.0;eor
       2667;2025090418;    3;  19.4;  68.0;eor
       2667;2025090419;    3;  19.0;  72.0;eor
       2667;2025090420;    3;  18.7;  74.0;eor
       2667;2025090421;    3;  15.6;  90.0;eor
       2667;2025090422;    3;  15.2;  94.0;eor
       2667;2025090423;    3;  15.2;  96.0;eor
       2667;2025090500;    3;  15.3;  96.0;eor
       2667;2025090501;    3;  15.4;  94.0;eor
       2667;2025090502;    3;  15.6;  88.0;eor
       2667;2025090503;    3;  14.3;  90.0;eor
       2667;2025090504;    3;  13.5;  91.0;eor
       2667;2025090505;    3;  12.3;  95.0;eor
       2667;2025090506;    3;  12.7;  94.0;eor
       2667;2025090507;    3;  14.6;  86.0;eor
       2667;2025090508;    3;  15.8;  82.0;eor
       2667;2025090509;    3;  17.8;  75.0;eor
       2667;2025090510;    3;  18.9;  66.0;eor
       2667;2025090511;    3;  18.3;  66.0;eor
       2667;2025090512;    3;  20.5;  54.0;eor
       2667;2025090513;    3;  19.4;  61.0;eor
       2667;2025090514;    3;  16.4;  84.0;eor
       2667;2025090515;    3;  20.0;  68.0;eor
       2667;2025090516;    3;  20.1;  64.0;eor
       2667;2025090517;    3;  18.8;  66.0;eor
       2667;2025090518;    3;  18.2;  70.0;eor
       2667;2025090519;    3;  15.8;  85.0;eor
       2667;2025090520;    3;  15.2;  84.0;eor
       2667;2025090521;    3;  13.8;  89.0;eor
       2667;2025090522;    3;  12.5;  93.0;eor
       2667;2025090523;    3;  11.2;  96.0;eor
       2667;2025090600;    3;  11.1;  96.0;eor
       2667;2025090601;    3;  10.5;  97.0;eor
       2667;2025090602;    3;  11.2;  96.0;eor
       2667;2025090603;    3;  10.6;  96.0;eor
       2667;2025090604;    3;  10.1;  98.0;eor
       2667;2025090605;    3;   8.2;  97.0;eor
       2667;2025090606;    3;   9.1;  96.0;eor
       2667;2025090607;    3;  11.9;  92.0;eor
       2667;2025090608;    3;  14.7;  82.0;eor
       2667;2025090609;    3;  17.9;  72.0;eor
       2667;2025090610;    3;  19.9;  61.0;eor
       2667;2025090611;    3;  21.2;  49.0;eor
       2667;2025090612;    3;  21.9;  52.0;eor
       2667;2025090613;    3;  22.4;  41.0;eor
       2667;2025090614;    3;  22.9;  46.0;eor
       2667;2025090615;    3;  22.8;  42.0;eor
       2667;2025090616;    3;  22.2;  48.0;eor
       2667;2025090617;    3;  21.7;  52.0;eor
       2667;2025090618;    3;  19.0;  63.0;eor
       2667;2025090619;    3;  17.6;  67.0;eor
       2667;2025090620;    3;  17.3;  65.0;eor
       2667;2025090621;    3;  15.9;  71.0;eor
       2667;2025090622;    3;  16.1;  68.0;eor
       2667;2025090623;    3;  16.0;  67.0;eor
       2667;2025090700;    3;  15.2;  70.0;eor
       2667;2025090701;    3;  15.3;  70.0;eor
       2667;2025090702;    3;  15.0;  71.0;eor
       2667;2025090703;    3;  14.9;  71.0;eor
       2667;2025090704;    3;  14.6;  72.0;eor
       2667;2025090705;    3;  14.1;  74.0;eor
       2667;2025090706;    3;  14.4;  74.0;eor
       2667;2025090707;    3;  16.5;  70.0;eor
       2667;2025090708;    3;  18.7;  65.0;eor
       2667;2025090709;    3;  19.9;  59.0;eor
       2667;2025090710;    3;  21.7;  55.0;eor
       2667;2025090711;    3;  22.4;  50.0;eor
       2667;2025090712;    3;  24.2;  46.0;eor
       2667;2025090713;    3;  25.4;  42.0;eor
       2667;2025090714;    3;  25.6;  41.0;eor
       2667;2025090715;    3;  25.7;  41.0;eor
       2667;2025090716;    3;  25.8;  42.0;eor
       2667;2025090717;    3;  25.1;  43.0;eor
       2667;2025090718;    3;  23.3;  48.0;eor
       2667;2025090719;    3;  22.0;  52.0;eor
       2667;2025090720;    3;  20.5;  56.0;eor
       2667;2025090721;    3;  19.7;  58.0;eor
       2667;2025090722;    3;  19.0;  61.0;eor
       2667;2025090723;    3;  17.2;  69.0;eor
       2667;2025090800;    3;  17.9;  66.0;eor
       2667;2025090801;    3;  17.7;  66.0;eor
       2667;2025090802;    3;  17.2;  68.0;eor
       2667;2025090803;    3;  17.3;  68.0;eor
       2667;2025090804;    3;  15.3;  78.0;eor
       2667;2025090805;    3;  17.0;  71.0;eor
       2667;2025090806;    3;  15.9;  81.0;eor
       2667;2025090807;    3;  16.2;  86.0;eor
       2667;2025090808;    3;  15.5;  94.0;eor
       2667;2025090809;    3;  16.8;  90.0;eor
       2667;2025090810;    3;  17.5;  90.0;eor
       2667;2025090811;    3;  18.8;  88.0;eor
       2667;2025090812;    3;  18.1;  92.0;eor
       2667;2025090813;    3;  18.3;  93.0;eor
       2667;2025090814;    3;  19.7;  86.0;eor
       2667;2025090815;    3;  20.2;  85.0;eor
       2667;2025090816;    3;  20.8;  80.0;eor
       2667;2025090817;    3;  20.1;  84.0;eor
       2667;2025090818;    3;  18.5;  92.0;eor
       2667;2025090819;    3;  16.8;  96.0;eor
       2667;2025090820;    3;  16.6;  96.0;eor
       2667;2025090821;    3;  15.9;  97.0;eor
       2667;2025090822;    3;  16.0;  98.0;eor
       2667;2025090823;    3;  15.9;  98.0;eor
       2667;2025090900;    3;  16.2;  98.0;eor
       2667;2025090901;    3;  16.1;  95.0;eor
       2667;2025090902;    3;  16.2;  95.0;eor
       2667;2025090903;    3;  16.6;  95.0;eor
       2667;2025090904;    3;  16.5;  96.0;eor
       2667;2025090905;    3;  13.8;  92.0;eor
       2667;2025090906;    3;  13.6;  94.0;eor
       2667;2025090907;    3;  13.9;  95.0;eor
       2667;2025090908;    3;  14.1;  97.0;eor
       2667;2025090909;    3;  13.9;  97.0;eor
       2667;2025090910;    3;  14.3;  96.0;eor
       2667;2025090911;    3;  14.3;  96.0;eor
       2667;2025090912;    3;  14.4;  96.0;eor
       2667;2025090913;    3;  14.7;  97.0;eor
       2667;2025090914;    3;  14.7;  96.0;eor
       2667;2025090915;    3;  14.7;  95.0;eor
       2667;2025090916;    3;  15.1;  93.0;eor
       2667;2025090917;    3;  14.9;  92.0;eor
       2667;2025090918;    3;  14.5;  93.0;eor
       2667;2025090919;    3;  14.1;  96.0;eor
       2667;2025090920;    3;  13.4;  96.0;eor
       2667;2025090921;    3;  11.9;  98.0;eor
       2667;2025090922;    3;  11.3;  97.0;eor
       2667;2025090923;    3;  13.0;  98.0;eor
       2667;2025091000;    3;  13.2;  97.0;eor
       2667;2025091001;    3;  13.3;  96.0;eor
       2667;2025091002;    3;  13.1;  96.0;eor
       2667;2025091003;    3;  13.0;  96.0;eor
       2667;2025091004;    3;  12.0;  98.0;eor
       2667;2025091005;    3;  11.9;  98.0;eor
       2667;2025091006;    3;  11.7;  98.0;eor
       2667;2025091007;    3;  12.8;  96.0;eor
       2667;2025091008;    3;  13.4;  93.0;eor
       2667;2025091009;    3;  15.1;  85.0;eor
       2667;2025091010;    3;  15.4;  82.0;eor
       2667;2025091011;    3;  16.7;  77.0;eor
       2667;2025091012;    3;  18.1;  71.0;eor
       2667;2025091013;    3;  19.0;  61.0;eor
       2667;2025091014;    3;  20.0;  56.0;eor
       2667;2025091015;    3;  20.1;  54.0;eor
       2667;2025091016;    3;  20.2;  58.0;eor
       2667;2025091017;    3;  18.3;  67.0;eor
       2667;2025091018;    3;  16.4;  76.0;eor
       2667;2025091019;    3;  16.6;  77.0;eor
       2667;2025091020;    3;  16.0;  81.0;eor
       2667;2025091021;    3;  16.2;  81.0;eor
       2667;2025091022;    3;  16.0;  83.0;eor
       2667;2025091023;    3;  15.7;  87.0;eor
       2667;2025091100;    3;  15.9;  86.0;eor
       2667;2025091101;    3;  15.9;  85.0;eor
       2667;2025091102;    3;  15.9;  83.0;eor
       2667;2025091103;    3;  14.9;  91.0;eor
       2667;2025091104;    3;  15.7;  84.0;eor
       2667;2025091105;    3;  15.9;  83.0;eor
       2667;2025091106;    3;  16.0;  84.0;eor
       2667;2025091107;    3;  15.0;  92.0;eor
       2667;2025091108;    3;  14.9;  89.0;eor
       2667;2025091109;    3;  16.4;  79.0;eor
       2667;2025091110;    3;  18.3;  66.0;eor
       2667;2025091111;    3;  18.1;  58.0;eor
       2667;2025091112;    3;  18.5;  55.0;eor
       2667;2025091113;    3;  19.9;  51.0;eor
       2667;2025091114;    3;  19.4;  51.0;eor
       2667;2025091115;    3;  18.8;  54.0;eor
       2667;2025091116;    3;  19.0;  55.0;eor
       2667;2025091117;    3;  18.6;  55.0;eor
       2667;2025091118;    3;  17.3;  60.0;eor
       2667;2025091119;    3;  13.6;  87.0;eor
       2667;2025091120;    3;  12.7;  91.0;eor
       2667;2025091121;    3;  13.6;  89.0;eor
       2667;2025091122;    3;  13.0;  89.0;eor
       2667;2025091123;    3;  13.7;  90.0;eor
       2667;2025091200;    3;  12.3;  92.0;eor
       2667;2025091201;    3;  12.8;  84.0;eor
       2667;2025091202;    3;  13.3;  79.0;eor
       2667;2025091203;    3;  12.3;  83.0;eor
       2667;2025091204;    3;  11.4;  85.0;eor
       2667;2025091205;    3;  11.0;  87.0;eor
       2667;2025091206;    3;  12.0;  84.0;eor
       2667;2025091207;    3;  13.7;  77.0;eor
       2667;2025091208;    3;  15.4;  71.0;eor
       2667;2025091209;    3;  17.2;  62.0;eor
       2667;2025091210;    3;  16.7;  60.0;eor
       2667;2025091211;    3;  17.7;  57.0;eor
       2667;2025091212;    3;  18.1;  54.0;eor
       2667;2025091213;    3;  18.5;  51.0;eor
       2667;2025091214;    3;  18.3;  48.0;eor
       2667;2025091215;    3;  18.6;  48.0;eor
       2667;2025091216;    3;  19.5;  49.0;eor
       2667;2025091217;    3;  18.1;  50.0;eor
       2667;2025091218;    3;  15.9;  61.0;eor
       2667;2025091219;    3;  12.7;  73.0;eor
       2667;2025091220;    3;  13.7;  69.0;eor
       2667;2025091221;    3;  13.1;  71.0;eor
       2667;2025091222;    3;  11.3;  80.0;eor
       2667;2025091223;    3;  12.7;  74.0;eor
       2667;2025091300;    3;  12.8;  74.0;eor
       2667;2025091301;    3;  13.2;  72.0;eor
       2667;2025091302;    3;  12.2;  77.0;eor
       2667;2025091303;    3;  12.3;  81.0;eor
       2667;2025091304;    3;  13.0;  79.0;eor
       2667;2025091305;    3;  13.0;  82.0;eor
       2667;2025091306;    3;  12.1;  95.0;eor
       2667;2025091307;    3;  12.7;  92.0;eor
       2667;2025091308;    3;  13.0;  92.0;eor
       2667;2025091309;    3;  13.9;  92.0;eor
       2667;2025091310;    3;  15.5;  87.0;eor
       2667;2025091311;    3;  18.1;  70.0;eor
       2667;2025091312;    3;  19.7;  58.0;eor
       2667;2025091313;    3;  19.3;  54.0;eor
       2667;2025091314;    3;  20.0;  56.0;eor
       2667;2025091315;    3;  19.2;  61.0;eor
       2667;2025091316;    3;  18.7;  61.0;eor
       2667;2025091317;    3;  18.1;  64.0;eor
       2667;2025091318;    3;  17.6;  66.0;eor
       2667;2025091319;    3;  15.8;  77.0;eor
       2667;2025091320;    3;  15.5;  79.0;eor
       2667;2025091321;    3;  12.3;  86.0;eor
       2667;2025091322;    3;  11.4;  93.0;eor
       2667;2025091323;    3;  11.1;  93.0;eor
       2667;2025091400;    3;  10.6;  93.0;eor
       2667;2025091401;    3;  10.3;  94.0;eor
       2667;2025091402;    3;   9.8;  96.0;eor
       2667;2025091403;    3;  10.2;  94.0;eor
       2667;2025091404;    3;  10.8;  93.0;eor
       2667;2025091405;    3;  10.9;  92.0;eor
       2667;2025091406;    3;  10.7;  95.0;eor
       2667;2025091407;    3;  12.0;  90.0;eor
       2667;2025091408;    3;  14.3;  75.0;eor
       2667;2025091409;    3;  15.9;  71.0;eor
       2667;2025091410;    3;  17.0;  67.0;eor
       2667;2025091411;    3;  16.5;  65.0;eor
       2667;2025091412;    3;  18.5;  55.0;eor
       2667;2025091413;    3;  19.3;  46.0;eor
       2667;2025091414;    3;  19.7;  49.0;eor
       2667;2025091415;    3;  20.0;  49.0;eor
       2667;2025091416;    3;  19.7;  51.0;eor
       2667;2025091417;    3;  17.3;  64.0;eor
       2667;2025091418;    3;  17.6;  61.0;eor
       2667;2025091419;    3;  17.0;  66.0;eor
       2667;2025091420;    3;  15.8;  80.0;eor
       2667;2025091421;    3;  16.5;  81.0;eor
       2667;2025091422;    3;  16.9;  82.0;eor
       2667;2025091423;    3;  17.2;  82.0;eor
       2667;2025091500;    3;  18.0;  80.0;eor
       2667;2025091501;    3;  18.9;  80.0;eor
       2667;2025091502;    3;  18.5;  86.0;eor
       2667;2025091503;    3;  19.3;  83.0;eor
       2667;2025091504;    3;  20.7;  70.0;eor
       2667;2025091505;    3;  20.0;  74.0;eor
       2667;2025091506;    3;  20.2;  71.0;eor
       2667;2025091507;    3;  15.8;  88.0;eor
       2667;2025091508;    3;  17.6;  73.0;eor
       2667;2025091509;    3;  18.6;  67.0;eor
       2667;2025091510;    3;  19.3;  59.0;eor
       2667;2025091511;    3;  20.0;  55.0;eor
       2667;2025091512;    3;  20.9;  49.0;eor
       2667;2025091513;    3;  20.4;  46.0;eor
       2667;2025091514;    3;  20.6;  45.0;eor
       2667;2025091515;    3;  20.9;  45.0;eor
       2667;2025091516;    3;  20.2;  44.0;eor
       2667;2025091517;    3;  19.4;  46.0;eor
       2667;2025091518;    3;  17.0;  64.0;eor
       2667;2025091519;    3;  15.5;  75.0;eor
       2667;2025091520;    3;  15.6;  65.0;eor
       2667;2025091521;    3;  15.7;  65.0;eor
       2667;2025091522;    3;  15.5;  62.0;eor
       2667;2025091523;    3;  15.5;  63.0;eor
       2667;2025091600;    3;  15.6;  63.0;eor
       2667;2025091601;    3;  15.3;  65.0;eor
       2667;2025091602;    3;  15.5;  64.0;eor
       2667;2025091603;    3;  15.4;  64.0;eor
       2667;2025091604;    3;  14.4;  71.0;eor
       2667;2025091605;    3;  14.3;  70.0;eor
       2667;2025091606;    3;  14.6;  69.0;eor
       2667;2025091607;    3;  15.3;  67.0;eor
       2667;2025091608;    3;  15.3;  66.0;eor
       2667;2025091609;    3;  15.8;  65.0;eor
       2667;2025091610;    3;  16.7;  61.0;eor
       2667;2025091611;    3;  17.5;  59.0;eor
       2667;2025091612;    3;  18.1;  53.0;eor
       2667;2025091613;    3;  19.2;  52.0;eor
       2667;2025091614;    3;  17.8;  55.0;eor
       2667;2025091615;    3;  17.6;  65.0;eor
       2667;2025091616;    3;  17.0;  65.0;eor
       2667;2025091617;    3;  17.3;  60.0;eor
       2667;2025091618;    3;  16.8;  59.0;eor
       2667;2025091619;    3;  15.0;  63.0;eor
       2667;2025091620;    3;  14.6;  71.0;eor
       2667;2025091621;    3;  14.6;  71.0;eor
       2667;2025091622;    3;  14.1;  74.0;eor
       2667;2025091623;    3;  14.2;  72.0;eor
       2667;2025091700;    3;  13.8;  74.0;eor
       2667;2025091701;    3;  12.8;  77.0;eor
       2667;2025091702;    3;  11.6;  82.0;eor
       2667;2025091703;    3;  10.1;  88.0;eor
       2667;2025091704;    3;   9.2;  92.0;eor
       2667;2025091705;    3;  10.4;  90.0;eor
       2667;2025091706;    3;  11.3;  86.0;eor
       2667;2025091707;    3;  12.9;  81.0;eor
       2667;2025091708;    3;  14.9;  74.0;eor
       2667;2025091709;    3;  15.5;  70.0;eor
       2667;2025091710;    3;  16.6;  66.0;eor
       2667;2025091711;    3;  17.1;  66.0;eor
       2667;2025091712;    3;  17.6;  63.0;eor
       2667;2025091713;    3;  18.0;  61.0;eor
       2667;2025091714;    3;  18.3;  61.0;eor
       2667;2025091715;    3;  18.4;  60.0;eor
       2667;2025091716;    3;  17.9;  64.0;eor
       2667;2025091717;    3;  17.4;  68.0;eor
       2667;2025091718;    3;  17.4;  69.0;eor
       2667;2025091719;    3;  17.4;  69.0;eor
       2667;2025091720;    3;  17.2;  70.0;eor
       2667;2025091721;    3;  17.5;  70.0;eor
       2667;2025091722;    3;  16.8;  72.0;eor
       2667;2025091723;    3;  16.4;  74.0;eor
       2667;2025091800;    3;  15.8;  75.0;eor
       2667;2025091801;    3;  14.9;  78.0;eor
       2667;2025091802;    3;  16.4;  71.0;eor
       2667;2025091803;    3;  13.8;  82.0;eor
       2667;2025091804;    3;  13.6;  82.0;eor
       2667;2025091805;    3;  13.5;  83.0;eor
       2667;2025091806;    3;  13.7;  83.0;eor
       2667;2025091807;    3;  15.1;  80.0;eor
       2667;2025091808;    3;  16.3;  78.0;eor
       2667;2025091809;    3;  18.0;  74.0;eor
       2667;2025091810;    3;  18.9;  73.0;eor
       2667;2025091811;    3;  20.7;  68.0;eor
       2667;2025091812;    3;  22.2;  63.0;eor
       2667;2025091813;    3;  23.9;  58.0;eor
       2667;2025091814;    3;  24.3;  57.0;eor
       2667;2025091815;    3;  23.8;  61.0;eor
       2667;2025091816;    3;  23.3;  62.0;eor
       2667;2025091817;    3;  22.3;  66.0;eor
       2667;2025091818;    3;  19.3;  81.0;eor
       2667;2025091819;    3;  17.0;  91.0;eor
       2667;2025091820;    3;  15.7;  93.0;eor
       2667;2025091821;    3;  15.1;  95.0;eor
       2667;2025091822;    3;  14.9;  93.0;eor
       2667;2025091823;    3;  13.7;  96.0;eor
       2667;2025091900;    3;  13.5;  98.0;eor
       2667;2025091901;    3;  13.2;  98.0;eor
       2667;2025091902;    3;  14.3;  96.0;eor
       2667;2025091903;    3;  11.8;  95.0;eor
       2667;2025091904;    3;  12.1;  97.0;eor
       2667;2025091905;    3;  10.8;  97.0;eor
       2667;2025091906;    3;  12.9;  97.0;eor
       2667;2025091907;    3;  14.5;  91.0;eor
       2667;2025091908;    3;  16.9;  82.0;eor
       2667;2025091909;    3;  19.8;  71.0;eor
       2667;2025091910;    3;  22.5;  62.0;eor
       2667;2025091911;    3;  23.9;  53.0;eor
       2667;2025091912;    3;  25.6;  48.0;eor
       2667;2025091913;    3;  26.5;  45.0;eor
       2667;2025091914;    3;  27.2;  46.0;eor
       2667;2025091915;    3;  27.6;  41.0;eor
       2667;2025091916;    3;  27.0;  45.0;eor
       2667;2025091917;    3;  26.1;  47.0;eor
       2667;2025091918;    3;  23.3;  56.0;eor
       2667;2025091919;    3;  22.1;  57.0;eor
       2667;2025091920;    3;  21.4;  57.0;eor
       2667;2025091921;    3;  19.6;  62.0;eor
       2667;2025091922;    3;  19.4;  60.0;eor
       2667;2025091923;    3;  19.0;  60.0;eor
       2667;2025092000;    3;  18.0;  63.0;eor
       2667;2025092001;    3;  18.4;  62.0;eor
       2667;2025092002;    3;  17.6;  67.0;eor
       2667;2025092003;    3;  17.4;  69.0;eor
       2667;2025092004;    3;  16.4;  74.0;eor
       2667;2025092005;    3;  16.4;  74.0;eor
       2667;2025092006;    3;  16.6;  76.0;eor
       2667;2025092007;    3;  18.2;  73.0;eor
       2667;2025092008;    3;  20.8;  67.0;eor
       2667;2025092009;    3;  21.7;  66.0;eor
       2667;2025092010;    3;  22.2;  65.0;eor
       2667;2025092011;    3;  23.5;  64.0;eor
       2667;2025092012;    3;  25.1;  62.0;eor
       2667;2025092013;    3;  28.1;  53.0;eor
       2667;2025092014;    3;  26.9;  55.0;eor
       2667;2025092015;    3;  25.3;  61.0;eor
       2667;2025092016;    3;  25.2;  65.0;eor
       2667;2025092017;    3;  23.5;  70.0;eor
       2667;2025092018;    3;  22.0;  80.0;eor
       2667;2025092019;    3;  21.2;  83.0;eor
       2667;2025092020;    3;  20.6;  83.0;eor
       2667;2025092021;    3;  21.6;  75.0;eor
       2667;2025092022;    3;  21.0;  77.0;eor
       2667;2025092023;    3;  20.9;  77.0;eor
       2667;2025092100;    3;  20.7;  76.0;eor
       2667;2025092101;    3;  21.4;  71.0;eor
       2667;2025092102;    3;  20.1;  81.0;eor
       2667;2025092103;    3;  18.5;  89.0;eor
       2667;2025092104;    3;  18.8;  85.0;eor
       2667;2025092105;    3;  17.5;  83.0;eor
       2667;2025092106;    3;  16.4;  84.0;eor
       2667;2025092107;    3;  15.1;  77.0;eor
       2667;2025092108;    3;  14.2;  83.0;eor
       2667;2025092109;    3;  15.6;  77.0;eor
       2667;2025092110;    3;  15.8;  74.0;eor
       2667;2025092111;    3;  16.1;  68.0;eor
       2667;2025092112;    3;  16.8;  63.0;eor
       2667;2025092113;    3;  16.7;  66.0;eor
       2667;2025092114;    3;  16.2;  61.0;eor
       2667;2025092115;    3;  15.5;  66.0;eor
       2667;2025092116;    3;  15.1;  71.0;eor
       2667;2025092117;    3;  14.4;  73.0;eor
       2667;2025092118;    3;  13.9;  76.0;eor
       2667;2025092119;    3;  12.7;  85.0;eor
       2667;2025092120;    3;  12.7;  86.0;eor
       2667;2025092121;    3;  12.3;  88.0;eor
       2667;2025092122;    3;  10.8;  89.0;eor
       2667;2025092123;    3;   9.4;  91.0;eor
       2667;2025092200;    3;   9.2;  93.0;eor
       2667;2025092201;    3;   8.3;  95.0;eor
       2667;2025092202;    3;   8.4;  96.0;eor
       2667;2025092203;    3;   8.2;  95.0;eor
       2667;2025092204;    3;   7.8;  95.0;eor
       2667;2025092205;    3;   7.9;  94.0;eor
       2667;2025092206;    3;   8.0;  95.0;eor
       2667;2025092207;    3;   8.9;  92.0;eor
       2667;2025092208;    3;  10.1;  90.0;eor
       2667;2025092209;    3;  11.3;  83.0;eor
       2667;2025092210;    3;  13.4;  71.0;eor
       2667;2025092211;    3;  14.6;  63.0;eor
       2667;2025092212;    3;  15.7;  60.0;eor
       2667;2025092213;    3;  14.5;  61.0;eor
       2667;2025092214;    3;  15.5;  60.0;eor
       2667;2025092215;    3;  14.6;  64.0;eor
       2667;2025092216;    3;  14.3;  60.0;eor
       2667;2025092217;    3;  13.8;  62.0;eor
       2667;2025092218;    3;  13.4;  64.0;eor
       2667;2025092219;    3;  12.8;  66.0;eor
       2667;2025092220;    3;  12.4;  67.0;eor
       2667;2025092221;    3;  12.0;  72.0;eor
       2667;2025092222;    3;  10.0;  89.0;eor
       2667;2025092223;    3;   9.9;  86.0;eor
       2667;2025092300;    3;  10.4;  77.0;eor
       2667;2025092301;    3;  10.2;  78.0;eor
       2667;2025092302;    3;   9.2;  84.0;eor
       2667;2025092303;    3;   8.5;  89.0;eor
       2667;2025092304;    3;   9.0;  84.0;eor
       2667;2025092305;    3;   9.7;  79.0;eor
       2667;2025092306;    3;   9.0;  82.0;eor
       2667;2025092307;    3;  10.4;  75.0;eor
       2667;2025092308;    3;  12.6;  65.0;eor
       2667;2025092309;    3;  13.8;  60.0;eor
       2667;2025092310;    3;  14.3;  58.0;eor
       2667;2025092311;    3;  15.3;  58.0;eor
       2667;2025092312;    3;  16.6;  51.0;eor
       2667;2025092313;    3;  15.8;  54.0;eor
       2667;2025092314;    3;  15.8;  55.0;eor
       2667;2025092315;    3;  16.2;  54.0;eor
       2667;2025092316;    3;  15.5;  56.0;eor
       2667;2025092317;    3;  14.3;  62.0;eor
       2667;2025092318;    3;  13.1;  66.0;eor
       2667;2025092319;    3;  12.3;  70.0;eor
       2667;2025092320;    3;  11.3;  75.0;eor
       2667;2025092321;    3;   9.9;  83.0;eor
       2667;2025092322;    3;   9.4;  88.0;eor
       2667;2025092323;    3;  10.2;  83.0;eor
       2667;2025092400;    3;   9.3;  85.0;eor
       2667;2025092401;    3;   8.0;  90.0;eor
       2667;2025092402;    3;   6.9;  91.0;eor
       2667;2025092403;    3;   8.3;  84.0;eor
       2667;2025092404;    3;   7.7;  85.0;eor
       2667;2025092405;    3;   9.3;  75.0;eor
       2667;2025092406;    3;   9.9;  72.0;eor
       2667;2025092407;    3;  10.6;  70.0;eor
       2667;2025092408;    3;  11.3;  67.0;eor
       2667;2025092409;    3;  12.2;  63.0;eor
       2667;2025092410;    3;  13.3;  57.0;eor
       2667;2025092411;    3;  14.1;  55.0;eor
       2667;2025092412;    3;  14.4;  56.0;eor
       2667;2025092413;    3;  14.8;  53.0;eor
       2667;2025092414;    3;  14.9;  51.0;eor
       2667;2025092415;    3;  15.2;  53.0;eor
       2667;2025092416;    3;  14.8;  53.0;eor
       2667;2025092417;    3;  14.0;  56.0;eor
       2667;2025092418;    3;  13.0;  65.0;eor
       2667;2025092419;    3;  13.0;  61.0;eor
       2667;2025092420;    3;  13.3;  58.0;eor
       2667;2025092421;    3;  12.4;  67.0;eor
       2667;2025092422;    3;  11.1;  81.0;eor
       2667;2025092423;    3;  11.1;  75.0;eor
       2667;2025092500;    3;  10.3;  80.0;eor
       2667;2025092501;    3;  10.0;  80.0;eor
       2667;2025092502;    3;   9.3;  87.0;eor
       2667;2025092503;    3;   8.8;  94.0;eor
       2667;2025092504;    3;   8.9;  94.0;eor
       2667;2025092505;    3;   8.8;  94.0;eor
       2667;2025092506;    3;   8.9;  92.0;eor
       2667;2025092507;    3;   9.2;  90.0;eor
       2667;2025092508;    3;   9.7;  87.0;eor
       2667;2025092509;    3;  10.1;  85.0;eor
       2667;2025092510;    3;  10.4;  83.0;eor
       2667;2025092511;    3;  10.4;  81.0;eor
       2667;2025092512;    3;  10.4;  77.0;eor
       2667;2025092513;    3;  10.2;  79.0;eor
       2667;2025092514;    3;   9.3;  86.0;eor
       2667;2025092515;    3;   9.2;  88.0;eor
       2667;2025092516;    3;   9.4;  85.0;eor
       2667;2025092517;    3;   9.4;  85.0;eor
       2667;2025092518;    3;   9.2;  85.0;eor
       2667;2025092519;    3;   9.3;  83.0;eor
       2667;2025092520;    3;   9.2;  85.0;eor
       2667;2025092521;    3;   9.2;  87.0;eor
       2667;2025092522;    3;   9.4;  84.0;eor
       2667;2025092523;    3;   8.9;  91.0;eor
       2667;2025092600;    3;   8.8;  92.0;eor
       2667;2025092601;    3;   8.9;  94.0;eor
       2667;2025092602;    3;   9.4;  92.0;eor
       2667;2025092603;    3;  10.0;  86.0;eor
       2667;2025092604;    3;   9.7;  88.0;eor
       2667;2025092605;    3;   7.9;  95.0;eor
       2667;2025092606;    3;   7.9;  97.0;eor
       2667;2025092607;    3;  10.8;  87.0;eor
       2667;2025092608;    3;  11.6;  81.0;eor
       2667;2025092609;    3;  12.6;  76.0;eor
       2667;2025092610;    3;  13.3;  72.0;eor
       2667;2025092611;    3;  14.6;  67.0;eor
       2667;2025092612;    3;  15.5;  65.0;eor
       2667;2025092613;    3;  16.4;  61.0;eor
       2667;2025092614;    3;  17.2;  61.0;eor
       2667;2025092615;    3;  16.4;  63.0;eor
       2667;2025092616;    3;  15.5;  72.0;eor
       2667;2025092617;    3;  14.3;  72.0;eor
       2667;2025092618;    3;  13.6;  75.0;eor
       2667;2025092619;    3;  12.5;  82.0;eor
       2667;2025092620;    3;  12.5;  83.0;eor
       2667;2025092621;    3;  12.4;  83.0;eor
       2667;2025092622;    3;  12.2;  84.0;eor
       2667;2025092623;    3;  11.2;  92.0;eor
       2667;2025092700;    3;  11.6;  88.0;eor
       2667;2025092701;    3;  11.6;  88.0;eor
       2667;2025092702;    3;  10.2;  94.0;eor
       2667;2025092703;    3;  10.4;  94.0;eor
       2667;2025092704;    3;  11.2;  89.0;eor
       2667;2025092705;    3;  11.1;  90.0;eor
       2667;2025092706;    3;  10.2;  93.0;eor
       2667;2025092707;    3;  10.4;  92.0;eor
       2667;2025092708;    3;  12.8;  84.0;eor
       2667;2025092709;    3;  13.4;  80.0;eor
       2667;2025092710;    3;  15.4;  74.0;eor
       2667;2025092711;    3;  15.5;  68.0;eor
       2667;2025092712;    3;  16.4;  64.0;eor
       2667;2025092713;    3;  16.7;  64.0;eor
       2667;2025092714;    3;  17.0;  63.0;eor
       2667;2025092715;    3;  16.5;  68.0;eor
       2667;2025092716;    3;  16.0;  66.0;eor
       2667;2025092717;    3;  14.7;  76.0;eor
       2667;2025092718;    3;  11.3;  87.0;eor
       2667;2025092719;    3;  12.1;  89.0;eor
       2667;2025092720;    3;  12.1;  89.0;eor
       2667;2025092721;    3;  12.3;  90.0;eor
       2667;2025092722;    3;  12.5;  85.0;eor
       2667;2025092723;    3;  10.4;  93.0;eor
       2667;2025092800;    3;   8.8;  96.0;eor
       2667;2025092801;    3;   8.6;  97.0;eor
       2667;2025092802;    3;   7.4;  99.0;eor
       2667;2025092803;    3;   7.4;  98.0;eor
       2667;2025092804;    3;   8.0;  98.0;eor
       2667;2025092805;    3;   6.7;  98.0;eor
       2667;2025092806;    3;   6.6;  98.0;eor
       2667;2025092807;    3;   8.1;  97.0;eor
       2667;2025092808;    3;  10.7;  95.0;eor
       2667;2025092809;    3;  12.2;  92.0;eor
       2667;2025092810;    3;  12.8;  88.0;eor
       2667;2025092811;    3;  14.4;  81.0;eor
       2667;2025092812;    3;  16.2;  74.0;eor
       2667;2025092813;    3;  17.7;  70.0;eor
       2667;2025092814;    3;  17.8;  66.0;eor
       2667;2025092815;    3;  18.6;  62.0;eor
       2667;2025092816;    3;  18.2;  64.0;eor
       2667;2025092817;    3;  16.9;  70.0;eor
       2667;2025092818;    3;  14.5;  85.0;eor
       2667;2025092819;    3;  14.0;  86.0;eor
       2667;2025092820;    3;  12.7;  90.0;eor
       2667;2025092821;    3;  11.7;  95.0;eor
       2667;2025092822;    3;   9.9;  96.0;eor
       2667;2025092823;    3;   9.5;  98.0;eor
       2667;2025092900;    3;   8.3;  97.0;eor
       2667;2025092901;    3;   8.6;  98.0;eor
       2667;2025092902;    3;   9.6;  98.0;eor
       2667;2025092903;    3;   9.1;  97.0;eor
       2667;2025092904;    3;   8.5;  97.0;eor
       2667;2025092905;    3;   7.4;  96.0;eor
       2667;2025092906;    3;   8.8;  97.0;eor
       2667;2025092907;    3;   9.8;  96.0;eor
       2667;2025092908;    3;  11.0;  92.0;eor
       2667;2025092909;    3;  12.4;  89.0;eor
       2667;2025092910;    3;  14.4;  82.0;eor
       2667;2025092911;    3;  15.2;  77.0;eor
       2667;2025092912;    3;  16.3;  74.0;eor
       2667;2025092913;    3;  18.0;  69.0;eor
       2667;2025092914;    3;  18.7;  64.0;eor
       2667;2025092915;    3;  17.9;  65.0;eor
       2667;2025092916;    3;  17.0;  68.0;eor
       2667;2025092917;    3;  16.5;  73.0;eor
       2667;2025092918;    3;  13.8;  88.0;eor
       2667;2025092919;    3;  12.7;  89.0;eor
       2667;2025092920;    3;  11.4;  91.0;eor
       2667;2025092921;    3;  11.0;  91.0;eor
       2667;2025092922;    3;  10.8;  96.0;eor
       2667;2025092923;    3;   9.5;  96.0;eor
       2667;2025093000;    3;   9.4;  97.0;eor
       2667;2025093001;    3;   9.6;  98.0;eor
       2667;2025093002;    3;   8.8;  97.0;eor
       2667;2025093003;    3;   9.3;  97.0;eor
       2667;2025093004;    3;   9.2;  97.0;eor
       2667;2025093005;    3;  10.1;  97.0;eor
       2667;2025093006;    3;  10.8;  95.0;eor
       2667;2025093007;    3;  11.6;  94.0;eor
       2667;2025093008;    3;  12.2;  92.0;eor
       2667;2025093009;    3;  12.5;  90.0;eor
       2667;2025093010;    3;  13.3;  85.0;eor
       2667;2025093011;    3;  13.6;  81.0;eor
       2667;2025093012;    3;  15.3;  74.0;eor
       2667;2025093013;    3;  15.7;  68.0;eor
       2667;2025093014;    3;  16.7;  66.0;eor
       2667;2025093015;    3;  16.4;  68.0;eor
       2667;2025093016;    3;  15.7;  71.0;eor
       2667;2025093017;    3;  14.0;  77.0;eor
       2667;2025093018;    3;  12.0;  86.0;eor
       2667;2025093019;    3;  10.3;  92.0;eor
       2667;2025093020;    3;   9.4;  96.0;eor
       2667;2025093021;    3;   8.6;  97.0;eor
       2667;2025093022;    3;   7.5;  97.0;eor
       2667;2025093023;    3;   6.4;  97.0;eor
       2667;2025100100;    3;   6.5;  98.0;eor
       2667;2025100101;    3;   5.5;  99.0;eor
       2667;2025100102;    3;   4.5;  97.0;eor
       2667;2025100103;    3;   5.5;  97.0;eor
       2667;2025100104;    3;   3.8;  97.0;eor
       2667;2025100105;    3;   4.6;  97.0;eor
       2667;2025100106;    3;   4.5;  97.0;eor
       2667;2025100107;    3;   5.5;  95.0;eor
       2667;2025100108;    3;   9.3;  77.0;eor
       2667;2025100109;    3;  12.1;  65.0;eor
       2667;2025100110;    3;  13.4;  55.0;eor
       2667;2025100111;    3;  15.0;  49.0;eor
       2667;2025100112;    3;  14.9;  48.0;eor
       2667;2025100113;    3;  16.2;  42.0;eor
       2667;2025100114;    3;  16.6;  44.0;eor
       2667;2025100115;    3;  16.2;  41.0;eor
       2667;2025100116;    3;  15.8;  45.0;eor
       2667;2025100117;    3;  12.2;  67.0;eor
       2667;2025100118;    3;   7.9;  76.0;eor
       2667;2025100119;    3;  10.4;  65.0;eor
       2667;2025100120;    3;   9.7;  69.0;eor
       2667;2025100121;    3;   8.9;  74.0;eor
       2667;2025100122;    3;   8.2;  80.0;eor
       2667;2025100123;    3;   6.9;  87.0;eor
       2667;2025100200;    3;   6.4;  87.0;eor
       2667;2025100201;    3;   6.6;  85.0;eor
       2667;2025100202;    3;   6.2;  86.0;eor
       2667;2025100203;    3;   6.2;  86.0;eor
       2667;2025100204;    3;   5.9;  87.0;eor
       2667;2025100205;    3;   5.6;  87.0;eor
       2667;2025100206;    3;   5.7;  87.0;eor
       2667;2025100207;    3;   6.9;  83.0;eor
       2667;2025100208;    3;   9.0;  77.0;eor
       2667;2025100209;    3;  10.8;  71.0;eor
       2667;2025100210;    3;  13.0;  65.0;eor
       2667;2025100211;    3;  14.4;  54.0;eor
       2667;2025100212;    3;  15.5;  48.0;eor
       2667;2025100213;    3;  15.4;  45.0;eor
       2667;2025100214;    3;  15.5;  45.0;eor
       2667;2025100215;    3;  15.4;  49.0;eor
       2667;2025100216;    3;  14.8;  51.0;eor
       2667;2025100217;    3;  12.8;  61.0;eor
       2667;2025100218;    3;  10.3;  71.0;eor
       2667;2025100219;    3;  10.2;  68.0;eor
       2667;2025100220;    3;   9.1;  71.0;eor
       2667;2025100221;    3;   9.0;  72.0;eor
       2667;2025100222;    3;   8.4;  74.0;eor
       2667;2025100223;    3;   7.2;  79.0;eor
       2667;2025100300;    3;   6.7;  82.0;eor
       2667;2025100301;    3;   8.0;  76.0;eor
       2667;2025100302;    3;   7.8;  77.0;eor
       2667;2025100303;    3;   8.9;  73.0;eor
       2667;2025100304;    3;   9.1;  72.0;eor
       2667;2025100305;    3;   9.0;  72.0;eor
       2667;2025100306;    3;   9.4;  70.0;eor
       2667;2025100307;    3;   9.5;  71.0;eor
       2667;2025100308;    3;   9.4;  73.0;eor
       2667;2025100309;    3;  10.2;  74.0;eor
       2667;2025100310;    3;  11.5;  66.0;eor
       2667;2025100311;    3;  11.9;  62.0;eor
       2667;2025100312;    3;  12.9;  58.0;eor
       2667;2025100313;    3;  13.0;  56.0;eor
       2667;2025100314;    3;  13.0;  55.0;eor
       2667;2025100315;    3;  12.7;  58.0;eor
       2667;2025100316;    3;  12.3;  60.0;eor
       2667;2025100317;    3;  12.1;  61.0;eor
       2667;2025100318;    3;  11.2;  69.0;eor
       2667;2025100319;    3;  10.6;  75.0;eor
       2667;2025100320;    3;  10.3;  79.0;eor
       2667;2025100321;    3;  10.3;  79.0;eor
       2667;2025100322;    3;   9.8;  88.0;eor
       2667;2025100323;    3;   9.6;  91.0;eor
       2667;2025100400;    3;   9.8;  93.0;eor
       2667;2025100401;    3;  10.3;  93.0;eor
       2667;2025100402;    3;  11.2;  93.0;eor
       2667;2025100403;    3;  11.6;  93.0;eor
       2667;2025100404;    3;  12.4;  92.0;eor
       2667;2025100405;    3;  13.4;  90.0;eor
       2667;2025100406;    3;  15.3;  84.0;eor
       2667;2025100407;    3;  16.9;  79.0;eor
       2667;2025100408;    3;  12.2;  89.0;eor
       2667;2025100409;    3;  11.0;  95.0;eor
       2667;2025100410;    3;  11.3;  95.0;eor
       2667;2025100411;    3;  12.2;  94.0;eor
       2667;2025100412;    3;  11.4;  87.0;eor
       2667;2025100413;    3;  13.6;  77.0;eor
       2667;2025100414;    3;  14.8;  65.0;eor
       2667;2025100415;    3;  12.1;  69.0;eor
       2667;2025100416;    3;  11.2;  69.0;eor
       2667;2025100417;    3;   9.6;  76.0;eor
       2667;2025100418;    3;  10.1;  77.0;eor
       2667;2025100419;    3;  11.4;  68.0;eor
       2667;2025100420;    3;   9.8;  87.0;eor
       2667;2025100421;    3;  10.2;  85.0;eor
       2667;2025100422;    3;  11.1;  78.0;eor
       2667;2025100423;    3;  11.1;  77.0;eor
       2667;2025100500;    3;  11.1;  76.0;eor
       2667;2025100501;    3;  11.3;  74.0;eor
       2667;2025100502;    3;  11.3;  75.0;eor
       2667;2025100503;    3;  11.4;  73.0;eor
       2667;2025100504;    3;  11.2;  74.0;eor
       2667;2025100505;    3;  11.2;  75.0;eor
       2667;2025100506;    3;  11.0;  75.0;eor
       2667;2025100507;    3;  10.7;  80.0;eor
       2667;2025100508;    3;  11.1;  80.0;eor
       2667;2025100509;    3;  11.9;  73.0;eor
       2667;2025100510;    3;  13.9;  67.0;eor
       2667;2025100511;    3;  12.9;  73.0;eor
       2667;2025100512;    3;  13.3;  66.0;eor
       2667;2025100513;    3;  12.5;  76.0;eor
       2667;2025100514;    3;  13.0;  67.0;eor
       2667;2025100515;    3;  12.8;  71.0;eor
       2667;2025100516;    3;  12.8;  67.0;eor
       2667;2025100517;    3;  12.0;  74.0;eor
       2667;2025100518;    3;  10.7;  86.0;eor
       2667;2025100519;    3;  11.1;  82.0;eor
       2667;2025100520;    3;  11.2;  78.0;eor
       2667;2025100521;    3;  11.3;  76.0;eor
       2667;2025100522;    3;   9.7;  83.0;eor
       2667;2025100523;    3;   9.1;  85.0;eor
       2667;2025100600;    3;   9.7;  83.0;eor
       2667;2025100601;    3;  10.1;  81.0;eor
       2667;2025100602;    3;   9.8;  85.0;eor
       2667;2025100603;    3;  10.9;  83.0;eor
       2667;2025100604;    3;  11.0;  83.0;eor
       2667;2025100605;    3;  10.2;  95.0;eor
       2667;2025100606;    3;  10.2;  96.0;eor
       2667;2025100607;    3;  11.2;  89.0;eor
       2667;2025100608;    3;  11.6;  85.0;eor
       2667;2025100609;    3;  11.9;  84.0;eor
       2667;2025100610;    3;  12.1;  85.0;eor
       2667;2025100611;    3;  12.7;  83.0;eor
       2667;2025100612;    3;  13.3;  81.0;eor
       2667;2025100613;    3;  13.6;  77.0;eor
       2667;2025100614;    3;  13.7;  77.0;eor
       2667;2025100615;    3;  13.4;  79.0;eor
       2667;2025100616;    3;  13.5;  77.0;eor
       2667;2025100617;    3;  13.3;  77.0;eor
       2667;2025100618;    3;  12.4;  87.0;eor
       2667;2025100619;    3;  11.9;  95.0;eor
       2667;2025100620;    3;  11.9;  96.0;eor
       2667;2025100621;    3;  11.8;  97.0;eor
       2667;2025100622;    3;  11.9;  97.0;eor
       2667;2025100623;    3;  12.0;  97.0;eor
       2667;2025100700;    3;  12.1;  97.0;eor
       2667;2025100701;    3;  12.4;  97.0;eor
       2667;2025100702;    3;  12.4;  98.0;eor
       2667;2025100703;    3;  12.7;  97.0;eor
       2667;2025100704;    3;  12.6;  97.0;eor
       2667;2025100705;    3;  12.6;  97.0;eor
       2667;2025100706;    3;  12.6;  97.0;eor
       2667;2025100707;    3;  12.8;  97.0;eor
       2667;2025100708;    3;  13.1;  97.0;eor
       2667;2025100709;    3;  13.4;  97.0;eor
       2667;2025100710;    3;  13.9;  96.0;eor
       2667;2025100711;    3;  14.3;  94.0;eor
       2667;2025100712;    3;  14.8;  94.0;eor
       2667;2025100713;    3;  14.6;  94.0;eor
       2667;2025100714;    3;  15.0;  91.0;eor
       2667;2025100715;    3;  15.2;  89.0;eor
       2667;2025100716;    3;  15.0;  94.0;eor
       2667;2025100717;    3;  14.7;  96.0;eor
       2667;2025100718;    3;  14.3;  97.0;eor
       2667;2025100719;    3;  14.3;  96.0;eor
       2667;2025100720;    3;  14.2;  97.0;eor
       2667;2025100721;    3;  14.0;  96.0;eor
       2667;2025100722;    3;  13.8;  97.0;eor
       2667;2025100723;    3;  13.6;  98.0;eor
       2667;2025100800;    3;  13.5;  97.0;eor
       2667;2025100801;    3;  13.4;  98.0;eor
       2667;2025100802;    3;  13.4;  96.0;eor
       2667;2025100803;    3;  13.2;  97.0;eor
       2667;2025100804;    3;  13.3;  97.0;eor
       2667;2025100805;    3;  13.3;  97.0;eor
       2667;2025100806;    3;  12.9;  97.0;eor
       2667;2025100807;    3;  13.0;  97.0;eor
       2667;2025100808;    3;  13.4;  95.0;eor
       2667;2025100809;    3;  13.8;  93.0;eor
       2667;2025100810;    3;  13.8;  92.0;eor
       2667;2025100811;    3;  14.0;  92.0;eor
       2667;2025100812;    3;  14.0;  91.0;eor
       2667;2025100813;    3;  14.5;  88.0;eor
       2667;2025100814;    3;  14.9;  84.0;eor
       2667;2025100815;    3;  14.8;  83.0;eor
       2667;2025100816;    3;  14.4;  88.0;eor
       2667;2025100817;    3;  13.8;  93.0;eor
       2667;2025100818;    3;  13.3;  91.0;eor
       2667;2025100819;    3;  13.0;  89.0;eor
       2667;2025100820;    3;  12.7;  92.0;eor
       2667;2025100821;    3;  12.6;  93.0;eor
       2667;2025100822;    3;  12.8;  91.0;eor
       2667;2025100823;    3;  12.8;  91.0;eor
       2667;2025100900;    3;  12.7;  93.0;eor
       2667;2025100901;    3;  12.7;  95.0;eor
       2667;2025100902;    3;  12.5;  97.0;eor
       2667;2025100903;    3;  12.5;  97.0;eor
       2667;2025100904;    3;  12.5;  96.0;eor
       2667;2025100905;    3;  12.6;  96.0;eor
       2667;2025100906;    3;  12.8;  97.0;eor
       2667;2025100907;    3;  12.1;  95.0;eor
       2667;2025100908;    3;  12.6;  90.0;eor
       2667;2025100909;    3;  12.9;  85.0;eor
       2667;2025100910;    3;  13.4;  80.0;eor
       2667;2025100911;    3;  13.4;  80.0;eor
       2667;2025100912;    3;  14.2;  73.0;eor
       2667;2025100913;    3;  14.4;  65.0;eor
       2667;2025100914;    3;  14.8;  63.0;eor
       2667;2025100915;    3;  14.4;  68.0;eor
       2667;2025100916;    3;  13.9;  75.0;eor
       2667;2025100917;    3;  12.7;  84.0;eor
       2667;2025100918;    3;  12.4;  87.0;eor
       2667;2025100919;    3;  12.6;  86.0;eor
       2667;2025100920;    3;  13.5;  78.0;eor
       2667;2025100921;    3;  12.7;  85.0;eor
       2667;2025100922;    3;  12.4;  89.0;eor
       2667;2025100923;    3;  11.9;  88.0;eor
       2667;2025101000;    3;  12.4;  85.0;eor
       2667;2025101001;    3;  12.3;  84.0;eor
       2667;2025101002;    3;  12.5;  84.0;eor
       2667;2025101003;    3;  12.6;  81.0;eor
       2667;2025101004;    3;  11.6;  92.0;eor
       2667;2025101005;    3;  11.7;  93.0;eor
       2667;2025101006;    3;  11.6;  93.0;eor
       2667;2025101007;    3;  12.0;  92.0;eor
       2667;2025101008;    3;  12.8;  87.0;eor
       2667;2025101009;    3;  13.4;  83.0;eor
       2667;2025101010;    3;  14.4;  78.0;eor
       2667;2025101011;    3;  15.3;  73.0;eor
       2667;2025101012;    3;  16.0;  70.0;eor
       2667;2025101013;    3;  16.2;  71.0;eor
       2667;2025101014;    3;  16.0;  74.0;eor
       2667;2025101015;    3;  15.8;  78.0;eor
       2667;2025101016;    3;  15.3;  82.0;eor
       2667;2025101017;    3;  14.5;  88.0;eor
       2667;2025101018;    3;  14.3;  89.0;eor
       2667;2025101019;    3;  14.2;  87.0;eor
       2667;2025101020;    3;  14.1;  89.0;eor
       2667;2025101021;    3;  14.0;  89.0;eor
       2667;2025101022;    3;  13.9;  89.0;eor
       2667;2025101023;    3;  13.6;  92.0;eor
       2667;2025101100;    3;  13.6;  92.0;eor
       2667;2025101101;    3;  13.6;  92.0;eor
       2667;2025101102;    3;  13.5;  93.0;eor
       2667;2025101103;    3;  13.2;  94.0;eor
       2667;2025101104;    3;  13.1;  95.0;eor
       2667;2025101105;    3;  13.4;  92.0;eor
       2667;2025101106;    3;  13.2;  92.0;eor
       2667;2025101107;    3;  13.2;  92.0;eor
       2667;2025101108;    3;  13.4;  90.0;eor
       2667;2025101109;    3;  13.5;  88.0;eor
       2667;2025101110;    3;  13.5;  86.0;eor
       2667;2025101111;    3;  14.0;  83.0;eor
       2667;2025101112;    3;  14.1;  80.0;eor
       2667;2025101113;    3;  14.6;  78.0;eor
       2667;2025101114;    3;  14.6;  80.0;eor
       2667;2025101115;    3;  14.6;  81.0;eor
       2667;2025101116;    3;  14.3;  82.0;eor
       2667;2025101117;    3;  13.7;  88.0;eor
       2667;2025101118;    3;  13.4;  89.0;eor
       2667;2025101119;    3;  13.0;  91.0;eor
       2667;2025101120;    3;  12.8;  92.0;eor
       2667;2025101121;    3;  12.6;  93.0;eor
       2667;2025101122;    3;  12.6;  92.0;eor
       2667;2025101123;    3;  12.6;  89.0;eor
       2667;2025101200;    3;  12.5;  91.0;eor
       2667;2025101201;    3;  12.5;  86.0;eor
       2667;2025101202;    3;  12.1;  89.0;eor
       2667;2025101203;    3;  11.8;  91.0;eor
       2667;2025101204;    3;  11.6;  94.0;eor
       2667;2025101205;    3;  11.8;  91.0;eor
       2667;2025101206;    3;  11.7;  92.0;eor
       2667;2025101207;    3;  11.8;  95.0;eor
       2667;2025101208;    3;  12.8;  86.0;eor
       2667;2025101209;    3;  13.6;  81.0;eor
       2667;2025101210;    3;  13.9;  79.0;eor
       2667;2025101211;    3;  15.2;  66.0;eor
       2667;2025101212;    3;  16.0;  65.0;eor
       2667;2025101213;    3;  15.0;  69.0;eor
       2667;2025101214;    3;  15.4;  66.0;eor
       2667;2025101215;    3;  15.0;  68.0;eor
       2667;2025101216;    3;  14.4;  74.0;eor
       2667;2025101217;    3;  13.7;  80.0;eor
       2667;2025101218;    3;  13.4;  82.0;eor
       2667;2025101219;    3;  13.3;  85.0;eor
       2667;2025101220;    3;  13.1;  87.0;eor
       2667;2025101221;    3;  13.1;  88.0;eor
       2667;2025101222;    3;  12.9;  91.0;eor
       2667;2025101223;    3;  13.0;  92.0;eor
       2667;2025101300;    3;  13.0;  94.0;eor
       2667;2025101301;    3;  12.9;  96.0;eor
       2667;2025101302;    3;  12.9;  97.0;eor
       2667;2025101303;    3;  12.8;  97.0;eor
       2667;2025101304;    3;  12.9;  98.0;eor
       2667;2025101305;    3;  12.6;  98.0;eor
       2667;2025101306;    3;  12.5;  98.0;eor
       2667;2025101307;    3;  12.9;  98.0;eor
       2667;2025101308;    3;  13.6;  93.0;eor
       2667;2025101309;    3;  14.4;  89.0;eor
       2667;2025101310;    3;  14.7;  83.0;eor
       2667;2025101311;    3;  15.4;  78.0;eor
       2667;2025101312;    3;  15.5;  74.0;eor
       2667;2025101313;    3;  15.6;  78.0;eor
       2667;2025101314;    3;  15.8;  74.0;eor
       2667;2025101315;    3;  15.4;  73.0;eor
       2667;2025101316;    3;  14.6;  76.0;eor
       2667;2025101317;    3;  14.0;  79.0;eor
       2667;2025101318;    3;  13.6;  78.0;eor
       2667;2025101319;    3;  13.4;  78.0;eor
       2667;2025101320;    3;  12.9;  79.0;eor
       2667;2025101321;    3;  12.6;  83.0;eor
       2667;2025101322;    3;  12.4;  84.0;eor
       2667;2025101323;    3;  12.1;  86.0;eor
       2667;2025101400;    3;  12.0;  88.0;eor
       2667;2025101401;    3;  11.6;  90.0;eor
       2667;2025101402;    3;  11.9;  83.0;eor
       2667;2025101403;    3;  11.5;  88.0;eor
       2667;2025101404;    3;  11.1;  89.0;eor
       2667;2025101405;    3;  10.5;  90.0;eor
       2667;2025101406;    3;   9.1;  94.0;eor
       2667;2025101407;    3;   8.6;  94.0;eor
       2667;2025101408;    3;  11.9;  77.0;eor
       2667;2025101409;    3;  13.3;  76.0;eor
       2667;2025101410;    3;  13.5;  75.0;eor
       2667;2025101411;    3;  13.7;  68.0;eor
       2667;2025101412;    3;  13.6;  71.0;eor
       2667;2025101413;    3;  13.7;  70.0;eor
       2667;2025101414;    3;  14.0;  70.0;eor
       2667;2025101415;    3;  13.8;  75.0;eor
       2667;2025101416;    3;  13.0;  82.0;eor
       2667;2025101417;    3;  12.7;  86.0;eor
       2667;2025101418;    3;  12.7;  86.0;eor
       2667;2025101419;    3;  12.5;  91.0;eor
       2667;2025101420;    3;  12.3;  94.0;eor
       2667;2025101421;    3;  12.4;  95.0;eor
       2667;2025101422;    3;  12.4;  96.0;eor
       2667;2025101423;    3;  12.5;  96.0;eor
       2667;2025101500;    3;  12.4;  96.0;eor
       2667;2025101501;    3;  12.3;  95.0;eor
       2667;2025101502;    3;  12.1;  96.0;eor
       2667;2025101503;    3;  12.0;  96.0;eor
       2667;2025101504;    3;  11.9;  97.0;eor
       2667;2025101505;    3;  11.9;  97.0;eor
       2667;2025101506;    3;  11.9;  98.0;eor
       2667;2025101507;    3;  12.0;  97.0;eor
       2667;2025101508;    3;  12.3;  95.0;eor
       2667;2025101509;    3;  13.0;  90.0;eor
       2667;2025101510;    3;  13.8;  84.0;eor
       2667;2025101511;    3;  14.0;  83.0;eor
       2667;2025101512;    3;  13.9;  80.0;eor
       2667;2025101513;    3;  14.0;  78.0;eor
       2667;2025101514;    3;  13.9;  75.0;eor
       2667;2025101515;    3;  13.9;  78.0;eor
       2667;2025101516;    3;  13.5;  79.0;eor
       2667;2025101517;    3;  12.6;  84.0;eor
       2667;2025101518;    3;  12.4;  84.0;eor
       2667;2025101519;    3;  12.0;  85.0;eor
       2667;2025101520;    3;  11.8;  86.0;eor
       2667;2025101521;    3;  11.7;  87.0;eor
       2667;2025101522;    3;  11.5;  89.0;eor
       2667;2025101523;    3;  11.3;  90.0;eor
       2667;2025101600;    3;  11.1;  89.0;eor
       2667;2025101601;    3;  10.9;  90.0;eor
       2667;2025101602;    3;  10.8;  93.0;eor
       2667;2025101603;    3;  10.6;  97.0;eor
       2667;2025101604;    3;  10.6;  97.0;eor
       2667;2025101605;    3;  10.6;  97.0;eor
       2667;2025101606;    3;  10.5;  97.0;eor
       2667;2025101607;    3;  10.7;  94.0;eor
       2667;2025101608;    3;  11.1;  90.0;eor
       2667;2025101609;    3;  11.8;  89.0;eor
       2667;2025101610;    3;  11.9;  87.0;eor
       2667;2025101611;    3;  12.5;  82.0;eor
       2667;2025101612;    3;  13.1;  81.0;eor
       2667;2025101613;    3;  13.5;  78.0;eor
       2667;2025101614;    3;  13.6;  77.0;eor
       2667;2025101615;    3;  13.4;  77.0;eor
       2667;2025101616;    3;  12.5;  86.0;eor
       2667;2025101617;    3;  11.7;  89.0;eor
       2667;2025101618;    3;  10.5;  94.0;eor
       2667;2025101619;    3;  10.8;  95.0;eor
       2667;2025101620;    3;  11.1;  94.0;eor
       2667;2025101621;    3;  10.9;  95.0;eor
       2667;2025101622;    3;  11.0;  96.0;eor
       2667;2025101623;    3;  11.1;  96.0;eor
       2667;2025101700;    3;  11.2;  96.0;eor
       2667;2025101701;    3;  11.2;  97.0;eor
       2667;2025101702;    3;  10.9;  97.0;eor
       2667;2025101703;    3;  10.7;  97.0;eor
       2667;2025101704;    3;  10.7;  97.0;eor
       2667;2025101705;    3;  10.7;  97.0;eor
       2667;2025101706;    3;  10.5;  96.0;eor
       2667;2025101707;    3;  10.7;  96.0;eor
       2667;2025101708;    3;  11.1;  94.0;eor
       2667;2025101709;    3;  12.4;  87.0;eor
       2667;2025101710;    3;  13.4;  79.0;eor
       2667;2025101711;    3;  13.9;  70.0;eor
       2667;2025101712;    3;  14.1;  62.0;eor
       2667;2025101713;    3;  13.6;  68.0;eor
       2667;2025101714;    3;  13.3;  71.0;eor
       2667;2025101715;    3;  12.9;  75.0;eor
       2667;2025101716;    3;  12.4;  79.0;eor
       2667;2025101717;    3;  11.9;  83.0;eor
       2667;2025101718;    3;  11.8;  80.0;eor
       2667;2025101719;    3;  11.6;  83.0;eor
       2667;2025101720;    3;  11.6;  85.0;eor
       2667;2025101721;    3;  11.2;  87.0;eor
       2667;2025101722;    3;  10.8;  89.0;eor
       2667;2025101723;    3;  10.3;  91.0;eor
       2667;2025101800;    3;   9.8;  93.0;eor
       2667;2025101801;    3;   8.8;  96.0;eor
       2667;2025101802;    3;   9.2;  97.0;eor
       2667;2025101803;    3;   9.2;  96.0;eor
       2667;2025101804;    3;   9.4;  96.0;eor
       2667;2025101805;    3;   8.8;  96.0;eor
       2667;2025101806;    3;   8.6;  97.0;eor
       2667;2025101807;    3;   9.4;  92.0;eor
       2667;2025101808;    3;  10.5;  81.0;eor
       2667;2025101809;    3;  11.2;  74.0;eor
       2667;2025101810;    3;  12.8;  63.0;eor
       2667;2025101811;    3;  12.4;  54.0;eor
       2667;2025101812;    3;  12.9;  55.0;eor
       2667;2025101813;    3;  12.7;  58.0;eor
       2667;2025101814;    3;  12.8;  60.0;eor
       2667;2025101815;    3;  12.4;  57.0;eor
       2667;2025101816;    3;  11.1;  61.0;eor
       2667;2025101817;    3;   9.4;  71.0;eor
       2667;2025101818;    3;   9.2;  69.0;eor
       2667;2025101819;    3;   8.7;  70.0;eor
       2667;2025101820;    3;   8.1;  72.0;eor
       2667;2025101821;    3;   7.5;  74.0;eor
       2667;2025101822;    3;   7.4;  72.0;eor
       2667;2025101823;    3;   6.5;  78.0;eor
       2667;2025101900;    3;   7.0;  74.0;eor
       2667;2025101901;    3;   7.0;  73.0;eor
       2667;2025101902;    3;   7.5;  70.0;eor
       2667;2025101903;    3;   7.4;  71.0;eor
       2667;2025101904;    3;   7.2;  72.0;eor
       2667;2025101905;    3;   6.9;  74.0;eor
       2667;2025101906;    3;   7.3;  72.0;eor
       2667;2025101907;    3;   7.7;  71.0;eor
       2667;2025101908;    3;   7.7;  71.0;eor
       2667;2025101909;    3;   8.2;  70.0;eor
       2667;2025101910;    3;   8.7;  69.0;eor
       2667;2025101911;    3;   9.7;  68.0;eor
       2667;2025101912;    3;  11.0;  67.0;eor
       2667;2025101913;    3;  11.8;  67.0;eor
       2667;2025101914;    3;  13.3;  64.0;eor
       2667;2025101915;    3;  13.7;  65.0;eor
       2667;2025101916;    3;  12.3;  70.0;eor
       2667;2025101917;    3;  11.2;  74.0;eor
       2667;2025101918;    3;  11.3;  76.0;eor
       2667;2025101919;    3;  11.4;  76.0;eor
       2667;2025101920;    3;  11.5;  76.0;eor
       2667;2025101921;    3;  11.5;  79.0;eor
       2667;2025101922;    3;  11.6;  79.0;eor
       2667;2025101923;    3;  11.8;  79.0;eor
       2667;2025102000;    3;  11.8;  80.0;eor
       2667;2025102001;    3;  11.7;  84.0;eor
       2667;2025102002;    3;  11.5;  87.0;eor
       2667;2025102003;    3;  11.9;  88.0;eor
       2667;2025102004;    3;  12.1;  87.0;eor
       2667;2025102005;    3;  12.2;  87.0;eor
       2667;2025102006;    3;  12.5;  89.0;eor
       2667;2025102007;    3;  12.4;  93.0;eor
       2667;2025102008;    3;  12.7;  93.0;eor
       2667;2025102009;    3;  13.0;  92.0;eor
       2667;2025102010;    3;  13.8;  88.0;eor
       2667;2025102011;    3;  14.4;  85.0;eor
       2667;2025102012;    3;  14.6;  86.0;eor
       2667;2025102013;    3;  14.6;  88.0;eor
       2667;2025102014;    3;  17.2;  77.0;eor
       2667;2025102015;    3;  17.1;  74.0;eor
       2667;2025102016;    3;  15.7;  78.0;eor
       2667;2025102017;    3;  14.9;  84.0;eor
       2667;2025102018;    3;  14.8;  82.0;eor
       2667;2025102019;    3;  14.5;  83.0;eor
       2667;2025102020;    3;  13.9;  90.0;eor
       2667;2025102021;    3;  13.8;  90.0;eor
       2667;2025102022;    3;  13.7;  89.0;eor
       2667;2025102023;    3;  12.9;  85.0;eor
       2667;2025102100;    3;  12.2;  86.0;eor
       2667;2025102101;    3;  12.3;  85.0;eor
       2667;2025102102;    3;  12.4;  87.0;eor
       2667;2025102103;    3;  12.6;  89.0;eor
       2667;2025102104;    3;  13.2;  82.0;eor
       2667;2025102105;    3;  13.4;  80.0;eor
       2667;2025102106;    3;  13.4;  79.0;eor
       2667;2025102107;    3;  13.4;  79.0;eor
       2667;2025102108;    3;  13.7;  78.0;eor
       2667;2025102109;    3;  14.1;  78.0;eor
       2667;2025102110;    3;  14.7;  74.0;eor
       2667;2025102111;    3;  14.8;  73.0;eor
       2667;2025102112;    3;  15.2;  69.0;eor
       2667;2025102113;    3;  15.1;  66.0;eor
       2667;2025102114;    3;  15.3;  63.0;eor
       2667;2025102115;    3;  15.2;  63.0;eor
       2667;2025102116;    3;  14.0;  69.0;eor
       2667;2025102117;    3;  12.2;  77.0;eor
       2667;2025102118;    3;  11.5;  80.0;eor
       2667;2025102119;    3;  11.2;  82.0;eor
       2667;2025102120;    3;  11.6;  82.0;eor
       2667;2025102121;    3;  12.7;  81.0;eor
       2667;2025102122;    3;  12.6;  83.0;eor
       2667;2025102123;    3;  12.5;  86.0;eor
       2667;2025102200;    3;  12.4;  89.0;eor
       2667;2025102201;    3;  13.0;  86.0;eor
       2667;2025102202;    3;  12.9;  90.0;eor
       2667;2025102203;    3;  11.7;  93.0;eor
       2667;2025102204;    3;  11.7;  91.0;eor
       2667;2025102205;    3;  11.0;  90.0;eor
       2667;2025102206;    3;  11.4;  91.0;eor
       2667;2025102207;    3;  11.6;  90.0;eor
       2667;2025102208;    3;  12.3;  90.0;eor
       2667;2025102209;    3;  13.0;  87.0;eor
       2667;2025102210;    3;  13.9;  82.0;eor
       2667;2025102211;    3;  15.4;  72.0;eor
       2667;2025102212;    3;  16.2;  66.0;eor
       2667;2025102213;    3;  16.2;  60.0;eor
       2667;2025102214;    3;  16.3;  62.0;eor
       2667;2025102215;    3;  16.0;  65.0;eor
       2667;2025102216;    3;  13.6;  79.0;eor
       2667;2025102217;    3;  12.7;  82.0;eor
       2667;2025102218;    3;  12.4;  85.0;eor
       2667;2025102219;    3;  12.1;  88.0;eor
       2667;2025102220;    3;  12.4;  88.0;eor
       2667;2025102221;    3;  12.1;  92.0;eor
       2667;2025102222;    3;  12.8;  88.0;eor
       2667;2025102223;    3;  12.7;  90.0;eor
       2667;2025102300;    3;  12.6;  89.0;eor
       2667;2025102301;    3;  12.8;  91.0;eor
       2667;2025102302;    3;  12.9;  93.0;eor
       2667;2025102303;    3;  13.8;  90.0;eor
       2667;2025102304;    3;  13.9;  95.0;eor
       2667;2025102305;    3;  14.8;  91.0;eor
       2667;2025102306;    3;  15.4;  88.0;eor
       2667;2025102307;    3;  14.2;  87.0;eor
       2667;2025102308;    3;  13.9;  72.0;eor
       2667;2025102309;    3;  14.9;  69.0;eor
       2667;2025102310;    3;  14.9;  62.0;eor
       2667;2025102311;    3;  14.7;  53.0;eor
       2667;2025102312;    3;  14.8;  51.0;eor
       2667;2025102313;    3;  12.8;  63.0;eor
       2667;2025102314;    3;  12.0;  69.0;eor
       2667;2025102315;    3;  11.8;  70.0;eor
       2667;2025102316;    3;  11.5;  72.0;eor
       2667;2025102317;    3;  10.6;  97.0;eor
       2667;2025102318;    3;  10.8;  89.0;eor
       2667;2025102319;    3;  10.7;  84.0;eor
       2667;2025102320;    3;  10.7;  78.0;eor
       2667;2025102321;    3;  10.4;  77.0;eor
       2667;2025102322;    3;  10.1;  77.0;eor
       2667;2025102323;    3;  10.3;  76.0;eor
       2667;2025102400;    3;  10.0;  74.0;eor
       2667;2025102401;    3;   9.6;  74.0;eor
       2667;2025102402;    3;   8.5;  86.0;eor
       2667;2025102403;    3;   7.7;  89.0;eor
       2667;2025102404;    3;   7.2;  93.0;eor
       2667;2025102405;    3;   7.9;  83.0;eor
       2667;2025102406;    3;   8.0;  78.0;eor
       2667;2025102407;    3;   8.1;  75.0;eor
       2667;2025102408;    3;   8.4;  71.0;eor
       2667;2025102409;    3;   9.2;  66.0;eor
       2667;2025102410;    3;  10.6;  61.0;eor
       2667;2025102411;    3;  10.8;  58.0;eor
       2667;2025102412;    3;  11.0;  58.0;eor
       2667;2025102413;    3;  11.9;  57.0;eor
       2667;2025102414;    3;  10.8;  62.0;eor
       2667;2025102415;    3;   9.0;  79.0;eor
       2667;2025102416;    3;   9.6;  74.0;eor
       2667;2025102417;    3;   9.2;  77.0;eor
       2667;2025102418;    3;   8.7;  83.0;eor
       2667;2025102419;    3;   9.1;  77.0;eor
       2667;2025102420;    3;   9.2;  74.0;eor
       2667;2025102421;    3;   9.7;  71.0;eor
       2667;2025102422;    3;   9.4;  72.0;eor
       2667;2025102423;    3;   8.6;  76.0;eor
       2667;2025102500;    3;   9.5;  74.0;eor
       2667;2025102501;    3;   8.9;  80.0;eor
       2667;2025102502;    3;   8.8;  81.0;eor
       2667;2025102503;    3;   8.9;  78.0;eor
       2667;2025102504;    3;   8.2;  82.0;eor
       2667;2025102505;    3;   8.0;  79.0;eor
       2667;2025102506;    3;   8.8;  76.0;eor
       2667;2025102507;    3;   9.8;  72.0;eor
       2667;2025102508;    3;   9.1;  81.0;eor
       2667;2025102509;    3;   9.2;  87.0;eor
       2667;2025102510;    3;  10.4;  76.0;eor
       2667;2025102511;    3;  10.9;  74.0;eor
       2667;2025102512;    3;  11.3;  76.0;eor
       2667;2025102513;    3;  10.3;  89.0;eor
       2667;2025102514;    3;  10.4;  90.0;eor
       2667;2025102515;    3;  10.4;  89.0;eor
       2667;2025102516;    3;   9.9;  89.0;eor
       2667;2025102517;    3;   9.0;  90.0;eor
       2667;2025102518;    3;   8.8;  91.0;eor
       2667;2025102519;    3;   8.5;  89.0;eor
       2667;2025102520;    3;   7.9;  93.0;eor
       2667;2025102521;    3;   6.3;  97.0;eor
       2667;2025102522;    3;   7.8;  87.0;eor
       2667;2025102523;    3;   7.3;  91.0;eor
       2667;2025102600;    3;   7.1;  90.0;eor
       2667;2025102601;    3;   6.8;  85.0;eor
       2667;2025102602;    3;   6.2;  87.0;eor
       2667;2025102603;    3;   6.1;  81.0;eor
       2667;2025102604;    3;   6.0;  83.0;eor
       2667;2025102605;    3;   5.5;  81.0;eor
       2667;2025102606;    3;   5.2;  79.0;eor
       2667;2025102607;    3;   5.9;  78.0;eor
       2667;2025102608;    3;   6.7;  74.0;eor
       2667;2025102609;    3;   7.0;  73.0;eor
       2667;2025102610;    3;   7.8;  72.0;eor
       2667;2025102611;    3;   8.3;  73.0;eor
       2667;2025102612;    3;   9.0;  69.0;eor
       2667;2025102613;    3;  10.1;  67.0;eor
       2667;2025102614;    3;   9.0;  65.0;eor
       2667;2025102615;    3;   9.2;  65.0;eor
       2667;2025102616;    3;   8.7;  65.0;eor
       2667;2025102617;    3;   8.2;  67.0;eor
       2667;2025102618;    3;   7.8;  65.0;eor
       2667;2025102619;    3;   7.4;  67.0;eor
       2667;2025102620;    3;   7.5;  71.0;eor
       2667;2025102621;    3;   7.2;  78.0;eor
       2667;2025102622;    3;   7.4;  76.0;eor
       2667;2025102623;    3;   7.7;  74.0;eor
       2667;2025102700;    3;   7.3;  79.0;eor
       2667;2025102701;    3;   6.9;  86.0;eor
       2667;2025102702;    3;   6.8;  92.0;eor
       2667;2025102703;    3;   8.0;  86.0;eor
       2667;2025102704;    3;   8.1;  91.0;eor
       2667;2025102705;    3;   8.4;  90.0;eor
       2667;2025102706;    3;   9.0;  85.0;eor
       2667;2025102707;    3;   8.8;  84.0;eor
       2667;2025102708;    3;   9.8;  82.0;eor
       2667;2025102709;    3;  10.2;  74.0;eor
       2667;2025102710;    3;   8.9;  86.0;eor
       2667;2025102711;    3;  10.8;  78.0;eor
       2667;2025102712;    3;  10.1;  77.0;eor
       2667;2025102713;    3;   9.9;  78.0;eor
       2667;2025102714;    3;   8.8;  85.0;eor
       2667;2025102715;    3;   9.0;  85.0;eor
       2667;2025102716;    3;   9.7;  86.0;eor
       2667;2025102717;    3;   9.6;  83.0;eor
       2667;2025102718;    3;   9.0;  86.0;eor
       2667;2025102719;    3;   8.8;  86.0;eor
       2667;2025102720;    3;   8.2;  88.0;eor
       2667;2025102721;    3;   8.5;  87.0;eor
       2667;2025102722;    3;   7.4;  91.0;eor
       2667;2025102723;    3;   7.7;  90.0;eor
       2667;2025102800;    3;   8.3;  89.0;eor
       2667;2025102801;    3;   8.6;  86.0;eor
       2667;2025102802;    3;   8.0;  88.0;eor
       2667;2025102803;    3;   8.6;  84.0;eor
       2667;2025102804;    3;   8.9;  84.0;eor
       2667;2025102805;    3;   8.2;  92.0;eor
       2667;2025102806;    3;   8.4;  94.0;eor
       2667;2025102807;    3;   9.5;  90.0;eor
       2667;2025102808;    3;  10.5;  88.0;eor
       2667;2025102809;    3;  12.0;  81.0;eor
       2667;2025102810;    3;  11.8;  83.0;eor
       2667;2025102811;    3;  12.8;  79.0;eor
       2667;2025102812;    3;  11.5;  94.0;eor
       2667;2025102813;    3;  12.4;  89.0;eor
       2667;2025102814;    3;  13.7;  75.0;eor
       2667;2025102815;    3;  12.4;  83.0;eor
       2667;2025102816;    3;  12.0;  88.0;eor
       2667;2025102817;    3;  11.3;  89.0;eor
       2667;2025102818;    3;  10.9;  91.0;eor
       2667;2025102819;    3;  10.9;  84.0;eor
       2667;2025102820;    3;  11.2;  84.0;eor
       2667;2025102821;    3;  11.0;  86.0;eor
       2667;2025102822;    3;  10.5;  84.0;eor
       2667;2025102823;    3;   9.6;  85.0;eor
       2667;2025102900;    3;   8.9;  88.0;eor
       2667;2025102901;    3;   9.8;  89.0;eor
       2667;2025102902;    3;  10.3;  93.0;eor
       2667;2025102903;    3;   9.7;  97.0;eor
       2667;2025102904;    3;   9.9;  95.0;eor
       2667;2025102905;    3;   9.1;  94.0;eor
       2667;2025102906;    3;   9.1;  94.0;eor
       2667;2025102907;    3;  10.1;  89.0;eor
       2667;2025102908;    3;  11.0;  83.0;eor
       2667;2025102909;    3;  11.7;  82.0;eor
       2667;2025102910;    3;  13.2;  76.0;eor
       2667;2025102911;    3;  13.7;  71.0;eor
       2667;2025102912;    3;  14.2;  71.0;eor
       2667;2025102913;    3;  14.7;  70.0;eor
       2667;2025102914;    3;  14.2;  71.0;eor
       2667;2025102915;    3;  14.0;  73.0;eor
       2667;2025102916;    3;  13.7;  76.0;eor
       2667;2025102917;    3;  13.4;  75.0;eor
       2667;2025102918;    3;  13.1;  75.0;eor
       2667;2025102919;    3;  13.3;  75.0;eor
       2667;2025102920;    3;  13.4;  76.0;eor
       2667;2025102921;    3;  14.0;  73.0;eor
       2667;2025102922;    3;  12.2;  88.0;eor
       2667;2025102923;    3;  11.8;  92.0;eor
       2667;2025103000;    3;  11.4;  96.0;eor
       2667;2025103001;    3;  11.7;  92.0;eor
       2667;2025103002;    3;  11.5;  88.0;eor
       2667;2025103003;    3;  11.5;  85.0;eor
       2667;2025103004;    3;  10.2;  83.0;eor
       2667;2025103005;    3;   9.5;  82.0;eor
       2667;2025103006;    3;   9.2;  82.0;eor
       2667;2025103007;    3;   8.9;  82.0;eor
       2667;2025103008;    3;   9.5;  78.0;eor
       2667;2025103009;    3;  10.6;  72.0;eor
       2667;2025103010;    3;  11.5;  67.0;eor
       2667;2025103011;    3;  11.8;  67.0;eor
       2667;2025103012;    3;  12.6;  59.0;eor
       2667;2025103013;    3;  13.3;  54.0;eor
       2667;2025103014;    3;  13.6;  53.0;eor
       2667;2025103015;    3;  13.4;  54.0;eor
       2667;2025103016;    3;  10.9;  66.0;eor
       2667;2025103017;    3;   9.2;  76.0;eor
       2667;2025103018;    3;   8.7;  78.0;eor
       2667;2025103019;    3;   8.9;  77.0;eor
       2667;2025103020;    3;   8.9;  78.0;eor
       2667;2025103021;    3;   8.5;  77.0;eor
       2667;2025103022;    3;   7.7;  80.0;eor
       2667;2025103023;    3;   7.1;  83.0;eor
       2667;2025103100;    3;   6.6;  85.0;eor
       2667;2025103101;    3;   7.1;  82.0;eor
       2667;2025103102;    3;   7.1;  82.0;eor
       2667;2025103103;    3;   7.4;  80.0;eor
       2667;2025103104;    3;   6.7;  84.0;eor
       2667;2025103105;    3;   7.9;  77.0;eor
       2667;2025103106;    3;   7.8;  77.0;eor
       2667;2025103107;    3;   7.9;  75.0;eor
       2667;2025103108;    3;   8.6;  73.0;eor
       2667;2025103109;    3;  10.1;  69.0;eor
       2667;2025103110;    3;   9.9;  71.0;eor
       2667;2025103111;    3;  10.9;  70.0;eor
       2667;2025103112;    3;  11.9;  70.0;eor
       2667;2025103113;    3;  12.9;  70.0;eor
       2667;2025103114;    3;  13.2;  70.0;eor
       2667;2025103115;    3;  13.1;  72.0;eor
       2667;2025103116;    3;  12.5;  75.0;eor
       2667;2025103117;    3;  12.0;  77.0;eor
       2667;2025103118;    3;  12.3;  76.0;eor
       2667;2025103119;    3;  12.1;  78.0;eor
       2667;2025103120;    3;  11.7;  81.0;eor
       2667;2025103121;    3;  11.7;  82.0;eor
       2667;2025103122;    3;  11.1;  85.0;eor
       2667;2025103123;    3;  11.1;  85.0;eor
       2667;2025110100;    3;  10.8;  85.0;eor
       2667;2025110101;    3;  10.9;  85.0;eor
       2667;2025110102;    3;  11.3;  84.0;eor
       2667;2025110103;    3;  11.1;  86.0;eor
       2667;2025110104;    3;  11.1;  88.0;eor
       2667;2025110105;    3;  11.4;  89.0;eor
       2667;2025110106;    3;  12.4;  85.0;eor
       2667;2025110107;    3;  12.6;  84.0;eor
       2667;2025110108;    3;  13.1;  83.0;eor
       2667;2025110109;    3;  13.3;  84.0;eor
       2667;2025110110;    3;  13.9;  82.0;eor
       2667;2025110111;    3;  14.4;  84.0;eor
       2667;2025110112;    3;  15.5;  80.0;eor
       2667;2025110113;    3;  15.4;  82.0;eor
       2667;2025110114;    3;  12.7;  88.0;eor
       2667;2025110115;    3;  12.4;  90.0;eor
       2667;2025110116;    3;  11.8;  93.0;eor
       2667;2025110117;    3;  11.9;  92.0;eor
       2667;2025110118;    3;  11.3;  92.0;eor
       2667;2025110119;    3;   9.6;  94.0;eor
       2667;2025110120;    3;   8.9;  96.0;eor
       2667;2025110121;    3;  10.0;  94.0;eor
       2667;2025110122;    3;  10.1;  91.0;eor
       2667;2025110123;    3;   9.7;  92.0;eor
       2667;2025110200;    3;   9.6;  91.0;eor
       2667;2025110201;    3;   9.4;  90.0;eor
       2667;2025110202;    3;   8.9;  91.0;eor
       2667;2025110203;    3;   8.3;  92.0;eor
       2667;2025110204;    3;   8.0;  91.0;eor
       2667;2025110205;    3;   9.1;  91.0;eor
       2667;2025110206;    3;  10.0;  87.0;eor
       2667;2025110207;    3;   9.5;  89.0;eor
       2667;2025110208;    3;  10.3;  89.0;eor
       2667;2025110209;    3;  12.0;  82.0;eor
       2667;2025110210;    3;  13.6;  74.0;eor
       2667;2025110211;    3;  13.7;  75.0;eor
       2667;2025110212;    3;  14.4;  63.0;eor
       2667;2025110213;    3;  14.8;  58.0;eor
       2667;2025110214;    3;  14.8;  61.0;eor
       2667;2025110215;    3;  13.9;  65.0;eor
       2667;2025110216;    3;  12.6;  70.0;eor
       2667;2025110217;    3;   9.4;  90.0;eor
       2667;2025110218;    3;   8.5;  94.0;eor
       2667;2025110219;    3;   9.2;  90.0;eor
       2667;2025110220;    3;   9.2;  87.0;eor
       2667;2025110221;    3;   9.3;  87.0;eor
       2667;2025110222;    3;   9.4;  89.0;eor
       2667;2025110223;    3;   8.9;  88.0;eor
       2667;2025110300;    3;   8.9;  85.0;eor
       2667;2025110301;    3;   8.0;  85.0;eor
       2667;2025110302;    3;   5.9;  90.0;eor
       2667;2025110303;    3;   5.3;  93.0;eor
       2667;2025110304;    3;   5.2;  91.0;eor
       2667;2025110305;    3;   6.3;  90.0;eor
       2667;2025110306;    3;   6.1;  91.0;eor
       2667;2025110307;    3;   6.4;  89.0;eor
       2667;2025110308;    3;   7.6;  86.0;eor
       2667;2025110309;    3;   9.9;  77.0;eor
       2667;2025110310;    3;  11.3;  69.0;eor
       2667;2025110311;    3;  11.8;  70.0;eor
       2667;2025110312;    3;  12.8;  67.0;eor
       2667;2025110313;    3;  13.0;  65.0;eor
       2667;2025110314;    3;  12.4;  68.0;eor
       2667;2025110315;    3;  11.7;  72.0;eor
       2667;2025110316;    3;  11.5;  74.0;eor
       2667;2025110317;    3;  11.3;  75.0;eor
       2667;2025110318;    3;   9.9;  81.0;eor
       2667;2025110319;    3;   9.8;  85.0;eor
       2667;2025110320;    3;  10.9;  80.0;eor
       2667;2025110321;    3;  11.7;  79.0;eor
       2667;2025110322;    3;  11.6;  80.0;eor
       2667;2025110323;    3;  11.9;  80.0;eor
       2667;2025110400;    3;  12.1;  79.0;eor
       2667;2025110401;    3;  12.2;  80.0;eor
       2667;2025110402;    3;  12.2;  80.0;eor
       2667;2025110403;    3;  12.3;  80.0;eor
       2667;2025110404;    3;  12.6;  79.0;eor
       2667;2025110405;    3;  12.3;  80.0;eor
       2667;2025110406;    3;  12.5;  79.0;eor
       2667;2025110407;    3;  12.5;  79.0;eor
       2667;2025110408;    3;  12.6;  78.0;eor
       2667;2025110409;    3;  13.5;  74.0;eor
       2667;2025110410;    3;  14.1;  68.0;eor
       2667;2025110411;    3;  14.6;  68.0;eor
       2667;2025110412;    3;  15.2;  64.0;eor
       2667;2025110413;    3;  15.5;  65.0;eor
       2667;2025110414;    3;  16.1;  63.0;eor
       2667;2025110415;    3;  14.9;  64.0;eor
       2667;2025110416;    3;  14.5;  65.0;eor
       2667;2025110417;    3;  13.3;  70.0;eor
       2667;2025110418;    3;  12.8;  71.0;eor
       2667;2025110419;    3;  12.5;  70.0;eor
       2667;2025110420;    3;  12.0;  71.0;eor
       2667;2025110421;    3;  11.8;  71.0;eor
       2667;2025110422;    3;  11.2;  72.0;eor
       2667;2025110423;    3;  11.1;  71.0;eor
       2667;2025110500;    3;  10.7;  71.0;eor
       2667;2025110501;    3;  11.1;  67.0;eor
       2667;2025110502;    3;  11.0;  66.0;eor
       2667;2025110503;    3;  10.3;  68.0;eor
       2667;2025110504;    3;   9.9;  68.0;eor
       2667;2025110505;    3;   9.7;  68.0;eor
       2667;2025110506;    3;   9.7;  67.0;eor
       2667;2025110507;    3;   9.5;  68.0;eor
       2667;2025110508;    3;  10.3;  66.0;eor
       2667;2025110509;    3;  10.9;  65.0;eor
       2667;2025110510;    3;  11.9;  63.0;eor
       2667;2025110511;    3;  13.2;  60.0;eor
       2667;2025110512;    3;  14.8;  55.0;eor
       2667;2025110513;    3;  15.9;  52.0;eor
       2667;2025110514;    3;  16.1;  51.0;eor
       2667;2025110515;    3;  15.9;  53.0;eor
       2667;2025110516;    3;  14.0;  60.0;eor
       2667;2025110517;    3;  13.1;  59.0;eor
       2667;2025110518;    3;  13.2;  59.0;eor
       2667;2025110519;    3;  12.6;  59.0;eor
       2667;2025110520;    3;  12.2;  57.0;eor
       2667;2025110521;    3;  11.7;  58.0;eor
       2667;2025110522;    3;  11.0;  62.0;eor
       2667;2025110523;    3;  10.0;  67.0;eor
       2667;2025110600;    3;  10.1;  70.0;eor
       2667;2025110601;    3;   9.2;  75.0;eor
       2667;2025110602;    3;   8.7;  78.0;eor
       2667;2025110603;    3;   8.1;  81.0;eor
       2667;2025110604;    3;   8.4;  79.0;eor
       2667;2025110605;    3;   8.4;  79.0;eor
       2667;2025110606;    3;   8.4;  79.0;eor
       2667;2025110607;    3;   8.2;  79.0;eor
       2667;2025110608;    3;   9.1;  75.0;eor
       2667;2025110609;    3;  10.8;  69.0;eor
       2667;2025110610;    3;  11.4;  68.0;eor
       2667;2025110611;    3;  12.9;  61.0;eor
       2667;2025110612;    3;  14.3;  60.0;eor
       2667;2025110613;    3;  15.0;  58.0;eor
       2667;2025110614;    3;  15.6;  53.0;eor
       2667;2025110615;    3;  14.7;  59.0;eor
       2667;2025110616;    3;  13.0;  67.0;eor
       2667;2025110617;    3;  11.8;  70.0;eor
       2667;2025110618;    3;  10.7;  75.0;eor
       2667;2025110619;    3;   9.7;  78.0;eor
       2667;2025110620;    3;   9.4;  78.0;eor
       2667;2025110621;    3;   8.6;  80.0;eor
       2667;2025110622;    3;   8.0;  82.0;eor
       2667;2025110623;    3;   7.7;  82.0;eor
       2667;2025110700;    3;   8.1;  81.0;eor
       2667;2025110701;    3;   8.1;  81.0;eor
       2667;2025110702;    3;   7.1;  83.0;eor
       2667;2025110703;    3;   6.7;  85.0;eor
       2667;2025110704;    3;   6.3;  86.0;eor
       2667;2025110705;    3;   5.7;  87.0;eor
       2667;2025110706;    3;   5.8;  86.0;eor
       2667;2025110707;    3;   5.0;  89.0;eor
       2667;2025110708;    3;   6.3;  80.0;eor
       2667;2025110709;    3;   7.8;  75.0;eor
       2667;2025110710;    3;   8.9;  71.0;eor
       2667;2025110711;    3;  10.9;  65.0;eor
       2667;2025110712;    3;  12.2;  62.0;eor
       2667;2025110713;    3;  13.4;  59.0;eor
       2667;2025110714;    3;  13.4;  60.0;eor
       2667;2025110715;    3;  11.9;  65.0;eor
       2667;2025110716;    3;  10.3;  71.0;eor
       2667;2025110717;    3;   8.4;  76.0;eor
       2667;2025110718;    3;   7.2;  80.0;eor
       2667;2025110719;    3;   6.1;  84.0;eor
       2667;2025110720;    3;   5.4;  87.0;eor
       2667;2025110721;    3;   4.9;  90.0;eor
       2667;2025110722;    3;   4.2;  93.0;eor
       2667;2025110723;    3;   4.2;  95.0;eor
       2667;2025110800;    3;   4.3;  95.0;eor
       2667;2025110801;    3;   4.3;  94.0;eor
       2667;2025110802;    3;   3.8;  96.0;eor
       2667;2025110803;    3;   4.0;  96.0;eor
       2667;2025110804;    3;   3.9;  96.0;eor
       2667;2025110805;    3;   3.7;  96.0;eor
       2667;2025110806;    3;   3.9;  97.0;eor
       2667;2025110807;    3;   4.1;  98.0;eor
       2667;2025110808;    3;   4.4;  99.0;eor
       2667;2025110809;    3;   5.2;  94.0;eor
       2667;2025110810;    3;   7.0;  89.0;eor
       2667;2025110811;    3;   9.7;  77.0;eor
       2667;2025110812;    3;  11.4;  73.0;eor
       2667;2025110813;    3;  12.5;  71.0;eor
       2667;2025110814;    3;  12.2;  73.0;eor
       2667;2025110815;    3;  12.0;  76.0;eor
       2667;2025110816;    3;  11.6;  79.0;eor
       2667;2025110817;    3;  10.7;  85.0;eor
       2667;2025110818;    3;  10.5;  83.0;eor
       2667;2025110819;    3;  10.3;  85.0;eor
       2667;2025110820;    3;  10.1;  86.0;eor
       2667;2025110821;    3;   9.9;  87.0;eor
       2667;2025110822;    3;   9.4;  92.0;eor
       2667;2025110823;    3;   9.3;  93.0;eor
       2667;2025110900;    3;   9.5;  95.0;eor
       2667;2025110901;    3;   9.6;  96.0;eor
       2667;2025110902;    3;   9.6;  97.0;eor
       2667;2025110903;    3;   9.6;  96.0;eor
       2667;2025110904;    3;   9.7;  97.0;eor
       2667;2025110905;    3;  10.2;  97.0;eor
       2667;2025110906;    3;  10.2;  97.0;eor
       2667;2025110907;    3;  10.1;  97.0;eor
       2667;2025110908;    3;  10.5;  97.0;eor
       2667;2025110909;    3;  10.8;  97.0;eor
       2667;2025110910;    3;  11.2;  96.0;eor
       2667;2025110911;    3;  11.7;  93.0;eor
       2667;2025110912;    3;  12.1;  91.0;eor
       2667;2025110913;    3;  12.3;  88.0;eor
       2667;2025110914;    3;  12.3;  84.0;eor
       2667;2025110915;    3;  11.8;  87.0;eor
       2667;2025110916;    3;  10.7;  91.0;eor
       2667;2025110917;    3;   9.4;  96.0;eor
       2667;2025110918;    3;   8.7;  97.0;eor
       2667;2025110919;    3;   8.4;  98.0;eor
       2667;2025110920;    3;   6.7;  96.0;eor
       2667;2025110921;    3;   7.2;  98.0;eor
       2667;2025110922;    3;   6.5;  97.0;eor
       2667;2025110923;    3;   4.1;  99.0;eor
       2667;2025111000;    3;   3.8;  98.0;eor
       2667;2025111001;    3;   2.6;  99.0;eor
       2667;2025111002;    3;   2.8;  98.0;eor
       2667;2025111003;    3;   1.7; 100.0;eor
       2667;2025111004;    3;   3.2;  99.0;eor
       2667;2025111005;    3;   4.0;  99.0;eor
       2667;2025111006;    3;   4.6; 100.0;eor
       2667;2025111007;    3;   5.3;  99.0;eor
       2667;2025111008;    3;   6.0;  96.0;eor
       2667;2025111009;    3;   6.4;  93.0;eor
       2667;2025111010;    3;   7.0;  92.0;eor
       2667;2025111011;    3;   7.3;  87.0;eor
       2667;2025111012;    3;   9.1;  79.0;eor
       2667;2025111013;    3;   9.9;  76.0;eor
       2667;2025111014;    3;   9.6;  77.0;eor
       2667;2025111015;    3;   9.2;  78.0;eor
       2667;2025111016;    3;   8.9;  79.0;eor
       2667;2025111017;    3;   8.8;  81.0;eor
       2667;2025111018;    3;   8.3;  83.0;eor
       2667;2025111019;    3;   8.4;  81.0;eor
       2667;2025111020;    3;   8.0;  81.0;eor
       2667;2025111021;    3;   7.7;  84.0;eor
       2667;2025111022;    3;   7.1;  93.0;eor
       2667;2025111023;    3;   7.4;  91.0;eor
       2667;2025111100;    3;   7.6;  91.0;eor
       2667;2025111101;    3;   7.9;  91.0;eor
       2667;2025111102;    3;   7.8;  92.0;eor
       2667;2025111103;    3;   8.9;  87.0;eor
       2667;2025111104;    3;   8.2;  89.0;eor
       2667;2025111105;    3;   7.7;  87.0;eor
       2667;2025111106;    3;   7.1;  89.0;eor
       2667;2025111107;    3;   7.8;  87.0;eor
       2667;2025111108;    3;   9.0;  84.0;eor
       2667;2025111109;    3;  10.3;  80.0;eor
       2667;2025111110;    3;  11.7;  77.0;eor
       2667;2025111111;    3;  13.0;  71.0;eor
       2667;2025111112;    3;  13.2;  68.0;eor
       2667;2025111113;    3;  13.7;  64.0;eor
       2667;2025111114;    3;  13.7;  62.0;eor
       2667;2025111115;    3;  13.4;  63.0;eor
       2667;2025111116;    3;  11.7;  70.0;eor
       2667;2025111117;    3;  10.6;  72.0;eor
       2667;2025111118;    3;  10.3;  75.0;eor
       2667;2025111119;    3;   9.8;  77.0;eor
       2667;2025111120;    3;  10.2;  77.0;eor
       2667;2025111121;    3;   9.8;  79.0;eor
       2667;2025111122;    3;   9.4;  81.0;eor
       2667;2025111123;    3;   9.4;  80.0;eor
       2667;2025111200;    3;   9.5;  80.0;eor
       2667;2025111201;    3;   9.1;  82.0;eor
       2667;2025111202;    3;   8.7;  84.0;eor
       2667;2025111203;    3;   9.5;  80.0;eor
       2667;2025111204;    3;   9.3;  80.0;eor
       2667;2025111205;    3;   8.7;  82.0;eor
       2667;2025111206;    3;   8.7;  82.0;eor
       2667;2025111207;    3;   8.7;  81.0;eor
       2667;2025111208;    3;   9.5;  77.0;eor
       2667;2025111209;    3;  10.7;  73.0;eor
       2667;2025111210;    3;  11.8;  69.0;eor
       2667;2025111211;    3;  13.0;  64.0;eor
       2667;2025111212;    3;  13.9;  62.0;eor
       2667;2025111213;    3;  14.3;  62.0;eor
       2667;2025111214;    3;  14.2;  61.0;eor
       2667;2025111215;    3;  13.0;  66.0;eor
       2667;2025111216;    3;  12.6;  67.0;eor
       2667;2025111217;    3;  12.6;  70.0;eor
       2667;2025111218;    3;  11.5;  75.0;eor
       2667;2025111219;    3;  11.5;  75.0;eor
       2667;2025111220;    3;  11.5;  74.0;eor
       2667;2025111221;    3;  10.8;  78.0;eor
       2667;2025111222;    3;  11.6;  76.0;eor
       2667;2025111223;    3;  11.5;  77.0;eor
       2667;2025111300;    3;  11.8;  76.0;eor
       2667;2025111301;    3;  11.6;  77.0;eor
       2667;2025111302;    3;  12.2;  74.0;eor
       2667;2025111303;    3;  12.2;  74.0;eor
       2667;2025111304;    3;  12.1;  73.0;eor
       2667;2025111305;    3;  12.9;  71.0;eor
       2667;2025111306;    3;  12.1;  74.0;eor
       2667;2025111307;    3;  13.0;  70.0;eor
       2667;2025111308;    3;  13.3;  69.0;eor
       2667;2025111309;    3;  13.9;  70.0;eor
       2667;2025111310;    3;  15.3;  67.0;eor
       2667;2025111311;    3;  16.6;  61.0;eor
       2667;2025111312;    3;  18.1;  56.0;eor
       2667;2025111313;    3;  18.9;  54.0;eor
       2667;2025111314;    3;  18.4;  56.0;eor
       2667;2025111315;    3;  17.6;  60.0;eor
       2667;2025111316;    3;  16.2;  64.0;eor
       2667;2025111317;    3;  15.3;  69.0;eor
       2667;2025111318;    3;  15.1;  69.0;eor
       2667;2025111319;    3;  14.5;  71.0;eor
       2667;2025111320;    3;  13.7;  74.0;eor
       2667;2025111321;    3;  13.9;  72.0;eor
       2667;2025111322;    3;  14.2;  71.0;eor
       2667;2025111323;    3;  13.7;  73.0;eor
       2667;2025111400;    3;  14.3;  69.0;eor
       2667;2025111401;    3;  13.1;  72.0;eor
       2667;2025111402;    3;  14.0;  68.0;eor
       2667;2025111403;    3;  14.1;  67.0;eor
       2667;2025111404;    3;  14.0;  65.0;eor
       2667;2025111405;    3;  14.5;  60.0;eor
       2667;2025111406;    3;  14.1;  60.0;eor
       2667;2025111407;    3;  14.7;  56.0;eor
       2667;2025111408;    3;  15.0;  54.0;eor
       2667;2025111409;    3;  16.3;  49.0;eor
       2667;2025111410;    3;  16.6;  50.0;eor
       2667;2025111411;    3;  17.2;  48.0;eor
       2667;2025111412;    3;  17.1;  50.0;eor
       2667;2025111413;    3;  16.9;  54.0;eor
       2667;2025111414;    3;  16.7;  54.0;eor
       2667;2025111415;    3;  16.8;  54.0;eor
       2667;2025111416;    3;  16.0;  56.0;eor
       2667;2025111417;    3;  15.1;  60.0;eor
       2667;2025111418;    3;  14.8;  62.0;eor
       2667;2025111419;    3;  14.9;  62.0;eor
       2667;2025111420;    3;  15.3;  59.0;eor
       2667;2025111421;    3;  15.3;  58.0;eor
       2667;2025111422;    3;  15.5;  58.0;eor
       2667;2025111423;    3;  13.7;  72.0;eor
       2667;2025111500;    3;  12.9;  82.0;eor
       2667;2025111501;    3;  13.2;  81.0;eor
       2667;2025111502;    3;  12.7;  86.0;eor
       2667;2025111503;    3;  12.2;  91.0;eor
       2667;2025111504;    3;  13.1;  85.0;eor
       2667;2025111505;    3;  12.7;  87.0;eor
       2667;2025111506;    3;  12.0;  90.0;eor
       2667;2025111507;    3;  12.7;  88.0;eor
       2667;2025111508;    3;  12.6;  91.0;eor
       2667;2025111509;    3;  14.3;  81.0;eor
       2667;2025111510;    3;  13.8;  81.0;eor
       2667;2025111511;    3;  14.1;  85.0;eor
       2667;2025111512;    3;  14.9;  78.0;eor
       2667;2025111513;    3;  14.2;  85.0;eor
       2667;2025111514;    3;  14.4;  83.0;eor
       2667;2025111515;    3;  14.6;  83.0;eor
       2667;2025111516;    3;  13.6;  86.0;eor
       2667;2025111517;    3;  12.2;  94.0;eor
       2667;2025111518;    3;  11.7;  92.0;eor
       2667;2025111519;    3;  11.0;  90.0;eor
       2667;2025111520;    3;  12.5;  95.0;eor
       2667;2025111521;    3;  12.8;  95.0;eor
       2667;2025111522;    3;  12.6;  94.0;eor
       2667;2025111523;    3;  12.5;  92.0;eor
       2667;2025111600;    3;  12.3;  93.0;eor
       2667;2025111601;    3;  12.3;  92.0;eor
       2667;2025111602;    3;  12.0;  94.0;eor
       2667;2025111603;    3;  12.3;  96.0;eor
       2667;2025111604;    3;  12.1;  96.0;eor
       2667;2025111605;    3;  11.8;  96.0;eor
       2667;2025111606;    3;  11.7;  94.0;eor
       2667;2025111607;    3;  11.3;  91.0;eor
       2667;2025111608;    3;  11.2;  90.0;eor
       2667;2025111609;    3;  11.2;  88.0;eor
       2667;2025111610;    3;  11.9;  87.0;eor
       2667;2025111611;    3;  12.4;  84.0;eor
       2667;2025111612;    3;  11.7;  93.0;eor
       2667;2025111613;    3;  10.1;  95.0;eor
       2667;2025111614;    3;   9.1;  96.0;eor
       2667;2025111615;    3;   8.3;  97.0;eor
       2667;2025111616;    3;   7.7;  94.0;eor
       2667;2025111617;    3;   7.3;  95.0;eor
       2667;2025111618;    3;   7.2;  92.0;eor
       2667;2025111619;    3;   6.7;  94.0;eor
       2667;2025111620;    3;   6.4;  95.0;eor
       2667;2025111621;    3;   6.3;  94.0;eor
       2667;2025111622;    3;   6.1;  93.0;eor
       2667;2025111623;    3;   6.1;  93.0;eor
       2667;2025111700;    3;   5.5;  90.0;eor
       2667;2025111701;    3;   2.4;  92.0;eor
       2667;2025111702;    3;   1.6;  92.0;eor
       2667;2025111703;    3;   1.2;  93.0;eor
       2667;2025111704;    3;   0.4;  94.0;eor
       2667;2025111705;    3;   0.4;  95.0;eor
       2667;2025111706;    3;   1.6;  95.0;eor
       2667;2025111707;    3;   2.0;  95.0;eor
       2667;2025111708;    3;   3.1;  95.0;eor
       2667;2025111709;    3;   4.8;  92.0;eor
       2667;2025111710;    3;   5.6;  88.0;eor
       2667;2025111711;    3;   5.6;  85.0;eor
       2667;2025111712;    3;   5.5;  80.0;eor
       2667;2025111713;    3;   6.0;  74.0;eor
       2667;2025111714;    3;   4.9;  75.0;eor
       2667;2025111715;    3;   4.7;  78.0;eor
       2667;2025111716;    3;   4.3;  74.0;eor
       2667;2025111717;    3;   2.7;  81.0;eor
       2667;2025111718;    3;   2.4;  84.0;eor
       2667;2025111719;    3;   1.7;  88.0;eor
       2667;2025111720;    3;   0.5;  91.0;eor
       2667;2025111721;    3;  -0.1;  93.0;eor
       2667;2025111722;    3;  -0.4;  93.0;eor
       2667;2025111723;    3;   0.1;  93.0;eor
       2667;2025111800;    3;  -0.4;  91.0;eor
       2667;2025111801;    3;  -0.4;  95.0;eor
       2667;2025111802;    3;  -0.6;  94.0;eor
       2667;2025111803;    3;  -0.1;  93.0;eor
       2667;2025111804;    3;   0.3;  91.0;eor
       2667;2025111805;    3;   0.0;  91.0;eor
       2667;2025111806;    3;   0.6;  90.0;eor
       2667;2025111807;    3;   1.0;  88.0;eor
       2667;2025111808;    3;   1.1;  87.0;eor
       2667;2025111809;    3;   1.7;  87.0;eor
       2667;2025111810;    3;   3.4;  82.0;eor
       2667;2025111811;    3;   4.6;  82.0;eor
       2667;2025111812;    3;   6.4;  72.0;eor
       2667;2025111813;    3;   6.7;  69.0;eor
       2667;2025111814;    3;   7.1;  61.0;eor
       2667;2025111815;    3;   6.9;  62.0;eor
       2667;2025111816;    3;   6.1;  65.0;eor
       2667;2025111817;    3;   5.4;  68.0;eor
       2667;2025111818;    3;   4.8;  67.0;eor
       2667;2025111819;    3;   4.2;  71.0;eor
       2667;2025111820;    3;   4.0;  71.0;eor
       2667;2025111821;    3;   3.6;  74.0;eor
       2667;2025111822;    3;   3.7;  75.0;eor
       2667;2025111823;    3;   3.7;  75.0;eor
       2667;2025111900;    3;   3.2;  78.0;eor
       2667;2025111901;    3;   3.1;  86.0;eor
       2667;2025111902;    3;   3.2;  87.0;eor
       2667;2025111903;    3;   4.0;  79.0;eor
       2667;2025111904;    3;   4.0;  77.0;eor
       2667;2025111905;    3;   3.3;  80.0;eor
       2667;2025111906;    3;   3.5;  83.0;eor
       2667;2025111907;    3;   3.7;  80.0;eor
       2667;2025111908;    3;   3.9;  75.0;eor
       2667;2025111909;    3;   3.9;  76.0;eor
       2667;2025111910;    3;   4.6;  74.0;eor
       2667;2025111911;    3;   4.7;  75.0;eor
       2667;2025111912;    3;   5.1;  74.0;eor
       2667;2025111913;    3;   4.3;  85.0;eor
       2667;2025111914;    3;   4.0;  85.0;eor
       2667;2025111915;    3;   4.4;  84.0;eor
       2667;2025111916;    3;   4.6;  79.0;eor
       2667;2025111917;    3;   3.6;  89.0;eor
       2667;2025111918;    3;   3.7;  90.0;eor
       2667;2025111919;    3;   3.7;  91.0;eor
       2667;2025111920;    3;   3.6;  88.0;eor
       2667;2025111921;    3;   2.7;  93.0;eor
       2667;2025111922;    3;   2.8;  94.0;eor
       2667;2025111923;    3;   3.1;  90.0;eor
       2667;2025112000;    3;   1.6;  91.0;eor
       2667;2025112001;    3;   1.1;  94.0;eor
       2667;2025112002;    3;   2.6;  93.0;eor
       2667;2025112003;    3;   2.7;  85.0;eor
       2667;2025112004;    3;   2.6;  87.0;eor
       2667;2025112005;    3;   2.7;  80.0;eor
       2667;2025112006;    3;   2.5;  86.0;eor
       2667;2025112007;    3;   2.2;  89.0;eor
       2667;2025112008;    3;   2.3;  88.0;eor
       2667;2025112009;    3;   2.6;  87.0;eor
       2667;2025112010;    3;   3.0;  84.0;eor
       2667;2025112011;    3;   3.0;  82.0;eor
       2667;2025112012;    3;   3.4;  78.0;eor
       2667;2025112013;    3;   3.5;  81.0;eor
       2667;2025112014;    3;   3.9;  71.0;eor
       2667;2025112015;    3;   3.2;  77.0;eor
       2667;2025112016;    3;   0.4;  89.0;eor
       2667;2025112017;    3;   1.1;  85.0;eor
       2667;2025112018;    3;   0.3;  86.0;eor
       2667;2025112019;    3;   0.9;  83.0;eor
       2667;2025112020;    3;   1.2;  82.0;eor
       2667;2025112021;    3;   1.3;  84.0;eor
       2667;2025112022;    3;   1.5;  84.0;eor
       2667;2025112023;    3;   1.2;  87.0;eor
       2667;2025112100;    3;   1.4;  85.0;eor
       2667;2025112101;    3;   1.3;  86.0;eor
       2667;2025112102;    3;   1.7;  83.0;eor
       2667;2025112103;    3;   1.8;  83.0;eor
       2667;2025112104;    3;   0.5;  92.0;eor
       2667;2025112105;    3;   0.6;  94.0;eor
       2667;2025112106;    3;   1.0;  88.0;eor
       2667;2025112107;    3;   1.1;  84.0;eor
       2667;2025112108;    3;   0.9;  77.0;eor
       2667;2025112109;    3;   2.0;  72.0;eor
       2667;2025112110;    3;   3.3;  67.0;eor
       2667;2025112111;    3;   4.5;  56.0;eor
       2667;2025112112;    3;   4.6;  59.0;eor
       2667;2025112113;    3;   5.0;  52.0;eor
       2667;2025112114;    3;   4.6;  45.0;eor
       2667;2025112115;    3;   3.6;  49.0;eor
       2667;2025112116;    3;   0.3;  71.0;eor
       2667;2025112117;    3;  -0.5;  76.0;eor
       2667;2025112118;    3;  -1.2;  80.0;eor
       2667;2025112119;    3;  -2.1;  83.0;eor
       2667;2025112120;    3;  -3.9;  89.0;eor
       2667;2025112121;    3;  -4.9;  91.0;eor
       2667;2025112122;    3;  -4.5;  91.0;eor
       2667;2025112123;    3;  -5.5;  90.0;eor
       2667;2025112200;    3;  -5.2;  90.0;eor
       2667;2025112201;    3;  -5.3;  87.0;eor
       2667;2025112202;    3;  -5.8;  88.0;eor
       2667;2025112203;    3;  -4.8;  87.0;eor
       2667;2025112204;    3;  -5.2;  90.0;eor
       2667;2025112205;    3;  -5.0;  90.0;eor
       2667;2025112206;    3;  -4.5;  88.0;eor
       2667;2025112207;    3;  -3.5;  84.0;eor
       2667;2025112208;    3;  -2.5;  81.0;eor
       2667;2025112209;    3;  -1.4;  76.0;eor
       2667;2025112210;    3;   0.5;  68.0;eor
       2667;2025112211;    3;   2.7;  61.0;eor
       2667;2025112212;    3;   3.7;  52.0;eor
       2667;2025112213;    3;   3.6;  56.0;eor
       2667;2025112214;    3;   3.5;  57.0;eor
       2667;2025112215;    3;   2.3;  64.0;eor
       2667;2025112216;    3;   1.5;  63.0;eor
       2667;2025112217;    3;   0.3;  66.0;eor
       2667;2025112218;    3;   0.0;  65.0;eor
       2667;2025112219;    3;   0.3;  65.0;eor
       2667;2025112220;    3;  -0.3;  68.0;eor
       2667;2025112221;    3;  -0.6;  69.0;eor
       2667;2025112222;    3;  -0.9;  70.0;eor
       2667;2025112223;    3;  -1.1;  71.0;eor
       2667;2025112300;    3;  -1.4;  70.0;eor
       2667;2025112301;    3;  -1.5;  68.0;eor
       2667;2025112302;    3;  -1.8;  67.0;eor
       2667;2025112303;    3;  -2.1;  67.0;eor
       2667;2025112304;    3;  -2.4;  67.0;eor
       2667;2025112305;    3;  -2.3;  65.0;eor
       2667;2025112306;    3;  -2.4;  64.0;eor
       2667;2025112307;    3;  -2.4;  64.0;eor
       2667;2025112308;    3;  -2.2;  64.0;eor
       2667;2025112309;    3;  -1.9;  62.0;eor
       2667;2025112310;    3;  -0.9;  57.0;eor
       2667;2025112311;    3;   1.0;  51.0;eor
       2667;2025112312;    3;   2.3;  46.0;eor
       2667;2025112313;    3;   2.4;  47.0;eor
       2667;2025112314;    3;   2.4;  50.0;eor
       2667;2025112315;    3;   0.2;  78.0;eor
       2667;2025112316;    3;   0.6;  75.0;eor
       2667;2025112317;    3;   0.6;  80.0;eor
       2667;2025112318;    3;   0.1;  90.0;eor
       2667;2025112319;    3;   0.4;  88.0;eor
       2667;2025112320;    3;   0.7;  88.0;eor
       2667;2025112321;    3;   1.4;  85.0;eor
       2667;2025112322;    3;   1.6;  86.0;eor
       2667;2025112323;    3;   2.1;  85.0;eor
       2667;2025112400;    3;   2.0;  86.0;eor
       2667;2025112401;    3;   1.8;  88.0;eor
       2667;2025112402;    3;   2.2;  88.0;eor
       2667;2025112403;    3;   2.8;  87.0;eor
       2667;2025112404;    3;   3.0;  86.0;eor
       2667;2025112405;    3;   3.1;  86.0;eor
       2667;2025112406;    3;   3.0;  87.0;eor
       2667;2025112407;    3;   3.3;  86.0;eor
       2667;2025112408;    3;   3.3;  87.0;eor
       2667;2025112409;    3;   4.8;  82.0;eor
       2667;2025112410;    3;   5.7;  83.0;eor
       2667;2025112411;    3;   7.1;  77.0;eor
       2667;2025112412;    3;   8.2;  76.0;eor
       2667;2025112413;    3;   8.2;  72.0;eor
       2667;2025112414;    3;   6.5;  83.0;eor
       2667;2025112415;    3;   6.2;  90.0;eor
       2667;2025112416;    3;   6.1;  88.0;eor
       2667;2025112417;    3;   5.2;  90.0;eor
       2667;2025112418;    3;   5.1;  89.0;eor
       2667;2025112419;    3;   4.1;  91.0;eor
       2667;2025112420;    3;   5.2;  87.0;eor
       2667;2025112421;    3;   4.9;  87.0;eor
       2667;2025112422;    3;   4.8;  88.0;eor
       2667;2025112423;    3;   5.0;  89.0;eor
       2667;2025112500;    3;   5.1;  88.0;eor
       2667;2025112501;    3;   5.1;  88.0;eor
       2667;2025112502;    3;   5.2;  87.0;eor
       2667;2025112503;    3;   5.2;  86.0;eor
       2667;2025112504;    3;   5.0;  86.0;eor
       2667;2025112505;    3;   4.0;  90.0;eor
       2667;2025112506;    3;   4.3;  88.0;eor
       2667;2025112507;    3;   4.6;  87.0;eor
       2667;2025112508;    3;   4.3;  90.0;eor
       2667;2025112509;    3;   5.0;  87.0;eor
       2667;2025112510;    3;   5.9;  85.0;eor
       2667;2025112511;    3;   6.4;  83.0;eor
       2667;2025112512;    3;   6.5;  85.0;eor
       2667;2025112513;    3;   6.6;  83.0;eor
       2667;2025112514;    3;   6.5;  85.0;eor
       2667;2025112515;    3;   5.9;  89.0;eor
       2667;2025112516;    3;   5.5;  89.0;eor
       2667;2025112517;    3;   5.3;  87.0;eor
       2667;2025112518;    3;   5.1;  90.0;eor
       2667;2025112519;    3;   4.9;  85.0;eor
       2667;2025112520;    3;   3.0;  90.0;eor
       2667;2025112521;    3;   2.2;  94.0;eor
       2667;2025112522;    3;   1.5;  95.0;eor
       2667;2025112523;    3;   3.1;  89.0;eor
       2667;2025112600;    3;   3.4;  87.0;eor
       2667;2025112601;    3;   3.5;  86.0;eor
       2667;2025112602;    3;   2.1;  91.0;eor
       2667;2025112603;    3;   2.2;  89.0;eor
       2667;2025112604;    3;   2.9;  90.0;eor
       2667;2025112605;    3;   3.1;  88.0;eor
       2667;2025112606;    3;   3.1;  88.0;eor
       2667;2025112607;    3;   3.4;  87.0;eor
       2667;2025112608;    3;   3.5;  87.0;eor
       2667;2025112609;    3;   3.8;  86.0;eor
       2667;2025112610;    3;   4.0;  88.0;eor
       2667;2025112611;    3;   4.3;  87.0;eor
       2667;2025112612;    3;   4.2;  87.0;eor
       2667;2025112613;    3;   4.5;  86.0;eor
       2667;2025112614;    3;   4.5;  81.0;eor
       2667;2025112615;    3;   4.4;  80.0;eor
       2667;2025112616;    3;   4.0;  83.0;eor
       2667;2025112617;    3;   3.7;  85.0;eor
       2667;2025112618;    3;   3.8;  87.0;eor
       2667;2025112619;    3;   3.9;  85.0;eor
       2667;2025112620;    3;   3.8;  85.0;eor
       2667;2025112621;    3;   3.5;  87.0;eor
       2667;2025112622;    3;   3.0;  89.0;eor
       2667;2025112623;    3;   3.0;  90.0;eor
       2667;2025112700;    3;   3.0;  88.0;eor
       2667;2025112701;    3;   2.0;  91.0;eor
       2667;2025112702;    3;   1.2;  84.0;eor
       2667;2025112703;    3;   0.8;  85.0;eor
       2667;2025112704;    3;   0.3;  88.0;eor
       2667;2025112705;    3;   0.4;  84.0;eor
       2667;2025112706;    3;   1.5;  79.0;eor
       2667;2025112707;    3;   1.6;  80.0;eor
       2667;2025112708;    3;   2.3;  78.0;eor
       2667;2025112709;    3;   3.6;  77.0;eor
       2667;2025112710;    3;   4.6;  74.0;eor
       2667;2025112711;    3;   5.1;  70.0;eor
       2667;2025112712;    3;   5.6;  71.0;eor
       2667;2025112713;    3;   5.2;  77.0;eor
       2667;2025112714;    3;   4.6;  87.0;eor
       2667;2025112715;    3;   4.5;  92.0;eor
       2667;2025112716;    3;   4.3;  93.0;eor
       2667;2025112717;    3;   4.4;  94.0;eor
       2667;2025112718;    3;   4.5;  94.0;eor
       2667;2025112719;    3;   4.8;  92.0;eor
       2667;2025112720;    3;   5.0;  91.0;eor
       2667;2025112721;    3;   5.2;  90.0;eor
       2667;2025112722;    3;   5.3;  88.0;eor
       2667;2025112723;    3;   5.6;  87.0;eor
       2667;2025112800;    3;   5.5;  86.0;eor
       2667;2025112801;    3;   4.9;  91.0;eor
       2667;2025112802;    3;   5.4;  87.0;eor
       2667;2025112803;    3;   5.3;  87.0;eor
       2667;2025112804;    3;   5.4;  86.0;eor
       2667;2025112805;    3;   5.4;  88.0;eor
       2667;2025112806;    3;   5.3;  92.0;eor
       2667;2025112807;    3;   5.3;  94.0;eor
       2667;2025112808;    3;   5.5;  94.0;eor
       2667;2025112809;    3;   5.8;  94.0;eor
       2667;2025112810;    3;   6.2;  94.0;eor
       2667;2025112811;    3;   6.6;  94.0;eor
       2667;2025112812;    3;   6.9;  94.0;eor
       2667;2025112813;    3;   7.2;  93.0;eor
       2667;2025112814;    3;   7.5;  91.0;eor
       2667;2025112815;    3;   7.6;  92.0;eor
       2667;2025112816;    3;   7.3;  92.0;eor
       2667;2025112817;    3;   7.2;  94.0;eor
       2667;2025112818;    3;   7.1;  94.0;eor
       2667;2025112819;    3;   7.2;  94.0;eor
       2667;2025112820;    3;   7.4;  94.0;eor
       2667;2025112821;    3;   7.5;  94.0;eor
       2667;2025112822;    3;   7.6;  93.0;eor
       2667;2025112823;    3;   7.5;  93.0;eor
       2667;2025112900;    3;   6.4;  93.0;eor
       2667;2025112901;    3;   5.9;  92.0;eor
       2667;2025112902;    3;   6.5;  93.0;eor
       2667;2025112903;    3;   6.1;  92.0;eor
       2667;2025112904;    3;   6.1;  93.0;eor
       2667;2025112905;    3;   6.5;  91.0;eor
       2667;2025112906;    3;   6.0;  92.0;eor
       2667;2025112907;    3;   5.2;  95.0;eor
       2667;2025112908;    3;   5.6;  94.0;eor
       2667;2025112909;    3;   7.0;  89.0;eor
       2667;2025112910;    3;   7.9;  90.0;eor
       2667;2025112911;    3;   9.7;  83.0;eor
       2667;2025112912;    3;  10.1;  79.0;eor
       2667;2025112913;    3;  10.1;  79.0;eor
       2667;2025112914;    3;   9.8;  80.0;eor
       2667;2025112915;    3;   9.7;  82.0;eor
       2667;2025112916;    3;   9.1;  85.0;eor
       2667;2025112917;    3;   9.8;  82.0;eor
       2667;2025112918;    3;   9.7;  84.0;eor
       2667;2025112919;    3;   9.5;  85.0;eor
       2667;2025112920;    3;   9.3;  86.0;eor
       2667;2025112921;    3;  10.3;  81.0;eor
       2667;2025112922;    3;  10.0;  84.0;eor
       2667;2025112923;    3;   9.9;  84.0;eor
       2667;2025113000;    3;   9.8;  84.0;eor
       2667;2025113001;    3;  10.1;  83.0;eor
       2667;2025113002;    3;   6.9;  93.0;eor
       2667;2025113003;    3;   6.8;  91.0;eor
       2667;2025113004;    3;   7.0;  92.0;eor
       2667;2025113005;    3;   6.6;  94.0;eor
       2667;2025113006;    3;   7.1;  88.0;eor
       2667;2025113007;    3;   6.7;  90.0;eor
       2667;2025113008;    3;   6.7;  90.0;eor
       2667;2025113009;    3;   7.0;  90.0;eor
       2667;2025113010;    3;   8.1;  84.0;eor
       2667;2025113011;    3;   8.4;  79.0;eor
       2667;2025113012;    3;   7.6;  82.0;eor
       2667;2025113013;    3;   8.0;  79.0;eor
       2667;2025113014;    3;   7.5;  74.0;eor
       2667;2025113015;    3;   7.0;  72.0;eor
       2667;2025113016;    3;   6.9;  72.0;eor
       2667;2025113017;    3;   6.2;  70.0;eor
       2667;2025113018;    3;   5.0;  70.0;eor
       2667;2025113019;    3;   5.2;  70.0;eor
       2667;2025113020;    3;   5.2;  72.0;eor
       2667;2025113021;    3;   5.0;  78.0;eor
       2667;2025113022;    3;   5.2;  75.0;eor
       2667;2025113023;    3;   4.8;  78.0;eor
       2667;2025120100;    3;   4.8;  78.0;eor
       2667;2025120101;    3;   4.9;  77.0;eor
       2667;2025120102;    3;   4.8;  77.0;eor
       2667;2025120103;    3;   4.4;  80.0;eor
       2667;2025120104;    3;   3.5;  77.0;eor
       2667;2025120105;    3;   2.6;  81.0;eor
       2667;2025120106;    3;   2.6;  81.0;eor
       2667;2025120107;    3;   2.4;  82.0;eor
       2667;2025120108;    3;   2.3;  81.0;eor
       2667;2025120109;    3;   4.1;  75.0;eor
       2667;2025120110;    3;   5.0;  71.0;eor
       2667;2025120111;    3;   6.2;  67.0;eor
       2667;2025120112;    3;   6.8;  65.0;eor
       2667;2025120113;    3;   7.0;  64.0;eor
       2667;2025120114;    3;   6.7;  64.0;eor
       2667;2025120115;    3;   5.8;  68.0;eor
       2667;2025120116;    3;   4.6;  73.0;eor
       2667;2025120117;    3;   4.8;  72.0;eor
       2667;2025120118;    3;   4.6;  72.0;eor
       2667;2025120119;    3;   4.2;  72.0;eor
       2667;2025120120;    3;   4.4;  68.0;eor
       2667;2025120121;    3;   4.3;  66.0;eor
       2667;2025120122;    3;   4.2;  64.0;eor
       2667;2025120123;    3;   3.9;  65.0;eor
       2667;2025120200;    3;   3.9;  68.0;eor
       2667;2025120201;    3;   3.5;  70.0;eor
       2667;2025120202;    3;   3.9;  70.0;eor
       2667;2025120203;    3;   3.0;  83.0;eor
       2667;2025120204;    3;   3.0;  88.0;eor
       2667;2025120205;    3;   3.1;  88.0;eor
       2667;2025120206;    3;   3.1;  88.0;eor
       2667;2025120207;    3;   3.2;  88.0;eor
       2667;2025120208;    3;   3.2;  89.0;eor
       2667;2025120209;    3;   3.6;  90.0;eor
       2667;2025120210;    3;   4.3;  89.0;eor
       2667;2025120211;    3;   4.5;  90.0;eor
       2667;2025120212;    3;   4.7;  88.0;eor
       2667;2025120213;    3;   4.7;  89.0;eor
       2667;2025120214;    3;   5.1;  87.0;eor
       2667;2025120215;    3;   5.1;  89.0;eor
       2667;2025120216;    3;   5.5;  86.0;eor
       2667;2025120217;    3;   5.7;  87.0;eor
       2667;2025120218;    3;   5.8;  88.0;eor
       2667;2025120219;    3;   6.0;  88.0;eor
       2667;2025120220;    3;   5.9;  90.0;eor
       2667;2025120221;    3;   6.2;  89.0;eor
       2667;2025120222;    3;   6.0;  91.0;eor
       2667;2025120223;    3;   6.3;  88.0;eor
       2667;2025120300;    3;   6.4;  87.0;eor
       2667;2025120301;    3;   6.3;  86.0;eor
       2667;2025120302;    3;   6.2;  85.0;eor
       2667;2025120303;    3;   6.3;  84.0;eor
       2667;2025120304;    3;   6.4;  81.0;eor
       2667;2025120305;    3;   5.6;  84.0;eor
       2667;2025120306;    3;   6.1;  81.0;eor
       2667;2025120307;    3;   6.1;  81.0;eor
       2667;2025120308;    3;   6.0;  80.0;eor
       2667;2025120309;    3;   6.1;  80.0;eor
       2667;2025120310;    3;   6.4;  79.0;eor
       2667;2025120311;    3;   6.4;  81.0;eor
       2667;2025120312;    3;   6.6;  79.0;eor
       2667;2025120313;    3;   7.2;  79.0;eor
       2667;2025120314;    3;   7.1;  78.0;eor
       2667;2025120315;    3;   6.9;  80.0;eor
       2667;2025120316;    3;   6.5;  81.0;eor
       2667;2025120317;    3;   6.3;  81.0;eor
       2667;2025120318;    3;   6.0;  83.0;eor
       2667;2025120319;    3;   5.9;  81.0;eor
       2667;2025120320;    3;   5.4;  86.0;eor
       2667;2025120321;    3;   5.0;  88.0;eor
       2667;2025120322;    3;   4.8;  89.0;eor
       2667;2025120323;    3;   4.5;  91.0;eor
       2667;2025120400;    3;   4.3;  91.0;eor
       2667;2025120401;    3;   4.2;  93.0;eor
       2667;2025120402;    3;   4.2;  93.0;eor
       2667;2025120403;    3;   4.1;  92.0;eor
       2667;2025120404;    3;   3.8;  90.0;eor
       2667;2025120405;    3;   3.5;  90.0;eor
       2667;2025120406;    3;   3.4;  90.0;eor
       2667;2025120407;    3;   3.4;  89.0;eor
       2667;2025120408;    3;   3.4;  88.0;eor
       2667;2025120409;    3;   3.6;  87.0;eor
       2667;2025120410;    3;   4.0;  85.0;eor
       2667;2025120411;    3;   4.2;  84.0;eor
       2667;2025120412;    3;   4.5;  82.0;eor
       2667;2025120413;    3;   4.9;  80.0;eor
       2667;2025120414;    3;   4.7;  80.0;eor
       2667;2025120415;    3;   4.5;  82.0;eor
       2667;2025120416;    3;   4.2;  82.0;eor
       2667;2025120417;    3;   4.1;  82.0;eor
       2667;2025120418;    3;   3.7;  84.0;eor
       2667;2025120419;    3;   3.6;  84.0;eor
       2667;2025120420;    3;   3.9;  83.0;eor
       2667;2025120421;    3;   4.1;  82.0;eor
       2667;2025120422;    3;   3.9;  85.0;eor
       2667;2025120423;    3;   3.8;  86.0;eor
       2667;2025120500;    3;   3.9;  85.0;eor
       2667;2025120501;    3;   3.7;  88.0;eor
       2667;2025120502;    3;   3.6;  88.0;eor
       2667;2025120503;    3;   3.4;  91.0;eor
       2667;2025120504;    3;   3.5;  89.0;eor
       2667;2025120505;    3;   3.5;  89.0;eor
       2667;2025120506;    3;   3.5;  92.0;eor
       2667;2025120507;    3;   3.6;  92.0;eor
       2667;2025120508;    3;   3.7;  91.0;eor
       2667;2025120509;    3;   4.2;  90.0;eor
       2667;2025120510;    3;   5.1;  87.0;eor
       2667;2025120511;    3;   6.4;  82.0;eor
       2667;2025120512;    3;   6.6;  82.0;eor
       2667;2025120513;    3;   7.6;  79.0;eor
       2667;2025120514;    3;   6.9;  83.0;eor
       2667;2025120515;    3;   6.5;  87.0;eor
       2667;2025120516;    3;   6.0;  79.0;eor
       2667;2025120517;    3;   5.0;  80.0;eor
       2667;2025120518;    3;   4.3;  84.0;eor
       2667;2025120519;    3;   3.4;  88.0;eor
       2667;2025120520;    3;   4.0;  85.0;eor
       2667;2025120521;    3;   4.2;  84.0;eor
       2667;2025120522;    3;   4.1;  86.0;eor
       2667;2025120523;    3;   4.5;  84.0;eor
       2667;2025120600;    3;   4.6;  83.0;eor
       2667;2025120601;    3;   4.5;  84.0;eor
       2667;2025120602;    3;   5.4;  78.0;eor
       2667;2025120603;    3;   5.6;  77.0;eor
       2667;2025120604;    3;   5.7;  78.0;eor
       2667;2025120605;    3;   5.4;  82.0;eor
       2667;2025120606;    3;   5.0;  87.0;eor
       2667;2025120607;    3;   5.6;  81.0;eor
       2667;2025120608;    3;   5.4;  86.0;eor
       2667;2025120609;    3;   6.1;  84.0;eor
       2667;2025120610;    3;   7.1;  82.0;eor
       2667;2025120611;    3;   7.7;  81.0;eor
       2667;2025120612;    3;   7.2;  91.0;eor
       2667;2025120613;    3;   7.6;  88.0;eor
       2667;2025120614;    3;   8.3;  86.0;eor
       2667;2025120615;    3;   8.5;  85.0;eor
       2667;2025120616;    3;   8.3;  87.0;eor
       2667;2025120617;    3;   8.6;  87.0;eor
       2667;2025120618;    3;   8.6;  88.0;eor
       2667;2025120619;    3;   8.5;  90.0;eor
       2667;2025120620;    3;   8.6;  89.0;eor
       2667;2025120621;    3;   8.9;  86.0;eor
       2667;2025120622;    3;   8.6;  88.0;eor
       2667;2025120623;    3;   8.4;  90.0;eor
       2667;2025120700;    3;   8.9;  86.0;eor
       2667;2025120701;    3;  10.0;  78.0;eor
       2667;2025120702;    3;   9.8;  77.0;eor
       2667;2025120703;    3;   9.2;  80.0;eor
       2667;2025120704;    3;   9.0;  82.0;eor
       2667;2025120705;    3;   8.3;  90.0;eor
       2667;2025120706;    3;   8.4;  89.0;eor
       2667;2025120707;    3;   8.6;  88.0;eor
       2667;2025120708;    3;   8.6;  92.0;eor
       2667;2025120709;    3;   9.2;  91.0;eor
       2667;2025120710;    3;   9.9;  88.0;eor
       2667;2025120711;    3;  10.7;  82.0;eor
       2667;2025120712;    3;  11.0;  82.0;eor
       2667;2025120713;    3;  11.7;  81.0;eor
       2667;2025120714;    3;  11.5;  83.0;eor
       2667;2025120715;    3;  10.6;  92.0;eor
       2667;2025120716;    3;  10.5;  91.0;eor
       2667;2025120717;    3;  10.2;  93.0;eor
       2667;2025120718;    3;  10.3;  94.0;eor
       2667;2025120719;    3;  10.3;  95.0;eor
       2667;2025120720;    3;  10.8;  95.0;eor
       2667;2025120721;    3;  11.2;  94.0;eor
       2667;2025120722;    3;  11.6;  93.0;eor
       2667;2025120723;    3;  13.5;  84.0;eor
       2667;2025120800;    3;  13.3;  79.0;eor
       2667;2025120801;    3;  12.2;  81.0;eor
       2667;2025120802;    3;  11.2;  84.0;eor
       2667;2025120803;    3;  10.5;  89.0;eor
       2667;2025120804;    3;  11.3;  84.0;eor
       2667;2025120805;    3;  10.1;  90.0;eor
       2667;2025120806;    3;  10.5;  90.0;eor
       2667;2025120807;    3;  11.0;  88.0;eor
       2667;2025120808;    3;  11.5;  91.0;eor
       2667;2025120809;    3;  13.2;  92.0;eor
       2667;2025120810;    3;  14.5;  85.0;eor
       2667;2025120811;    3;  15.5;  78.0;eor
       2667;2025120812;    3;  16.4;  76.0;eor
       2667;2025120813;    3;  16.1;  73.0;eor
       2667;2025120814;    3;  15.4;  76.0;eor
       2667;2025120815;    3;  14.4;  83.0;eor
       2667;2025120816;    3;  14.5;  81.0;eor
       2667;2025120817;    3;  13.3;  86.0;eor
       2667;2025120818;    3;  13.9;  83.0;eor
       2667;2025120819;    3;  13.8;  83.0;eor
       2667;2025120820;    3;  13.5;  83.0;eor
       2667;2025120821;    3;  12.9;  88.0;eor
       2667;2025120822;    3;  12.6;  89.0;eor
       2667;2025120823;    3;  13.2;  84.0;eor
       2667;2025120900;    3;  12.2;  88.0;eor
       2667;2025120901;    3;  12.1;  88.0;eor
       2667;2025120902;    3;  12.0;  85.0;eor
       2667;2025120903;    3;  11.8;  84.0;eor
       2667;2025120904;    3;  11.7;  84.0;eor
       2667;2025120905;    3;  11.3;  85.0;eor
       2667;2025120906;    3;  11.2;  85.0;eor
       2667;2025120907;    3;  10.8;  86.0;eor
       2667;2025120908;    3;  11.9;  81.0;eor
       2667;2025120909;    3;  12.0;  80.0;eor
       2667;2025120910;    3;  12.0;  83.0;eor
       2667;2025120911;    3;  13.1;  76.0;eor
       2667;2025120912;    3;  13.7;  73.0;eor
       2667;2025120913;    3;  13.2;  74.0;eor
       2667;2025120914;    3;  13.2;  74.0;eor
       2667;2025120915;    3;  12.1;  78.0;eor
       2667;2025120916;    3;  11.2;  81.0;eor
       2667;2025120917;    3;  11.3;  80.0;eor
       2667;2025120918;    3;  11.1;  81.0;eor
       2667;2025120919;    3;  10.7;  83.0;eor
       2667;2025120920;    3;  10.3;  83.0;eor
       2667;2025120921;    3;  10.6;  80.0;eor
       2667;2025120922;    3;  10.2;  81.0;eor
       2667;2025120923;    3;  10.9;  79.0;eor
       2667;2025121000;    3;  11.6;  76.0;eor
       2667;2025121001;    3;  11.9;  76.0;eor
       2667;2025121002;    3;  10.7;  91.0;eor
       2667;2025121003;    3;  10.6;  94.0;eor
       2667;2025121004;    3;  10.6;  95.0;eor
       2667;2025121005;    3;  10.7;  94.0;eor
       2667;2025121006;    3;  10.5;  95.0;eor
       2667;2025121007;    3;  10.7;  92.0;eor
       2667;2025121008;    3;  10.9;  90.0;eor
       2667;2025121009;    3;  11.6;  88.0;eor
       2667;2025121010;    3;  12.0;  87.0;eor
       2667;2025121011;    3;  13.0;  82.0;eor
       2667;2025121012;    3;  12.6;  82.0;eor
       2667;2025121013;    3;  12.6;  82.0;eor
       2667;2025121014;    3;  12.5;  82.0;eor
       2667;2025121015;    3;  11.7;  86.0;eor
       2667;2025121016;    3;  11.0;  89.0;eor
       2667;2025121017;    3;  10.9;  89.0;eor
       2667;2025121018;    3;  10.2;  90.0;eor
       2667;2025121019;    3;  11.5;  84.0;eor
       2667;2025121020;    3;  10.7;  85.0;eor
       2667;2025121021;    3;  10.0;  88.0;eor
       2667;2025121022;    3;   9.1;  88.0;eor
       2667;2025121023;    3;   8.2;  87.0;eor
       2667;2025121100;    3;   7.4;  92.0;eor
       2667;2025121101;    3;   7.6;  91.0;eor
       2667;2025121102;    3;   6.6;  93.0;eor
       2667;2025121103;    3;   6.0;  93.0;eor
       2667;2025121104;    3;   6.6;  93.0;eor
       2667;2025121105;    3;   7.3;  90.0;eor
       2667;2025121106;    3;   6.6;  90.0;eor
       2667;2025121107;    3;   6.7;  90.0;eor
       2667;2025121108;    3;   6.3;  90.0;eor
       2667;2025121109;    3;   7.5;  85.0;eor
       2667;2025121110;    3;   8.8;  81.0;eor
       2667;2025121111;    3;  10.0;  74.0;eor
       2667;2025121112;    3;  10.8;  70.0;eor
       2667;2025121113;    3;  11.1;  68.0;eor
       2667;2025121114;    3;  11.1;  66.0;eor
       2667;2025121115;    3;  10.0;  74.0;eor
       2667;2025121116;    3;   8.1;  81.0;eor
       2667;2025121117;    3;   7.1;  82.0;eor
       2667;2025121118;    3;   6.6;  84.0;eor
       2667;2025121119;    3;   6.0;  85.0;eor
       2667;2025121120;    3;   6.2;  84.0;eor
       2667;2025121121;    3;   6.5;  83.0;eor
       2667;2025121122;    3;   5.8;  85.0;eor
       2667;2025121123;    3;   4.2;  90.0;eor
       2667;2025121200;    3;   4.9;  89.0;eor
       2667;2025121201;    3;   4.5;  91.0;eor
       2667;2025121202;    3;   4.1;  95.0;eor
       2667;2025121203;    3;   6.6;  88.0;eor
       2667;2025121204;    3;   7.8;  84.0;eor
       2667;2025121205;    3;   7.6;  84.0;eor
       2667;2025121206;    3;   7.8;  84.0;eor
       2667;2025121207;    3;   7.6;  85.0;eor
       2667;2025121208;    3;   7.7;  85.0;eor
       2667;2025121209;    3;   8.1;  84.0;eor
       2667;2025121210;    3;   9.0;  81.0;eor
       2667;2025121211;    3;   9.4;  82.0;eor
       2667;2025121212;    3;  10.3;  78.0;eor
       2667;2025121213;    3;  10.1;  78.0;eor
       2667;2025121214;    3;  10.0;  80.0;eor
       2667;2025121215;    3;   9.4;  82.0;eor
       2667;2025121216;    3;   8.6;  86.0;eor
       2667;2025121217;    3;   8.1;  88.0;eor
       2667;2025121218;    3;   7.6;  89.0;eor
       2667;2025121219;    3;   7.4;  91.0;eor
       2667;2025121220;    3;   6.9;  93.0;eor
       2667;2025121221;    3;   6.2;  95.0;eor
       2667;2025121222;    3;   5.6;  96.0;eor
       2667;2025121223;    3;   6.4;  96.0;eor
       2667;2025121300;    3;   7.0;  96.0;eor
       2667;2025121301;    3;   7.0;  95.0;eor
       2667;2025121302;    3;   6.7;  96.0;eor
       2667;2025121303;    3;   6.8;  95.0;eor
       2667;2025121304;    3;   6.9;  93.0;eor
       2667;2025121305;    3;   6.9;  93.0;eor
       2667;2025121306;    3;   5.8;  95.0;eor
       2667;2025121307;    3;   5.7;  97.0;eor
       2667;2025121308;    3;   5.7;  96.0;eor
       2667;2025121309;    3;   5.7;  97.0;eor
       2667;2025121310;    3;   6.2;  97.0;eor
       2667;2025121311;    3;   6.6;  95.0;eor
       2667;2025121312;    3;   6.8;  94.0;eor
       2667;2025121313;    3;   7.0;  95.0;eor
       2667;2025121314;    3;   7.1;  94.0;eor
       2667;2025121315;    3;   7.3;  92.0;eor
       2667;2025121316;    3;   7.3;  93.0;eor
       2667;2025121317;    3;   7.2;  95.0;eor
       2667;2025121318;    3;   7.3;  94.0;eor
       2667;2025121319;    3;   7.4;  93.0;eor
       2667;2025121320;    3;   7.3;  93.0;eor
       2667;2025121321;    3;   6.9;  96.0;eor
       2667;2025121322;    3;   6.4;  94.0;eor
       2667;2025121323;    3;   6.0;  97.0;eor
       2667;2025121400;    3;   6.6;  95.0;eor
       2667;2025121401;    3;   6.2;  97.0;eor
       2667;2025121402;    3;   6.9;  94.0;eor
       2667;2025121403;    3;   7.1;  94.0;eor
       2667;2025121404;    3;   7.0;  94.0;eor
       2667;2025121405;    3;   7.0;  94.0;eor
       2667;2025121406;    3;   6.9;  92.0;eor
       2667;2025121407;    3;   7.0;  88.0;eor
       2667;2025121408;    3;   6.9;  87.0;eor
       2667;2025121409;    3;   6.7;  86.0;eor
       2667;2025121410;    3;   6.6;  89.0;eor
       2667;2025121411;    3;   6.4;  87.0;eor
       2667;2025121412;    3;   6.4;  87.0;eor
       2667;2025121413;    3;   6.7;  85.0;eor
       2667;2025121414;    3;   6.8;  82.0;eor
       2667;2025121415;    3;   6.3;  84.0;eor
       2667;2025121416;    3;   5.3;  89.0;eor
       2667;2025121417;    3;   5.1;  90.0;eor
       2667;2025121418;    3;   5.2;  90.0;eor
       2667;2025121419;    3;   5.4;  90.0;eor
       2667;2025121420;    3;   5.6;  89.0;eor
       2667;2025121421;    3;   5.7;  88.0;eor
       2667;2025121422;    3;   5.4;  89.0;eor
       2667;2025121423;    3;   5.4;  88.0;eor
       2667;2025121500;    3;   5.4;  88.0;eor
       2667;2025121501;    3;   5.7;  88.0;eor
       2667;2025121502;    3;   6.0;  86.0;eor
       2667;2025121503;    3;   5.7;  86.0;eor
       2667;2025121504;    3;   6.0;  84.0;eor
       2667;2025121505;    3;   5.9;  83.0;eor
       2667;2025121506;    3;   5.4;  84.0;eor
       2667;2025121507;    3;   4.4;  85.0;eor
       2667;2025121508;    3;   4.7;  83.0;eor
       2667;2025121509;    3;   5.4;  80.0;eor
       2667;2025121510;    3;   6.3;  77.0;eor
       2667;2025121511;    3;   7.0;  75.0;eor
       2667;2025121512;    3;   6.8;  78.0;eor
       2667;2025121513;    3;   7.9;  75.0;eor
       2667;2025121514;    3;   8.3;  74.0;eor
       2667;2025121515;    3;   8.4;  75.0;eor
       2667;2025121516;    3;   7.8;  79.0;eor
       2667;2025121517;    3;   7.1;  82.0;eor
       2667;2025121518;    3;   6.9;  82.0;eor
       2667;2025121519;    3;   6.7;  81.0;eor
       2667;2025121520;    3;   6.5;  81.0;eor
       2667;2025121521;    3;   6.3;  81.0;eor
       2667;2025121522;    3;   6.1;  83.0;eor
       2667;2025121523;    3;   6.9;  79.0;eor
       2667;2025121600;    3;   7.1;  77.0;eor
       2667;2025121601;    3;   7.7;  72.0;eor
       2667;2025121602;    3;   7.0;  74.0;eor
       2667;2025121603;    3;   7.2;  71.0;eor
       2667;2025121604;    3;   6.8;  71.0;eor
       2667;2025121605;    3;   6.8;  70.0;eor
       2667;2025121606;    3;   6.9;  68.0;eor
       2667;2025121607;    3;   6.9;  66.0;eor
       2667;2025121608;    3;   6.8;  66.0;eor
       2667;2025121609;    3;   7.2;  63.0;eor
       2667;2025121610;    3;   8.7;  60.0;eor
       2667;2025121611;    3;   9.8;  55.0;eor
       2667;2025121612;    3;   9.9;  56.0;eor
       2667;2025121613;    3;  10.9;  52.0;eor
       2667;2025121614;    3;  10.2;  53.0;eor
       2667;2025121615;    3;   7.7;  62.0;eor
       2667;2025121616;    3;   6.7;  65.0;eor
       2667;2025121617;    3;   6.9;  65.0;eor
       2667;2025121618;    3;   6.2;  69.0;eor
       2667;2025121619;    3;   6.0;  70.0;eor
       2667;2025121620;    3;   5.5;  72.0;eor
       2667;2025121621;    3;   5.5;  73.0;eor
       2667;2025121622;    3;   5.5;  73.0;eor
       2667;2025121623;    3;   5.5;  73.0;eor
       2667;2025121700;    3;   5.2;  75.0;eor
       2667;2025121701;    3;   4.3;  80.0;eor
       2667;2025121702;    3;   4.7;  77.0;eor
       2667;2025121703;    3;   3.9;  81.0;eor
       2667;2025121704;    3;   3.3;  83.0;eor
       2667;2025121705;    3;   3.2;  83.0;eor
       2667;2025121706;    3;   2.4;  87.0;eor
       2667;2025121707;    3;   3.5;  83.0;eor
       2667;2025121708;    3;   4.1;  82.0;eor
       2667;2025121709;    3;   4.8;  81.0;eor
       2667;2025121710;    3;   5.4;  79.0;eor
       2667;2025121711;    3;   6.3;  78.0;eor
       2667;2025121712;    3;   8.0;  71.0;eor
       2667;2025121713;    3;   8.8;  71.0;eor
       2667;2025121714;    3;   8.6;  73.0;eor
       2667;2025121715;    3;   8.5;  75.0;eor
       2667;2025121716;    3;   8.3;  76.0;eor
       2667;2025121717;    3;   8.5;  77.0;eor
       2667;2025121718;    3;   8.9;  78.0;eor
       2667;2025121719;    3;   9.0;  80.0;eor
       2667;2025121720;    3;   7.9;  84.0;eor
       2667;2025121721;    3;   6.8;  88.0;eor
       2667;2025121722;    3;   6.6;  89.0;eor
       2667;2025121723;    3;   6.4;  90.0;eor
       2667;2025121800;    3;   6.4;  91.0;eor
       2667;2025121801;    3;   6.3;  91.0;eor
       2667;2025121802;    3;   7.0;  91.0;eor
       2667;2025121803;    3;   6.9;  90.0;eor
       2667;2025121804;    3;   7.5;  89.0;eor
       2667;2025121805;    3;   7.5;  86.0;eor
       2667;2025121806;    3;   7.7;  87.0;eor
       2667;2025121807;    3;   7.6;  88.0;eor
       2667;2025121808;    3;   7.7;  84.0;eor
       2667;2025121809;    3;   8.5;  80.0;eor
       2667;2025121810;    3;  10.0;  78.0;eor
       2667;2025121811;    3;  10.6;  75.0;eor
       2667;2025121812;    3;  11.1;  74.0;eor
       2667;2025121813;    3;  11.6;  72.0;eor
       2667;2025121814;    3;  11.2;  72.0;eor
       2667;2025121815;    3;  10.4;  75.0;eor
       2667;2025121816;    3;  10.2;  76.0;eor
       2667;2025121817;    3;  10.0;  76.0;eor
       2667;2025121818;    3;  10.3;  76.0;eor
       2667;2025121819;    3;  10.0;  76.0;eor
       2667;2025121820;    3;  10.0;  76.0;eor
       2667;2025121821;    3;   9.2;  79.0;eor
       2667;2025121822;    3;  10.0;  75.0;eor
       2667;2025121823;    3;  10.5;  73.0;eor
       2667;2025121900;    3;  10.6;  73.0;eor
       2667;2025121901;    3;   9.9;  77.0;eor
       2667;2025121902;    3;  10.3;  74.0;eor
       2667;2025121903;    3;  10.5;  73.0;eor
       2667;2025121904;    3;  11.4;  70.0;eor
       2667;2025121905;    3;  12.0;  68.0;eor
       2667;2025121906;    3;  11.7;  70.0;eor
       2667;2025121907;    3;  11.9;  70.0;eor
       2667;2025121908;    3;  12.1;  70.0;eor
       2667;2025121909;    3;  12.3;  72.0;eor
       2667;2025121910;    3;  12.8;  73.0;eor
       2667;2025121911;    3;  12.9;  74.0;eor
       2667;2025121912;    3;  12.6;  76.0;eor
       2667;2025121913;    3;  11.1;  85.0;eor
       2667;2025121914;    3;  10.3;  90.0;eor
       2667;2025121915;    3;  10.2;  90.0;eor
       2667;2025121916;    3;   9.9;  90.0;eor
       2667;2025121917;    3;   9.3;  93.0;eor
       2667;2025121918;    3;   9.3;  95.0;eor
       2667;2025121919;    3;   8.8;  92.0;eor
       2667;2025121920;    3;   8.1;  96.0;eor
       2667;2025121921;    3;   7.8;  96.0;eor
       2667;2025121922;    3;   7.0;  97.0;eor
       2667;2025121923;    3;   7.1;  97.0;eor
       2667;2025122000;    3;   6.6;  97.0;eor
       2667;2025122001;    3;   5.9;  97.0;eor
       2667;2025122002;    3;   4.9;  97.0;eor
       2667;2025122003;    3;   3.1;  98.0;eor
       2667;2025122004;    3;   3.3;  98.0;eor
       2667;2025122005;    3;   4.3;  98.0;eor
       2667;2025122006;    3;   4.1;  98.0;eor
       2667;2025122007;    3;   3.7;  97.0;eor
       2667;2025122008;    3;   3.1;  97.0;eor
       2667;2025122009;    3;   4.2;  98.0;eor
       2667;2025122010;    3;   5.4;  95.0;eor
       2667;2025122011;    3;   6.5;  92.0;eor
       2667;2025122012;    3;   7.4;  92.0;eor
       2667;2025122013;    3;   8.4;  92.0;eor
       2667;2025122014;    3;   8.7;  92.0;eor
       2667;2025122015;    3;   9.0;  91.0;eor
       2667;2025122016;    3;   9.0;  90.0;eor
       2667;2025122017;    3;   9.0;  90.0;eor
       2667;2025122018;    3;   9.2;  89.0;eor
       2667;2025122019;    3;   9.3;  87.0;eor
       2667;2025122020;    3;   9.6;  86.0;eor
       2667;2025122021;    3;   9.8;  83.0;eor
       2667;2025122022;    3;   9.9;  82.0;eor
       2667;2025122023;    3;  10.0;  81.0;eor
       2667;2025122100;    3;  10.1;  80.0;eor
       2667;2025122101;    3;   9.9;  81.0;eor
       2667;2025122102;    3;   9.4;  82.0;eor
       2667;2025122103;    3;   9.2;  81.0;eor
       2667;2025122104;    3;   8.7;  82.0;eor
       2667;2025122105;    3;   8.4;  87.0;eor
       2667;2025122106;    3;   8.5;  84.0;eor
       2667;2025122107;    3;   8.7;  80.0;eor
       2667;2025122108;    3;   8.7;  79.0;eor
       2667;2025122109;    3;   8.9;  77.0;eor
       2667;2025122110;    3;   9.9;  72.0;eor
       2667;2025122111;    3;  10.1;  73.0;eor
       2667;2025122112;    3;  10.4;  73.0;eor
       2667;2025122113;    3;  11.9;  59.0;eor
       2667;2025122114;    3;  13.0;  54.0;eor
       2667;2025122115;    3;  11.8;  57.0;eor
       2667;2025122116;    3;   9.4;  66.0;eor
       2667;2025122117;    3;  10.2;  60.0;eor
       2667;2025122118;    3;   8.5;  65.0;eor
       2667;2025122119;    3;   7.5;  69.0;eor
       2667;2025122120;    3;   5.6;  78.0;eor
       2667;2025122121;    3;   4.9;  81.0;eor
       2667;2025122122;    3;   4.6;  82.0;eor
       2667;2025122123;    3;   7.9;  65.0;eor
       2667;2025122200;    3;   7.4;  67.0;eor
       2667;2025122201;    3;   7.6;  66.0;eor
       2667;2025122202;    3;   6.5;  69.0;eor
       2667;2025122203;    3;   4.0;  80.0;eor
       2667;2025122204;    3;   3.4;  84.0;eor
       2667;2025122205;    3;   3.3;  84.0;eor
       2667;2025122206;    3;   3.8;  81.0;eor
       2667;2025122207;    3;   4.0;  79.0;eor
       2667;2025122208;    3;   3.6;  80.0;eor
       2667;2025122209;    3;   4.1;  78.0;eor
       2667;2025122210;    3;   3.9;  80.0;eor
       2667;2025122211;    3;   5.0;  76.0;eor
       2667;2025122212;    3;   5.0;  75.0;eor
       2667;2025122213;    3;   4.7;  76.0;eor
       2667;2025122214;    3;   4.8;  75.0;eor
       2667;2025122215;    3;   4.7;  77.0;eor
       2667;2025122216;    3;   4.5;  76.0;eor
       2667;2025122217;    3;   4.6;  75.0;eor
       2667;2025122218;    3;   4.7;  74.0;eor
       2667;2025122219;    3;   4.8;  74.0;eor
       2667;2025122220;    3;   4.9;  75.0;eor
       2667;2025122221;    3;   4.6;  75.0;eor
       2667;2025122222;    3;   4.5;  75.0;eor
       2667;2025122223;    3;   4.4;  76.0;eor
       2667;2025122300;    3;   4.4;  76.0;eor
       2667;2025122301;    3;   4.5;  74.0;eor
       2667;2025122302;    3;   4.4;  74.0;eor
       2667;2025122303;    3;   4.4;  75.0;eor
       2667;2025122304;    3;   4.5;  74.0;eor
       2667;2025122305;    3;   4.4;  73.0;eor
       2667;2025122306;    3;   4.4;  74.0;eor
       2667;2025122307;    3;   4.5;  73.0;eor
       2667;2025122308;    3;   4.7;  73.0;eor
       2667;2025122309;    3;   4.8;  71.0;eor
       2667;2025122310;    3;   4.9;  72.0;eor
       2667;2025122311;    3;   4.9;  73.0;eor
       2667;2025122312;    3;   4.9;  73.0;eor
       2667;2025122313;    3;   5.1;  69.0;eor
       2667;2025122314;    3;   5.2;  67.0;eor
       2667;2025122315;    3;   5.0;  68.0;eor
       2667;2025122316;    3;   4.8;  67.0;eor
       2667;2025122317;    3;   4.7;  67.0;eor
       2667;2025122318;    3;   4.7;  67.0;eor
       2667;2025122319;    3;   4.8;  67.0;eor
       2667;2025122320;    3;   4.7;  69.0;eor
       2667;2025122321;    3;   4.8;  69.0;eor
       2667;2025122322;    3;   5.0;  67.0;eor
       2667;2025122323;    3;   4.9;  67.0;eor
       2667;2025122400;    3;   4.4;  67.0;eor
       2667;2025122401;    3;   3.4;  67.0;eor
       2667;2025122402;    3;   2.1;  67.0;eor
       2667;2025122403;    3;   1.2;  67.0;eor
       2667;2025122404;    3;   0.4;  67.0;eor
       2667;2025122405;    3;  -0.4;  69.0;eor
       2667;2025122406;    3;  -0.4;  67.0;eor
       2667;2025122407;    3;  -0.2;  64.0;eor
       2667;2025122408;    3;   0.9;  58.0;eor
       2667;2025122409;    3;   0.7;  57.0;eor
       2667;2025122410;    3;   1.4;  61.0;eor
       2667;2025122411;    3;   2.6;  53.0;eor
       2667;2025122412;    3;   2.9;  52.0;eor
       2667;2025122413;    3;   2.7;  50.0;eor
       2667;2025122414;    3;   2.5;  51.0;eor
       2667;2025122415;    3;   1.5;  51.0;eor
       2667;2025122416;    3;   0.1;  55.0;eor
       2667;2025122417;    3;  -0.8;  58.0;eor
       2667;2025122418;    3;  -1.3;  60.0;eor
       2667;2025122419;    3;  -1.7;  62.0;eor
       2667;2025122420;    3;  -2.4;  64.0;eor
       2667;2025122421;    3;  -3.1;  67.0;eor
       2667;2025122422;    3;  -2.9;  63.0;eor
       2667;2025122423;    3;  -4.1;  68.0;eor
       2667;2025122500;    3;  -4.7;  72.0;eor
       2667;2025122501;    3;  -5.4;  76.0;eor
       2667;2025122502;    3;  -7.4;  81.0;eor
       2667;2025122503;    3;  -5.6;  70.0;eor
       2667;2025122504;    3;  -2.6;  60.0;eor
       2667;2025122505;    3;  -3.2;  64.0;eor
       2667;2025122506;    3;  -2.9;  64.0;eor
       2667;2025122507;    3;  -2.7;  65.0;eor
       2667;2025122508;    3;  -6.9;  76.0;eor
       2667;2025122509;    3;  -2.3;  66.0;eor
       2667;2025122510;    3;  -1.0;  63.0;eor
       2667;2025122511;    3;   0.2;  61.0;eor
       2667;2025122512;    3;   2.2;  56.0;eor
       2667;2025122513;    3;   3.3;  54.0;eor
       2667;2025122514;    3;   3.4;  55.0;eor
       2667;2025122515;    3;   3.2;  56.0;eor
       2667;2025122516;    3;   1.4;  64.0;eor
       2667;2025122517;    3;   1.3;  64.0;eor
       2667;2025122518;    3;   0.7;  67.0;eor
       2667;2025122519;    3;  -0.2;  71.0;eor
       2667;2025122520;    3;  -0.9;  73.0;eor
       2667;2025122521;    3;  -0.8;  72.0;eor
       2667;2025122522;    3;  -1.7;  75.0;eor
       2667;2025122523;    3;  -1.6;  73.0;eor
       2667;2025122600;    3;  -2.4;  77.0;eor
       2667;2025122601;    3;  -2.9;  80.0;eor
       2667;2025122602;    3;  -3.5;  82.0;eor
       2667;2025122603;    3;  -4.6;  83.0;eor
       2667;2025122604;    3;  -4.2;  84.0;eor
       2667;2025122605;    3;  -4.5;  86.0;eor
       2667;2025122606;    3;  -4.9;  87.0;eor
       2667;2025122607;    3;  -4.2;  85.0;eor
       2667;2025122608;    3;  -5.4;  87.0;eor
       2667;2025122609;    3;  -2.9;  78.0;eor
       2667;2025122610;    3;  -0.3;  72.0;eor
       2667;2025122611;    3;   1.1;  69.0;eor
       2667;2025122612;    3;   1.8;  66.0;eor
       2667;2025122613;    3;   2.7;  61.0;eor
       2667;2025122614;    3;   3.7;  58.0;eor
       2667;2025122615;    3;   2.9;  62.0;eor
       2667;2025122616;    3;  -0.2;  75.0;eor
       2667;2025122617;    3;  -1.0;  80.0;eor
       2667;2025122618;    3;  -2.7;  85.0;eor
       2667;2025122619;    3;  -4.0;  86.0;eor
       2667;2025122620;    3;  -1.9;  86.0;eor
       2667;2025122621;    3;  -2.3;  87.0;eor
       2667;2025122622;    3;  -2.5;  90.0;eor
       2667;2025122623;    3;  -3.2;  93.0;eor
       2667;2025122700;    3;  -4.1;  92.0;eor
       2667;2025122701;    3;  -5.0;  90.0;eor
       2667;2025122702;    3;  -3.7;  93.0;eor
       2667;2025122703;    3;  -4.9;  94.0;eor
       2667;2025122704;    3;  -4.2;  92.0;eor
       2667;2025122705;    3;  -4.9;  92.0;eor
       2667;2025122706;    3;  -5.0;  92.0;eor
       2667;2025122707;    3;  -5.9;  90.0;eor
       2667;2025122708;    3;  -5.3;  90.0;eor
       2667;2025122709;    3;  -3.9;  85.0;eor
       2667;2025122710;    3;  -1.9;  85.0;eor
       2667;2025122711;    3;   0.0;  79.0;eor
       2667;2025122712;    3;   1.2;  78.0;eor
       2667;2025122713;    3;   1.7;  72.0;eor
       2667;2025122714;    3;   2.1;  70.0;eor
       2667;2025122715;    3;   1.2;  76.0;eor
       2667;2025122716;    3;   0.2;  78.0;eor
       2667;2025122717;    3;  -0.7;  82.0;eor
       2667;2025122718;    3;  -1.5;  82.0;eor
       2667;2025122719;    3;  -2.3;  84.0;eor
       2667;2025122720;    3;  -0.3;  93.0;eor
       2667;2025122721;    3;  -0.8;  90.0;eor
       2667;2025122722;    3;  -0.5;  90.0;eor
       2667;2025122723;    3;   0.0;  92.0;eor
       2667;2025122800;    3;   0.2;  92.0;eor
       2667;2025122801;    3;   0.2;  92.0;eor
       2667;2025122802;    3;   0.0;  94.0;eor
       2667;2025122803;    3;   0.0;  92.0;eor
       2667;2025122804;    3;   0.1;  93.0;eor
       2667;2025122805;    3;  -0.4;  94.0;eor
       2667;2025122806;    3;  -2.1;  99.0;eor
       2667;2025122807;    3;  -3.2;  95.0;eor
       2667;2025122808;    3;  -3.3;  94.0;eor
       2667;2025122809;    3;  -3.8;  88.0;eor
       2667;2025122810;    3;  -0.7;  84.0;eor
       2667;2025122811;    3;   2.2;  79.0;eor
       2667;2025122812;    3;   0.8;  86.0;eor
       2667;2025122813;    3;   2.7;  76.0;eor
       2667;2025122814;    3;   3.1;  74.0;eor
       2667;2025122815;    3;   2.8;  72.0;eor
       2667;2025122816;    3;   0.7;  85.0;eor
       2667;2025122817;    3;  -2.0;  90.0;eor
       2667;2025122818;    3;  -2.0;  96.0;eor
       2667;2025122819;    3;  -2.6;  92.0;eor
       2667;2025122820;    3;  -3.9;  93.0;eor
       2667;2025122821;    3;  -3.4;  89.0;eor
       2667;2025122822;    3;  -4.2;  90.0;eor
       2667;2025122823;    3;  -5.9;  91.0;eor
       2667;2025122900;    3;  -5.8;  92.0;eor
       2667;2025122901;    3;  -6.3;  90.0;eor
       2667;2025122902;    3;  -6.1;  91.0;eor
       2667;2025122903;    3;  -6.1;  90.0;eor
       2667;2025122904;    3;  -6.8;  91.0;eor
       2667;2025122905;    3;  -7.3;  87.0;eor
       2667;2025122906;    3;  -4.5;  91.0;eor
       2667;2025122907;    3;  -4.3;  88.0;eor
       2667;2025122908;    3;  -4.0;  89.0;eor
       2667;2025122909;    3;  -3.3;  92.0;eor
       2667;2025122910;    3;  -2.5;  90.0;eor
       2667;2025122911;    3;  -1.9;  89.0;eor
       2667;2025122912;    3;  -1.4;  89.0;eor
       2667;2025122913;    3;  -0.8;  89.0;eor
       2667;2025122914;    3;  -0.3;  90.0;eor
       2667;2025122915;    3;  -0.2;  91.0;eor
       2667;2025122916;    3;  -0.2;  93.0;eor
       2667;2025122917;    3;  -0.1;  95.0;eor
       2667;2025122918;    3;   0.0;  95.0;eor
       2667;2025122919;    3;   0.3;  96.0;eor
       2667;2025122920;    3;   0.4;  96.0;eor
       2667;2025122921;    3;   0.9;  96.0;eor
       2667;2025122922;    3;   1.2;  97.0;eor
       2667;2025122923;    3;   2.0;  97.0;eor
       2667;2025123000;    3;   1.7;  97.0;eor
       2667;2025123001;    3;   2.4;  96.0;eor
       2667;2025123002;    3;   2.1;  96.0;eor
       2667;2025123003;    3;   0.5;  96.0;eor
       2667;2025123004;    3;   0.4;  97.0;eor
       2667;2025123005;    3;   0.9;  97.0;eor
       2667;2025123006;    3;   0.2;  97.0;eor
       2667;2025123007;    3;  -0.1;  98.0;eor
       2667;2025123008;    3;  -0.8;  97.0;eor
       2667;2025123009;    3;  -0.9;  98.0;eor
       2667;2025123010;    3;  -0.9;  96.0;eor
       2667;2025123011;    3;  -0.1;  95.0;eor
       2667;2025123012;    3;   1.4;  88.0;eor
       2667;2025123013;    3;   1.7;  87.0;eor
       2667;2025123014;    3;   2.5;  81.0;eor
       2667;2025123015;    3;   2.1;  81.0;eor
       2667;2025123016;    3;  -0.4;  90.0;eor
       2667;2025123017;    3;  -0.5;  92.0;eor
       2667;2025123018;    3;  -2.1;  93.0;eor
       2667;2025123019;    3;  -1.4;  94.0;eor
       2667;2025123020;    3;  -2.2;  95.0;eor
       2667;2025123021;    3;  -2.8;  94.0;eor
       2667;2025123022;    3;  -3.1;  93.0;eor
       2667;2025123023;    3;  -2.5;  94.0;eor
       2667;2025123100;    3;  -2.6;  91.0;eor
       2667;2025123101;    3;  -2.7;  94.0;eor
       2667;2025123102;    3;  -3.3;  93.0;eor
       2667;2025123103;    3;  -3.3;  94.0;eor
       2667;2025123104;    3;  -2.3;  93.0;eor
       2667;2025123105;    3;  -1.8;  94.0;eor
       2667;2025123106;    3;  -1.4;  94.0;eor
       2667;2025123107;    3;  -1.2;  94.0;eor
       2667;2025123108;    3;  -0.9;  94.0;eor
       2667;2025123109;    3;  -0.5;  94.0;eor
       2667;2025123110;    3;   0.1;  94.0;eor
       2667;2025123111;    3;   1.2;  90.0;eor
       2667;2025123112;    3;   2.7;  89.0;eor
       2667;2025123113;    3;   3.7;  87.0;eor
       2667;2025123114;    3;   3.5;  84.0;eor
       2667;2025123115;    3;   3.5;  86.0;eor
       2667;2025123116;    3;   2.7;  91.0;eor
       2667;2025123117;    3;   2.6;  90.0;eor
       2667;2025123118;    3;   2.5;  92.0;eor
       2667;2025123119;    3;   2.4;  92.0;eor
       2667;2025123120;    3;   2.4;  91.0;eor
       2667;2025123121;    3;   2.6;  90.0;eor
       2667;2025123122;    3;   2.6;  79.0;eor
       2667;2025123123;    3;   2.5;  78.0;eor
       2667;2026010100;    3;   2.3;  77.0;eor
       2667;2026010101;    3;   2.2;  76.0;eor
       2667;2026010102;    3;   2.3;  75.0;eor
       2667;2026010103;    3;   2.5;  73.0;eor
       2667;2026010104;    3;   2.4;  73.0;eor
       2667;2026010105;    3;   2.3;  75.0;eor
       2667;2026010106;    3;   2.4;  72.0;eor
       2667;2026010107;    3;   2.6;  72.0;eor
       2667;2026010108;    3;   2.9;  73.0;eor
       2667;2026010109;    3;   2.7;  79.0;eor
       2667;2026010110;    3;   2.5;  84.0;eor
       2667;2026010111;    3;   2.9;  79.0;eor
       2667;2026010112;    3;   3.7;  72.0;eor
       2667;2026010113;    3;   3.7;  72.0;eor
       2667;2026010114;    3;   3.5;  78.0;eor
       2667;2026010115;    3;   3.9;  75.0;eor
       2667;2026010116;    3;   3.4;  80.0;eor
       2667;2026010117;    3;   3.3;  81.0;eor
       2667;2026010118;    3;   3.4;  80.0;eor
       2667;2026010119;    3;   3.7;  79.0;eor
       2667;2026010120;    3;   3.7;  76.0;eor
       2667;2026010121;    3;   3.8;  76.0;eor
       2667;2026010122;    3;   3.9;  75.0;eor
       2667;2026010123;    3;   4.0;  74.0;eor
       2667;2026010200;    3;   3.0;  84.0;eor
       2667;2026010201;    3;   2.3;  88.0;eor
       2667;2026010202;    3;   2.8;  81.0;eor
       2667;2026010203;    3;   2.8;  79.0;eor
       2667;2026010204;    3;   0.5;  88.0;eor
       2667;2026010205;    3;   1.6;  81.0;eor
       2667;2026010206;    3;   0.7;  87.0;eor
       2667;2026010207;    3;   1.7;  76.0;eor
       2667;2026010208;    3;   1.7;  74.0;eor
       2667;2026010209;    3;   1.8;  71.0;eor
       2667;2026010210;    3;   1.9;  74.0;eor
       2667;2026010211;    3;   3.2;  71.0;eor
       2667;2026010212;    3;   3.1;  65.0;eor
       2667;2026010213;    3;   3.1;  63.0;eor
       2667;2026010214;    3;   3.1;  61.0;eor
       2667;2026010215;    3;   2.7;  63.0;eor
       2667;2026010216;    3;   2.0;  73.0;eor
       2667;2026010217;    3;   0.0;  96.0;eor
       2667;2026010218;    3;   0.5;  90.0;eor
       2667;2026010219;    3;   0.7;  87.0;eor
       2667;2026010220;    3;   0.8;  86.0;eor
       2667;2026010221;    3;   0.9;  84.0;eor
       2667;2026010222;    3;   0.6;  85.0;eor
       2667;2026010223;    3;   1.2;  85.0;eor
       2667;2026010300;    3;   1.3;  84.0;eor
       2667;2026010301;    3;   1.3;  82.0;eor
       2667;2026010302;    3;   1.1;  81.0;eor
       2667;2026010303;    3;   1.2;  78.0;eor
       2667;2026010304;    3;   0.8;  78.0;eor
       2667;2026010305;    3;   0.4;  80.0;eor
       2667;2026010306;    3;   1.1;  72.0;eor
       2667;2026010307;    3;   1.0;  70.0;eor
       2667;2026010308;    3;   0.4;  71.0;eor
       2667;2026010309;    3;   0.5;  72.0;eor
       2667;2026010310;    3;   0.8;  72.0;eor
       2667;2026010311;    3;   0.9;  77.0;eor
       2667;2026010312;    3;   1.0;  76.0;eor
       2667;2026010313;    3;   0.9;  77.0;eor
       2667;2026010314;    3;   1.0;  76.0;eor
       2667;2026010315;    3;   0.1;  84.0;eor
       2667;2026010316;    3;  -0.4;  94.0;eor
       2667;2026010317;    3;   0.2;  84.0;eor
       2667;2026010318;    3;   0.4;  83.0;eor
       2667;2026010319;    3;   0.4;  84.0;eor
       2667;2026010320;    3;   0.2;  84.0;eor
       2667;2026010321;    3;   0.0;  84.0;eor
       2667;2026010322;    3;   0.3;  85.0;eor
       2667;2026010323;    3;  -0.1;  90.0;eor
       2667;2026010400;    3;   0.4;  85.0;eor
       2667;2026010401;    3;   0.2;  86.0;eor
       2667;2026010402;    3;   0.4;  90.0;eor
       2667;2026010403;    3;   0.8;  85.0;eor
       2667;2026010404;    3;   0.8;  87.0;eor
       2667;2026010405;    3;   0.9;  81.0;eor
       2667;2026010406;    3;   0.6;  79.0;eor
       2667;2026010407;    3;   0.0;  78.0;eor
       2667;2026010408;    3;   0.3;  76.0;eor
       2667;2026010409;    3;   0.4;  76.0;eor
       2667;2026010410;    3;   0.6;  77.0;eor
       2667;2026010411;    3;   0.7;  76.0;eor
       2667;2026010412;    3;   0.8;  75.0;eor
       2667;2026010413;    3;   1.1;  72.0;eor
       2667;2026010414;    3;   1.0;  70.0;eor
       2667;2026010415;    3;   0.7;  74.0;eor
       2667;2026010416;    3;   0.5;  72.0;eor
       2667;2026010417;    3;   0.1;  70.0;eor
       2667;2026010418;    3;  -0.7;  71.0;eor
       2667;2026010419;    3;  -1.6;  72.0;eor
       2667;2026010420;    3;  -1.8;  73.0;eor
       2667;2026010421;    3;  -1.4;  74.0;eor
       2667;2026010422;    3;  -1.2;  74.0;eor
       2667;2026010423;    3;  -2.9;  77.0;eor
       2667;2026010500;    3;  -3.3;  80.0;eor
       2667;2026010501;    3;  -3.9;  79.0;eor
       2667;2026010502;    3;  -4.4;  78.0;eor
       2667;2026010503;    3;  -3.3;  76.0;eor
       2667;2026010504;    3;  -4.0;  77.0;eor
       2667;2026010505;    3;  -4.2;  78.0;eor
       2667;2026010506;    3;  -3.9;  78.0;eor
       2667;2026010507;    3;  -4.8;  81.0;eor
       2667;2026010508;    3;  -4.9;  79.0;eor
       2667;2026010509;    3;  -4.0;  78.0;eor
       2667;2026010510;    3;  -2.5;  73.0;eor
       2667;2026010511;    3;  -1.7;  72.0;eor
       2667;2026010512;    3;  -0.5;  69.0;eor
       2667;2026010513;    3;  -0.4;  70.0;eor
       2667;2026010514;    3;  -0.4;  72.0;eor
       2667;2026010515;    3;  -1.0;  77.0;eor
       2667;2026010516;    3;  -1.3;  81.0;eor
       2667;2026010517;    3;  -2.0;  93.0;eor
       2667;2026010518;    3;  -1.9;  92.0;eor
       2667;2026010519;    3;  -1.7;  91.0;eor
       2667;2026010520;    3;  -1.6;  90.0;eor
       2667;2026010521;    3;  -1.8;  85.0;eor
       2667;2026010522;    3;  -2.8;  90.0;eor
       2667;2026010523;    3;  -2.4;  84.0;eor
       2667;2026010600;    3;  -2.4;  80.0;eor
       2667;2026010601;    3;  -2.2;  78.0;eor
       2667;2026010602;    3;  -2.3;  80.0;eor
       2667;2026010603;    3;  -2.3;  79.0;eor
       2667;2026010604;    3;  -2.3;  80.0;eor
       2667;2026010605;    3;  -2.3;  80.0;eor
       2667;2026010606;    3;  -2.4;  83.0;eor
       2667;2026010607;    3;  -2.5;  85.0;eor
       2667;2026010608;    3;  -2.4;  86.0;eor
       2667;2026010609;    3;  -2.0;  84.0;eor
       2667;2026010610;    3;  -1.0;  85.0;eor
       2667;2026010611;    3;  -0.3;  82.0;eor
       2667;2026010612;    3;  -0.3;  80.0;eor
       2667;2026010613;    3;   0.0;  78.0;eor
       2667;2026010614;    3;   0.2;  79.0;eor
       2667;2026010615;    3;   0.0;  82.0;eor
       2667;2026010616;    3;  -0.2;  85.0;eor
       2667;2026010617;    3;  -0.3;  85.0;eor
       2667;2026010618;    3;  -0.7;  85.0;eor
       2667;2026010619;    3;  -1.8;  84.0;eor
       2667;2026010620;    3;  -2.1;  90.0;eor
       2667;2026010621;    3;  -2.0;  81.0;eor
       2667;2026010622;    3;  -3.5;  89.0;eor
       2667;2026010623;    3;  -3.9;  85.0;eor
       2667;2026010700;    3;  -4.4;  84.0;eor
       2667;2026010701;    3;  -6.3;  87.0;eor
       2667;2026010702;    3;  -5.3;  86.0;eor
       2667;2026010703;    3;  -4.6;  83.0;eor
       2667;2026010704;    3;  -3.6;  80.0;eor
       2667;2026010705;    3;  -3.5;  80.0;eor
       2667;2026010706;    3;  -3.6;  81.0;eor
       2667;2026010707;    3;  -4.3;  82.0;eor
       2667;2026010708;    3;  -3.2;  82.0;eor
       2667;2026010709;    3;  -2.0;  77.0;eor
       2667;2026010710;    3;  -1.2;  73.0;eor
       2667;2026010711;    3;  -0.5;  70.0;eor
       2667;2026010712;    3;  -0.5;  69.0;eor
       2667;2026010713;    3;  -2.3;  88.0;eor
       2667;2026010714;    3;  -1.5;  78.0;eor
       2667;2026010715;    3;  -1.8;  81.0;eor
       2667;2026010716;    3;  -2.3;  88.0;eor
       2667;2026010717;    3;  -1.5;  78.0;eor
       2667;2026010718;    3;  -1.0;  74.0;eor
       2667;2026010719;    3;  -1.6;  83.0;eor
       2667;2026010720;    3;  -1.0;  78.0;eor
       2667;2026010721;    3;  -0.7;  77.0;eor
       2667;2026010722;    3;  -0.8;  81.0;eor
       2667;2026010723;    3;  -0.3;  79.0;eor
       2667;2026010800;    3;  -0.2;  79.0;eor
       2667;2026010801;    3;   0.9;  78.0;eor
       2667;2026010802;    3;   1.3;  78.0;eor
       2667;2026010803;    3;   1.2;  77.0;eor
       2667;2026010804;    3;   0.7;  79.0;eor
       2667;2026010805;    3;   1.2;  78.0;eor
       2667;2026010806;    3;   0.9;  80.0;eor
       2667;2026010807;    3;   1.0;  81.0;eor
       2667;2026010808;    3;   1.0;  80.0;eor
       2667;2026010809;    3;   0.5;  79.0;eor
       2667;2026010810;    3;   1.7;  76.0;eor
       2667;2026010811;    3;   1.9;  79.0;eor
       2667;2026010812;    3;   2.7;  78.0;eor
       2667;2026010813;    3;   2.7;  79.0;eor
       2667;2026010814;    3;   2.8;  81.0;eor
       2667;2026010815;    3;   2.4;  82.0;eor
       2667;2026010816;    3;   2.2;  84.0;eor
       2667;2026010817;    3;   2.2;  85.0;eor
       2667;2026010818;    3;   2.2;  87.0;eor
       2667;2026010819;    3;   2.1;  86.0;eor
       2667;2026010820;    3;   1.5;  92.0;eor
       2667;2026010821;    3;   1.7;  92.0;eor
       2667;2026010822;    3;   1.7;  92.0;eor
       2667;2026010823;    3;   2.0;  92.0;eor
       2667;2026010900;    3;   2.3;  92.0;eor
       2667;2026010901;    3;   2.9;  91.0;eor
       2667;2026010902;    3;   3.2;  90.0;eor
       2667;2026010903;    3;   4.1;  90.0;eor
       2667;2026010904;    3;   4.8;  89.0;eor
       2667;2026010905;    3;   5.3;  87.0;eor
       2667;2026010906;    3;   6.1;  80.0;eor
       2667;2026010907;    3;   6.7;  75.0;eor
       2667;2026010908;    3;   6.2;  77.0;eor
       2667;2026010909;    3;   6.2;  76.0;eor
       2667;2026010910;    3;   6.5;  74.0;eor
       2667;2026010911;    3;   6.6;  68.0;eor
       2667;2026010912;    3;   6.0;  70.0;eor
       2667;2026010913;    3;   5.6;  71.0;eor
       2667;2026010914;    3;   5.3;  71.0;eor
       2667;2026010915;    3;   4.7;  73.0;eor
       2667;2026010916;    3;   4.3;  76.0;eor
       2667;2026010917;    3;   3.8;  79.0;eor
       2667;2026010918;    3;   3.6;  80.0;eor
       2667;2026010919;    3;   2.8;  84.0;eor
       2667;2026010920;    3;   2.4;  88.0;eor
       2667;2026010921;    3;   2.5;  85.0;eor
       2667;2026010922;    3;   2.5;  87.0;eor
       2667;2026010923;    3;   2.1;  89.0;eor
       2667;2026011000;    3;   0.9;  93.0;eor
       2667;2026011001;    3;   0.6;  93.0;eor
       2667;2026011002;    3;   0.4;  95.0;eor
       2667;2026011003;    3;   0.2;  94.0;eor
       2667;2026011004;    3;   0.0;  95.0;eor
       2667;2026011005;    3;  -0.2;  95.0;eor
       2667;2026011006;    3;  -0.2;  96.0;eor
       2667;2026011007;    3;   0.0;  96.0;eor
       2667;2026011008;    3;  -0.7;  95.0;eor
       2667;2026011009;    3;  -0.8;  95.0;eor
       2667;2026011010;    3;  -0.9;  92.0;eor
       2667;2026011011;    3;  -1.3;  91.0;eor
       2667;2026011012;    3;  -1.7;  90.0;eor
       2667;2026011013;    3;  -1.9;  89.0;eor
       2667;2026011014;    3;  -1.9;  90.0;eor
       2667;2026011015;    3;  -2.1;  91.0;eor
       2667;2026011016;    3;  -2.1;  91.0;eor
       2667;2026011017;    3;  -1.7;  87.0;eor
       2667;2026011018;    3;  -1.9;  86.0;eor
       2667;2026011019;    3;  -2.1;  86.0;eor
       2667;2026011020;    3;  -2.3;  87.0;eor
       2667;2026011021;    3;  -2.7;  89.0;eor
       2667;2026011022;    3;  -3.7;  92.0;eor
       2667;2026011023;    3;  -4.9;  89.0;eor
       2667;2026011100;    3;  -5.8;  90.0;eor
       2667;2026011101;    3;  -5.4;  83.0;eor
       2667;2026011102;    3;  -6.2;  84.0;eor
       2667;2026011103;    3;  -6.7;  83.0;eor
       2667;2026011104;    3;  -8.2;  86.0;eor
       2667;2026011105;    3;  -7.7;  86.0;eor
       2667;2026011106;    3;  -7.6;  84.0;eor
       2667;2026011107;    3;  -7.8;  85.0;eor
       2667;2026011108;    3;  -7.5;  82.0;eor
       2667;2026011109;    3;  -6.3;  78.0;eor
       2667;2026011110;    3;  -4.6;  76.0;eor
       2667;2026011111;    3;  -3.9;  76.0;eor
       2667;2026011112;    3;  -3.2;  77.0;eor
       2667;2026011113;    3;  -2.3;  78.0;eor
       2667;2026011114;    3;  -1.7;  82.0;eor
       2667;2026011115;    3;  -1.9;  82.0;eor
       2667;2026011116;    3;  -1.6;  82.0;eor
       2667;2026011117;    3;  -1.3;  82.0;eor
       2667;2026011118;    3;  -1.1;  83.0;eor
       2667;2026011119;    3;  -1.0;  83.0;eor
       2667;2026011120;    3;  -0.8;  82.0;eor
       2667;2026011121;    3;  -0.5;  82.0;eor
       2667;2026011122;    3;  -0.3;  81.0;eor
       2667;2026011123;    3;  -0.2;  81.0;eor
       2667;2026011200;    3;   0.0;  80.0;eor
       2667;2026011201;    3;   0.2;  79.0;eor
       2667;2026011202;    3;   0.3;  80.0;eor
       2667;2026011203;    3;   0.3;  85.0;eor
       2667;2026011204;    3;   0.5;  88.0;eor
       2667;2026011205;    3;   0.7;  87.0;eor
       2667;2026011206;    3;   1.1;  84.0;eor
       2667;2026011207;    3;   1.2;  86.0;eor
       2667;2026011208;    3;   1.2;  93.0;eor
       2667;2026011209;    3;   1.6;  92.0;eor
       2667;2026011210;    3;   1.8;  93.0;eor
       2667;2026011211;    3;   2.3;  92.0;eor
       2667;2026011212;    3;   3.1;  90.0;eor
       2667;2026011213;    3;   4.2;  86.0;eor
       2667;2026011214;    3;   4.5;  86.0;eor
       2667;2026011215;    3;   4.2;  94.0;eor
       2667;2026011216;    3;   4.6;  93.0;eor
       2667;2026011217;    3;   5.0;  94.0;eor
       2667;2026011218;    3;   6.1;  91.0;eor
       2667;2026011219;    3;   6.8;  90.0;eor
       2667;2026011220;    3;   7.5;  90.0;eor
       2667;2026011221;    3;   8.6;  85.0;eor
       2667;2026011222;    3;   8.1;  90.0;eor
       2667;2026011223;    3;   8.3;  89.0;eor
       2667;2026011300;    3;   8.7;  85.0;eor
       2667;2026011301;    3;   8.0;  88.0;eor
       2667;2026011302;    3;   7.3;  88.0;eor
       2667;2026011303;    3;   8.5;  87.0;eor
       2667;2026011304;    3;   8.0;  89.0;eor
       2667;2026011305;    3;   8.4;  86.0;eor
       2667;2026011306;    3;   7.7;  89.0;eor
       2667;2026011307;    3;   7.8;  94.0;eor
       2667;2026011308;    3;   7.6;  95.0;eor
       2667;2026011309;    3;   8.1;  93.0;eor
       2667;2026011310;    3;   8.6;  90.0;eor
       2667;2026011311;    3;   9.1;  89.0;eor
       2667;2026011312;    3;  10.3;  80.0;eor
       2667;2026011313;    3;  10.0;  82.0;eor
       2667;2026011314;    3;  10.1;  79.0;eor
       2667;2026011315;    3;   9.3;  78.0;eor
       2667;2026011316;    3;   8.4;  80.0;eor
       2667;2026011317;    3;   7.7;  83.0;eor
       2667;2026011318;    3;   7.2;  85.0;eor
       2667;2026011319;    3;   7.7;  83.0;eor
       2667;2026011320;    3;   8.4;  81.0;eor
       2667;2026011321;    3;   8.9;  79.0;eor
       2667;2026011322;    3;   8.5;  82.0;eor
       2667;2026011323;    3;   8.4;  83.0;eor
       2667;2026011400;    3;   9.1;  81.0;eor
       2667;2026011401;    3;   9.3;  79.0;eor
       2667;2026011402;    3;  10.2;  75.0;eor
       2667;2026011403;    3;   9.9;  76.0;eor
       2667;2026011404;    3;   9.9;  76.0;eor
       2667;2026011405;    3;   9.6;  77.0;eor
       2667;2026011406;    3;   8.9;  82.0;eor
       2667;2026011407;    3;   8.8;  85.0;eor
       2667;2026011408;    3;   9.2;  83.0;eor
       2667;2026011409;    3;   8.4;  89.0;eor
       2667;2026011410;    3;   8.4;  91.0;eor
       2667;2026011411;    3;   8.7;  96.0;eor
       2667;2026011412;    3;   8.8;  96.0;eor
       2667;2026011413;    3;   8.8;  96.0;eor
       2667;2026011414;    3;   8.6;  97.0;eor
       2667;2026011415;    3;   8.4;  97.0;eor
       2667;2026011416;    3;   8.3;  98.0;eor
       2667;2026011417;    3;   8.3;  97.0;eor
       2667;2026011418;    3;   8.5;  97.0;eor
       2667;2026011419;    3;   8.7;  95.0;eor
       2667;2026011420;    3;   8.4;  95.0;eor
       2667;2026011421;    3;   8.7;  92.0;eor
       2667;2026011422;    3;   8.5;  92.0;eor
       2667;2026011423;    3;   8.2;  92.0;eor
       2667;2026011500;    3;   7.9;  92.0;eor
       2667;2026011501;    3;   8.2;  91.0;eor
       2667;2026011502;    3;   8.4;  92.0;eor
       2667;2026011503;    3;   8.4;  93.0;eor
       2667;2026011504;    3;   8.4;  93.0;eor
       2667;2026011505;    3;   7.8;  94.0;eor
       2667;2026011506;    3;   8.0;  91.0;eor
       2667;2026011507;    3;   8.2;  88.0;eor
       2667;2026011508;    3;   7.8;  91.0;eor
       2667;2026011509;    3;   8.2;  89.0;eor
       2667;2026011510;    3;  10.0;  86.0;eor
       2667;2026011511;    3;  10.2;  85.0;eor
       2667;2026011512;    3;  10.8;  84.0;eor
       2667;2026011513;    3;  10.7;  81.0;eor
       2667;2026011514;    3;  10.1;  82.0;eor
       2667;2026011515;    3;  10.1;  78.0;eor
       2667;2026011516;    3;   9.8;  77.0;eor
       2667;2026011517;    3;   9.6;  77.0;eor
       2667;2026011518;    3;   9.7;  75.0;eor
       2667;2026011519;    3;   8.9;  77.0;eor
       2667;2026011520;    3;   8.3;  80.0;eor
       2667;2026011521;    3;   9.0;  78.0;eor
       2667;2026011522;    3;   9.5;  78.0;eor
       2667;2026011523;    3;   9.9;  75.0;eor
       2667;2026011600;    3;   9.8;  75.0;eor
       2667;2026011601;    3;   9.6;  74.0;eor
       2667;2026011602;    3;  10.8;  68.0;eor
       2667;2026011603;    3;  11.0;  68.0;eor
       2667;2026011604;    3;  10.6;  69.0;eor
       2667;2026011605;    3;  11.1;  67.0;eor
       2667;2026011606;    3;  10.8;  70.0;eor
       2667;2026011607;    3;  10.1;  75.0;eor
       2667;2026011608;    3;   9.9;  76.0;eor
       2667;2026011609;    3;  10.5;  75.0;eor
       2667;2026011610;    3;  10.8;  73.0;eor
       2667;2026011611;    3;  11.2;  73.0;eor
       2667;2026011612;    3;  11.4;  73.0;eor
       2667;2026011613;    3;  11.3;  77.0;eor
       2667;2026011614;    3;  10.3;  88.0;eor
       2667;2026011615;    3;  10.4;  83.0;eor
       2667;2026011616;    3;   9.9;  82.0;eor
       2667;2026011617;    3;   9.2;  83.0;eor
       2667;2026011618;    3;   8.6;  83.0;eor
       2667;2026011619;    3;   9.1;  80.0;eor
       2667;2026011620;    3;   6.9;  82.0;eor
       2667;2026011621;    3;   6.8;  87.0;eor
       2667;2026011622;    3;   8.5;  80.0;eor
       2667;2026011623;    3;   8.8;  77.0;eor
       2667;2026011700;    3;   9.2;  72.0;eor
       2667;2026011701;    3;   9.1;  71.0;eor
       2667;2026011702;    3;   9.0;  71.0;eor
       2667;2026011703;    3;   8.8;  71.0;eor
       2667;2026011704;    3;   7.5;  75.0;eor
       2667;2026011705;    3;   6.9;  76.0;eor
       2667;2026011706;    3;   6.8;  76.0;eor
       2667;2026011707;    3;   6.8;  74.0;eor
       2667;2026011708;    3;   6.4;  75.0;eor
       2667;2026011709;    3;   6.4;  74.0;eor
       2667;2026011710;    3;   7.5;  69.0;eor
       2667;2026011711;    3;   9.1;  65.0;eor
       2667;2026011712;    3;  10.3;  61.0;eor
       2667;2026011713;    3;  10.9;  59.0;eor
       2667;2026011714;    3;  11.4;  57.0;eor
       2667;2026011715;    3;  10.6;  62.0;eor
       2667;2026011716;    3;   9.1;  62.0;eor
       2667;2026011717;    3;   7.3;  69.0;eor
       2667;2026011718;    3;   6.6;  67.0;eor
       2667;2026011719;    3;   5.9;  70.0;eor
       2667;2026011720;    3;   5.1;  73.0;eor
       2667;2026011721;    3;   4.7;  73.0;eor
       2667;2026011722;    3;   3.8;  76.0;eor
       2667;2026011723;    3;   2.8;  80.0;eor
       2667;2026011800;    3;   2.4;  81.0;eor
       2667;2026011801;    3;   1.8;  84.0;eor
       2667;2026011802;    3;   0.9;  86.0;eor
       2667;2026011803;    3;   0.5;  88.0;eor
       2667;2026011804;    3;   0.1;  89.0;eor
       2667;2026011805;    3;   0.3;  90.0;eor
       2667;2026011806;    3;   0.3;  91.0;eor
       2667;2026011807;    3;   0.3;  89.0;eor
       2667;2026011808;    3;   0.5;  88.0;eor
       2667;2026011809;    3;   0.8;  88.0;eor
       2667;2026011810;    3;   1.2;  85.0;eor
       2667;2026011811;    3;   1.6;  84.0;eor
       2667;2026011812;    3;   1.9;  83.0;eor
       2667;2026011813;    3;   2.1;  81.0;eor
       2667;2026011814;    3;   2.4;  82.0;eor
       2667;2026011815;    3;   2.4;  81.0;eor
       2667;2026011816;    3;   2.3;  82.0;eor
       2667;2026011817;    3;   2.4;  83.0;eor
       2667;2026011818;    3;   2.7;  83.0;eor
       2667;2026011819;    3;   3.1;  81.0;eor
       2667;2026011820;    3;   3.4;  80.0;eor
       2667;2026011821;    3;   2.4;  82.0;eor
       2667;2026011822;    3;   1.6;  86.0;eor
       2667;2026011823;    3;   1.1;  87.0;eor
       2667;2026011900;    3;   0.4;  89.0;eor
       2667;2026011901;    3;   0.2;  90.0;eor
       2667;2026011902;    3;   0.1;  88.0;eor
       2667;2026011903;    3;  -0.1;  88.0;eor
       2667;2026011904;    3;   0.0;  86.0;eor
       2667;2026011905;    3;   0.5;  83.0;eor
       2667;2026011906;    3;   0.4;  83.0;eor
       2667;2026011907;    3;   1.1;  83.0;eor
       2667;2026011908;    3;   1.2;  85.0;eor
       2667;2026011909;    3;   1.5;  84.0;eor
       2667;2026011910;    3;   1.8;  84.0;eor
       2667;2026011911;    3;   2.0;  84.0;eor
       2667;2026011912;    3;   2.0;  82.0;eor
       2667;2026011913;    3;   2.4;  81.0;eor
       2667;2026011914;    3;   2.3;  82.0;eor
       2667;2026011915;    3;   2.0;  82.0;eor
       2667;2026011916;    3;   1.6;  84.0;eor
       2667;2026011917;    3;   1.3;  84.0;eor
       2667;2026011918;    3;   1.1;  85.0;eor
       2667;2026011919;    3;   1.1;  86.0;eor
       2667;2026011920;    3;   0.7;  88.0;eor
       2667;2026011921;    3;   0.6;  89.0;eor
       2667;2026011922;    3;   0.6;  89.0;eor
       2667;2026011923;    3;   0.5;  87.0;eor
       2667;2026012000;    3;   0.6;  87.0;eor
       2667;2026012001;    3;   0.3;  87.0;eor
       2667;2026012002;    3;  -0.5;  90.0;eor
       2667;2026012003;    3;  -0.7;  89.0;eor
       2667;2026012004;    3;  -1.0;  89.0;eor
       2667;2026012005;    3;  -0.7;  86.0;eor
       2667;2026012006;    3;  -0.8;  84.0;eor
       2667;2026012007;    3;  -0.5;  80.0;eor
       2667;2026012008;    3;  -0.4;  76.0;eor
       2667;2026012009;    3;   1.0;  68.0;eor
       2667;2026012010;    3;   2.0;  66.0;eor
       2667;2026012011;    3;   2.9;  66.0;eor
       2667;2026012012;    3;   4.0;  62.0;eor
       2667;2026012013;    3;   5.1;  61.0;eor
       2667;2026012014;    3;   5.6;  62.0;eor
       2667;2026012015;    3;   5.0;  65.0;eor
       2667;2026012016;    3;   2.9;  73.0;eor
       2667;2026012017;    3;   3.0;  74.0;eor
       2667;2026012018;    3;   2.1;  78.0;eor
       2667;2026012019;    3;   1.6;  81.0;eor
       2667;2026012020;    3;   0.4;  82.0;eor
       2667;2026012021;    3;   1.4;  76.0;eor
       2667;2026012022;    3;   1.3;  74.0;eor
       2667;2026012023;    3;   1.7;  70.0;eor
       2667;2026012100;    3;   1.5;  70.0;eor
       2667;2026012101;    3;   1.6;  70.0;eor
       2667;2026012102;    3;   1.8;  68.0;eor
       2667;2026012103;    3;   1.9;  68.0;eor
       2667;2026012104;    3;   2.1;  68.0;eor
       2667;2026012105;    3;   1.7;  68.0;eor
       2667;2026012106;    3;   2.0;  67.0;eor
       2667;2026012107;    3;   1.8;  68.0;eor
       2667;2026012108;    3;   1.7;  68.0;eor
       2667;2026012109;    3;   2.4;  66.0;eor
       2667;2026012110;    3;   3.4;  63.0;eor
       2667;2026012111;    3;   4.5;  60.0;eor
       2667;2026012112;    3;   5.9;  57.0;eor
       2667;2026012113;    3;   6.6;  57.0;eor
       2667;2026012114;    3;   6.9;  55.0;eor
       2667;2026012115;    3;   6.3;  56.0;eor
       2667;2026012116;    3;   5.4;  59.0;eor
       2667;2026012117;    3;   4.7;  62.0;eor
       2667;2026012118;    3;   4.5;  62.0;eor
       2667;2026012119;    3;   3.2;  67.0;eor
       2667;2026012120;    3;   2.5;  68.0;eor
       2667;2026012121;    3;   2.1;  67.0;eor
       2667;2026012122;    3;   1.3;  68.0;eor
       2667;2026012123;    3;   0.0;  74.0;eor
       2667;2026012200;    3;   1.1;  64.0;eor
       2667;2026012201;    3;   0.8;  64.0;eor
       2667;2026012202;    3;   0.4;  63.0;eor
       2667;2026012203;    3;   0.4;  63.0;eor
       2667;2026012204;    3;   0.0;  64.0;eor
       2667;2026012205;    3;   0.1;  62.0;eor
       2667;2026012206;    3;   0.2;  62.0;eor
       2667;2026012207;    3;  -0.1;  62.0;eor
       2667;2026012208;    3;   0.1;  60.0;eor
       2667;2026012209;    3;   1.1;  57.0;eor
       2667;2026012210;    3;   2.8;  53.0;eor
       2667;2026012211;    3;   3.6;  52.0;eor
       2667;2026012212;    3;   4.7;  51.0;eor
       2667;2026012213;    3;   5.4;  50.0;eor
       2667;2026012214;    3;   5.7;  51.0;eor
       2667;2026012215;    3;   5.7;  52.0;eor
       2667;2026012216;    3;   4.6;  55.0;eor
       2667;2026012217;    3;   3.7;  59.0;eor
       2667;2026012218;    3;   3.6;  62.0;eor
       2667;2026012219;    3;   3.5;  63.0;eor
       2667;2026012220;    3;   3.0;  70.0;eor
       2667;2026012221;    3;   2.4;  79.0;eor
       2667;2026012222;    3;   2.3;  82.0;eor
       2667;2026012223;    3;   2.3;  81.0;eor
       2667;2026012300;    3;   2.3;  80.0;eor
       2667;2026012301;    3;   2.6;  78.0;eor
       2667;2026012302;    3;   2.7;  75.0;eor
       2667;2026012303;    3;   2.7;  73.0;eor
       2667;2026012304;    3;   2.7;  72.0;eor
       2667;2026012305;    3;   2.7;  71.0;eor
       2667;2026012306;    3;   2.7;  71.0;eor
       2667;2026012307;    3;   2.9;  71.0;eor
       2667;2026012308;    3;   3.0;  69.0;eor
       2667;2026012309;    3;   3.2;  67.0;eor
       2667;2026012310;    3;   4.4;  63.0;eor
       2667;2026012311;    3;   5.3;  60.0;eor
       2667;2026012312;    3;   5.7;  59.0;eor
       2667;2026012313;    3;   7.3;  55.0;eor
       2667;2026012314;    3;   6.7;  56.0;eor
       2667;2026012315;    3;   6.0;  57.0;eor
       2667;2026012316;    3;   5.8;  56.0;eor
       2667;2026012317;    3;   5.0;  56.0;eor
       2667;2026012318;    3;   4.4;  56.0;eor
       2667;2026012319;    3;   3.8;  56.0;eor
       2667;2026012320;    3;   3.9;  54.0;eor
       2667;2026012321;    3;   3.3;  57.0;eor
       2667;2026012322;    3;   3.9;  55.0;eor
       2667;2026012323;    3;   4.0;  55.0;eor
       2667;2026012400;    3;   3.9;  56.0;eor
       2667;2026012401;    3;   3.5;  59.0;eor
       2667;2026012402;    3;   3.1;  62.0;eor
       2667;2026012403;    3;   1.6;  80.0;eor
       2667;2026012404;    3;   1.2;  85.0;eor
       2667;2026012405;    3;   1.2;  88.0;eor
       2667;2026012406;    3;   1.3;  89.0;eor
       2667;2026012407;    3;   1.4;  89.0;eor
       2667;2026012408;    3;   1.4;  85.0;eor
       2667;2026012409;    3;   1.8;  82.0;eor
       2667;2026012410;    3;   3.0;  78.0;eor
       2667;2026012411;    3;   3.6;  69.0;eor
       2667;2026012412;    3;   4.3;  68.0;eor
       2667;2026012413;    3;   5.3;  65.0;eor
       2667;2026012414;    3;   5.3;  59.0;eor
       2667;2026012415;    3;   4.0;  63.0;eor
       2667;2026012416;    3;   4.1;  61.0;eor
       2667;2026012417;    3;   2.2;  67.0;eor
       2667;2026012418;    3;   2.4;  65.0;eor
       2667;2026012419;    3;   1.2;  71.0;eor
       2667;2026012420;    3;   0.9;  72.0;eor
       2667;2026012421;    3;   0.8;  71.0;eor
       2667;2026012422;    3;  -0.3;  77.0;eor
       2667;2026012423;    3;  -1.1;  80.0;eor
       2667;2026012500;    3;  -0.6;  74.0;eor
       2667;2026012501;    3;  -1.4;  75.0;eor
       2667;2026012502;    3;  -2.4;  79.0;eor
       2667;2026012503;    3;  -1.5;  72.0;eor
       2667;2026012504;    3;  -2.1;  75.0;eor
       2667;2026012505;    3;  -1.9;  73.0;eor
       2667;2026012506;    3;  -1.8;  73.0;eor
       2667;2026012507;    3;  -1.6;  73.0;eor
       2667;2026012508;    3;  -1.5;  74.0;eor
       2667;2026012509;    3;  -1.2;  74.0;eor
       2667;2026012510;    3;  -0.9;  73.0;eor
       2667;2026012511;    3;  -0.6;  72.0;eor
       2667;2026012512;    3;  -0.2;  71.0;eor
       2667;2026012513;    3;   1.1;  68.0;eor
       2667;2026012514;    3;   1.4;  68.0;eor
       2667;2026012515;    3;   1.4;  68.0;eor
       2667;2026012516;    3;   1.0;  70.0;eor
       2667;2026012517;    3;   0.4;  73.0;eor
       2667;2026012518;    3;   0.1;  75.0;eor
       2667;2026012519;    3;  -0.3;  77.0;eor
       2667;2026012520;    3;  -0.1;  77.0;eor
       2667;2026012521;    3;  -0.3;  79.0;eor
       2667;2026012522;    3;  -0.5;  80.0;eor
       2667;2026012523;    3;  -0.8;  82.0;eor
       2667;2026012600;    3;  -0.9;  83.0;eor
       2667;2026012601;    3;  -1.0;  86.0;eor
       2667;2026012602;    3;  -0.6;  83.0;eor
       2667;2026012603;    3;  -0.4;  83.0;eor
       2667;2026012604;    3;  -0.2;  81.0;eor
       2667;2026012605;    3;  -0.2;  84.0;eor
       2667;2026012606;    3;  -0.1;  83.0;eor
       2667;2026012607;    3;  -0.3;  83.0;eor
       2667;2026012608;    3;  -0.6;  85.0;eor
       2667;2026012609;    3;  -0.9;  89.0;eor
       2667;2026012610;    3;  -0.8;  89.0;eor
       2667;2026012611;    3;  -0.8;  92.0;eor
       2667;2026012612;    3;  -0.8;  92.0;eor
       2667;2026012613;    3;  -0.6;  93.0;eor
       2667;2026012614;    3;  -0.5;  93.0;eor
       2667;2026012615;    3;  -0.8;  94.0;eor
       2667;2026012616;    3;  -0.7;  91.0;eor
       2667;2026012617;    3;  -0.6;  92.0;eor
       2667;2026012618;    3;  -0.5;  91.0;eor
       2667;2026012619;    3;  -0.2;  89.0;eor
       2667;2026012620;    3;   0.0;  88.0;eor
       2667;2026012621;    3;   0.0;  89.0;eor
       2667;2026012622;    3;   0.0;  88.0;eor
       2667;2026012623;    3;  -0.2;  90.0;eor
       2667;2026012700;    3;  -0.2;  90.0;eor
       2667;2026012701;    3;  -0.2;  90.0;eor
       2667;2026012702;    3;   0.0;  90.0;eor
       2667;2026012703;    3;   0.1;  88.0;eor
       2667;2026012704;    3;   0.1;  88.0;eor
       2667;2026012705;    3;   0.5;  86.0;eor
       2667;2026012706;    3;   0.6;  85.0;eor
       2667;2026012707;    3;   0.9;  84.0;eor
       2667;2026012708;    3;   1.2;  83.0;eor
       2667;2026012709;    3;   1.8;  81.0;eor
       2667;2026012710;    3;   3.0;  77.0;eor
       2667;2026012711;    3;   4.4;  72.0;eor
       2667;2026012712;    3;   4.7;  70.0;eor
       2667;2026012713;    3;   5.0;  71.0;eor
       2667;2026012714;    3;   5.1;  71.0;eor
       2667;2026012715;    3;   5.3;  69.0;eor
       2667;2026012716;    3;   3.9;  83.0;eor
       2667;2026012717;    3;   3.6;  88.0;eor
       2667;2026012718;    3;   3.3;  90.0;eor
       2667;2026012719;    3;   3.4;  90.0;eor
       2667;2026012720;    3;   3.5;  91.0;eor
       2667;2026012721;    3;   3.6;  91.0;eor
       2667;2026012722;    3;   3.8;  91.0;eor
       2667;2026012723;    3;   3.8;  91.0;eor
       2667;2026012800;    3;   3.7;  91.0;eor
       2667;2026012801;    3;   3.6;  94.0;eor
       2667;2026012802;    3;   3.7;  94.0;eor
       2667;2026012803;    3;   3.5;  94.0;eor
       2667;2026012804;    3;   3.5;  93.0;eor
       2667;2026012805;    3;   3.5;  93.0;eor
       2667;2026012806;    3;   3.5;  93.0;eor
       2667;2026012807;    3;   3.5;  94.0;eor
       2667;2026012808;    3;   3.5;  94.0;eor
       2667;2026012809;    3;   3.7;  94.0;eor
       2667;2026012810;    3;   4.0;  91.0;eor
       2667;2026012811;    3;   4.6;  90.0;eor
       2667;2026012812;    3;   4.8;  90.0;eor
       2667;2026012813;    3;   5.0;  92.0;eor
       2667;2026012814;    3;   5.1;  92.0;eor
       2667;2026012815;    3;   4.9;  96.0;eor
       2667;2026012816;    3;   4.4;  96.0;eor
       2667;2026012817;    3;   3.5;  91.0;eor
       2667;2026012818;    3;   2.6;  94.0;eor
       2667;2026012819;    3;   1.8;  93.0;eor
       2667;2026012820;    3;   1.4;  94.0;eor
       2667;2026012821;    3;   1.4;  95.0;eor
       2667;2026012822;    3;   1.5;  93.0;eor
       2667;2026012823;    3;   1.0;  94.0;eor
       2667;2026012900;    3;   0.1;  96.0;eor
       2667;2026012901;    3;   0.0;  96.0;eor
       2667;2026012902;    3;   0.1;  96.0;eor
       2667;2026012903;    3;   0.0;  97.0;eor
       2667;2026012904;    3;   0.1;  96.0;eor
       2667;2026012905;    3;   0.1;  97.0;eor
       2667;2026012906;    3;   0.2;  96.0;eor
       2667;2026012907;    3;   0.1;  96.0;eor
       2667;2026012908;    3;   0.1;  96.0;eor
       2667;2026012909;    3;   0.5;  95.0;eor
       2667;2026012910;    3;   0.7;  94.0;eor
       2667;2026012911;    3;   1.3;  93.0;eor
       2667;2026012912;    3;   1.5;  93.0;eor
       2667;2026012913;    3;   1.8;  91.0;eor
       2667;2026012914;    3;   2.0;  90.0;eor
       2667;2026012915;    3;   1.9;  91.0;eor
       2667;2026012916;    3;   1.7;  94.0;eor
       2667;2026012917;    3;   1.6;  96.0;eor
       2667;2026012918;    3;   1.4;  94.0;eor
       2667;2026012919;    3;   1.4;  93.0;eor
       2667;2026012920;    3;   1.4;  93.0;eor
       2667;2026012921;    3;   1.4;  93.0;eor
       2667;2026012922;    3;   1.4;  92.0;eor
       2667;2026012923;    3;   1.3;  91.0;eor
       2667;2026013000;    3;   1.3;  91.0;eor
       2667;2026013001;    3;   1.3;  91.0;eor
       2667;2026013002;    3;   1.1;  91.0;eor
       2667;2026013003;    3;   1.0;  91.0;eor
       2667;2026013004;    3;   0.5;  91.0;eor
       2667;2026013005;    3;   0.3;  91.0;eor
       2667;2026013006;    3;   0.3;  90.0;eor
       2667;2026013007;    3;   0.3;  90.0;eor
       2667;2026013008;    3;   0.5;  88.0;eor
       2667;2026013009;    3;   1.1;  87.0;eor
       2667;2026013010;    3;   1.9;  86.0;eor
       2667;2026013011;    3;   2.5;  82.0;eor
       2667;2026013012;    3;   2.8;  81.0;eor
       2667;2026013013;    3;   3.2;  80.0;eor
       2667;2026013014;    3;   3.4;  79.0;eor
       2667;2026013015;    3;   3.0;  81.0;eor
       2667;2026013016;    3;   2.8;  80.0;eor
       2667;2026013017;    3;   2.8;  80.0;eor
       2667;2026013018;    3;   2.7;  81.0;eor
       2667;2026013019;    3;   2.5;  86.0;eor
       2667;2026013020;    3;   2.7;  85.0;eor
       2667;2026013021;    3;   2.7;  86.0;eor
       2667;2026013022;    3;   2.7;  84.0;eor
       2667;2026013023;    3;   2.9;  85.0;eor
       2667;2026013100;    3;   3.1;  85.0;eor
       2667;2026013101;    3;   3.3;  86.0;eor
       2667;2026013102;    3;   3.5;  86.0;eor
       2667;2026013103;    3;   3.8;  86.0;eor
       2667;2026013104;    3;   4.1;  85.0;eor
       2667;2026013105;    3;   4.2;  85.0;eor
       2667;2026013106;    3;   4.2;  86.0;eor
       2667;2026013107;    3;   4.1;  88.0;eor
       2667;2026013108;    3;   4.1;  91.0;eor
       2667;2026013109;    3;   4.3;  90.0;eor
       2667;2026013110;    3;   4.4;  91.0;eor
       2667;2026013111;    3;   4.8;  88.0;eor
       2667;2026013112;    3;   5.5;  84.0;eor
       2667;2026013113;    3;   6.4;  80.0;eor
       2667;2026013114;    3;   6.8;  79.0;eor
       2667;2026013115;    3;   6.7;  78.0;eor
       2667;2026013116;    3;   6.1;  81.0;eor
       2667;2026013117;    3;   5.4;  82.0;eor
       2667;2026013118;    3;   5.3;  81.0;eor
       2667;2026013119;    3;   5.0;  83.0;eor
       2667;2026013120;    3;   4.9;  83.0;eor
       2667;2026013121;    3;   4.5;  85.0;eor
       2667;2026013122;    3;   4.4;  85.0;eor
       2667;2026013123;    3;   4.3;  85.0;eor
       2667;2026020100;    3;   4.3;  84.0;eor
       2667;2026020101;    3;   4.3;  84.0;eor
       2667;2026020102;    3;   4.3;  84.0;eor
       2667;2026020103;    3;   3.8;  85.0;eor
       2667;2026020104;    3;   2.9;  89.0;eor
       2667;2026020105;    3;   3.1;  89.0;eor
       2667;2026020106;    3;   3.3;  89.0;eor
       2667;2026020107;    3;   3.3;  89.0;eor
       2667;2026020108;    3;   3.4;  87.0;eor
       2667;2026020109;    3;   4.2;  84.0;eor
       2667;2026020110;    3;   4.9;  82.0;eor
       2667;2026020111;    3;   5.5;  82.0;eor
       2667;2026020112;    3;   6.5;  78.0;eor
       2667;2026020113;    3;   7.0;  75.0;eor
       2667;2026020114;    3;   7.1;  76.0;eor
       2667;2026020115;    3;   6.8;  76.0;eor
       2667;2026020116;    3;   6.0;  80.0;eor
       2667;2026020117;    3;   5.9;  81.0;eor
       2667;2026020118;    3;   5.4;  83.0;eor
       2667;2026020119;    3;   5.4;  83.0;eor
       2667;2026020120;    3;   5.1;  84.0;eor
       2667;2026020121;    3;   5.1;  83.0;eor
       2667;2026020122;    3;   4.9;  83.0;eor
       2667;2026020123;    3;   4.9;  83.0;eor
       2667;2026020200;    3;   5.0;  81.0;eor
       2667;2026020201;    3;   4.7;  81.0;eor
       2667;2026020202;    3;   4.1;  81.0;eor
       2667;2026020203;    3;   3.7;  80.0;eor
       2667;2026020204;    3;   3.6;  80.0;eor
       2667;2026020205;    3;   3.8;  77.0;eor
       2667;2026020206;    3;   3.8;  77.0;eor
       2667;2026020207;    3;   3.2;  83.0;eor
       2667;2026020208;    3;   3.1;  79.0;eor
       2667;2026020209;    3;   4.0;  75.0;eor
       2667;2026020210;    3;   4.3;  73.0;eor
       2667;2026020211;    3;   5.2;  68.0;eor
       2667;2026020212;    3;   5.6;  67.0;eor
       2667;2026020213;    3;   6.3;  66.0;eor
       2667;2026020214;    3;   6.1;  67.0;eor
       2667;2026020215;    3;   6.4;  66.0;eor
       2667;2026020216;    3;   5.6;  64.0;eor
       2667;2026020217;    3;   3.9;  68.0;eor
       2667;2026020218;    3;   3.5;  67.0;eor
       2667;2026020219;    3;   2.6;  70.0;eor
       2667;2026020220;    3;   2.7;  69.0;eor
       2667;2026020221;    3;   2.7;  69.0;eor
       2667;2026020222;    3;   2.8;  70.0;eor
       2667;2026020223;    3;   2.8;  71.0;eor
       2667;2026020300;    3;   2.6;  72.0;eor
       2667;2026020301;    3;   2.3;  73.0;eor
       2667;2026020302;    3;   2.1;  75.0;eor
       2667;2026020303;    3;   1.8;  77.0;eor
       2667;2026020304;    3;   1.8;  75.0;eor
       2667;2026020305;    3;   1.1;  75.0;eor
       2667;2026020306;    3;   1.1;  73.0;eor
       2667;2026020307;    3;   0.9;  73.0;eor
       2667;2026020308;    3;   1.1;  73.0;eor
       2667;2026020309;    3;   0.9;  75.0;eor
       2667;2026020310;    3;   1.0;  79.0;eor
       2667;2026020311;    3;   1.4;  87.0;eor
       2667;2026020312;    3;   1.4;  86.0;eor
       2667;2026020313;    3;   1.7;  88.0;eor
       2667;2026020314;    3;   1.9;  88.0;eor
       2667;2026020315;    3;   2.4;  88.0;eor
       2667;2026020316;    3;   2.3;  86.0;eor
       2667;2026020317;    3;   2.3;  84.0;eor
       2667;2026020318;    3;   2.3;  84.0;eor
       2667;2026020319;    3;   2.5;  85.0;eor
       2667;2026020320;    3;   2.5;  89.0;eor
       2667;2026020321;    3;   3.0;  88.0;eor
       2667;2026020322;    3;   3.6;  87.0;eor
       2667;2026020323;    3;   3.6;  87.0;eor
       2667;2026020400;    3;   3.6;  86.0;eor
       2667;2026020401;    3;   3.3;  89.0;eor
       2667;2026020402;    3;   3.2;  90.0;eor
       2667;2026020403;    3;   2.4;  93.0;eor
       2667;2026020404;    3;   2.8;  93.0;eor
       2667;2026020405;    3;   2.5;  93.0;eor
       2667;2026020406;    3;   2.2;  93.0;eor
       2667;2026020407;    3;   1.8;  94.0;eor
       2667;2026020408;    3;   2.0;  92.0;eor
       2667;2026020409;    3;   3.1;  85.0;eor
       2667;2026020410;    3;   4.7;  80.0;eor
       2667;2026020411;    3;   6.1;  74.0;eor
       2667;2026020412;    3;   8.3;  69.0;eor
       2667;2026020413;    3;   9.5;  65.0;eor
       2667;2026020414;    3;   8.9;  66.0;eor
       2667;2026020415;    3;   8.5;  68.0;eor
       2667;2026020416;    3;   7.3;  70.0;eor
       2667;2026020417;    3;   5.7;  76.0;eor
       2667;2026020418;    3;   5.4;  77.0;eor
       2667;2026020419;    3;   3.6;  83.0;eor
       2667;2026020420;    3;   4.2;  79.0;eor
       2667;2026020421;    3;   3.4;  81.0;eor
       2667;2026020422;    3;   3.2;  80.0;eor
       2667;2026020423;    3;   2.4;  81.0;eor
       2667;2026020500;    3;   3.1;  80.0;eor
       2667;2026020501;    3;   3.4;  79.0;eor
       2667;2026020502;    3;   3.3;  80.0;eor
       2667;2026020503;    3;   3.2;  80.0;eor
       2667;2026020504;    3;   3.2;  80.0;eor
       2667;2026020505;    3;   3.3;  78.0;eor
       2667;2026020506;    3;   3.2;  77.0;eor
       2667;2026020507;    3;   2.8;  79.0;eor
       2667;2026020508;    3;   2.8;  79.0;eor
       2667;2026020509;    3;   3.0;  78.0;eor
       2667;2026020510;    3;   4.0;  75.0;eor
       2667;2026020511;    3;   4.5;  74.0;eor
       2667;2026020512;    3;   5.4;  73.0;eor
       2667;2026020513;    3;   6.9;  71.0;eor
       2667;2026020514;    3;   7.0;  70.0;eor
       2667;2026020515;    3;   5.8;  76.0;eor
       2667;2026020516;    3;   5.3;  77.0;eor
       2667;2026020517;    3;   4.4;  84.0;eor
       2667;2026020518;    3;   3.7;  89.0;eor
       2667;2026020519;    3;   3.4;  88.0;eor
       2667;2026020520;    3;   2.6;  91.0;eor
       2667;2026020521;    3;   1.9;  91.0;eor
       2667;2026020522;    3;   2.3;  88.0;eor
       2667;2026020523;    3;   2.5;  88.0;eor
       2667;2026020600;    3;   2.5;  88.0;eor
       2667;2026020601;    3;   2.4;  88.0;eor
       2667;2026020602;    3;   2.4;  88.0;eor
       2667;2026020603;    3;   2.4;  88.0;eor
       2667;2026020604;    3;   2.3;  86.0;eor
       2667;2026020605;    3;   2.2;  87.0;eor
       2667;2026020606;    3;   2.1;  89.0;eor
       2667;2026020607;    3;   2.0;  88.0;eor
       2667;2026020608;    3;   2.1;  85.0;eor
       2667;2026020609;    3;   2.6;  83.0;eor
       2667;2026020610;    3;   3.4;  80.0;eor
       2667;2026020611;    3;   4.1;  78.0;eor
       2667;2026020612;    3;   4.9;  76.0;eor
       2667;2026020613;    3;   4.7;  79.0;eor
       2667;2026020614;    3;   4.5;  87.0;eor
       2667;2026020615;    3;   4.8;  88.0;eor
       2667;2026020616;    3;   4.9;  88.0;eor
       2667;2026020617;    3;   5.0;  87.0;eor
       2667;2026020618;    3;   5.2;  87.0;eor
       2667;2026020619;    3;   5.5;  87.0;eor
       2667;2026020620;    3;   5.7;  86.0;eor
       2667;2026020621;    3;   6.0;  86.0;eor
       2667;2026020622;    3;   6.2;  86.0;eor
       2667;2026020623;    3;   6.2;  88.0;eor
       2667;2026020700;    3;   6.1;  89.0;eor
       2667;2026020701;    3;   6.5;  88.0;eor
       2667;2026020702;    3;   5.7;  92.0;eor
       2667;2026020703;    3;   4.4;  93.0;eor
       2667;2026020704;    3;   5.8;  94.0;eor
       2667;2026020705;    3;   5.5;  94.0;eor
       2667;2026020706;    3;   6.1;  92.0;eor
       2667;2026020707;    3;   5.1;  96.0;eor
       2667;2026020708;    3;   4.4;  96.0;eor
       2667;2026020709;    3;   6.8;  90.0;eor
       2667;2026020710;    3;   7.9;  84.0;eor
       2667;2026020711;    3;   9.9;  74.0;eor
       2667;2026020712;    3;  11.1;  70.0;eor
       2667;2026020713;    3;  12.0;  61.0;eor
       2667;2026020714;    3;  12.7;  58.0;eor
       2667;2026020715;    3;  12.7;  60.0;eor
       2667;2026020716;    3;  11.6;  61.0;eor
       2667;2026020717;    3;  10.2;  71.0;eor
       2667;2026020718;    3;   9.3;  77.0;eor
       2667;2026020719;    3;   6.4;  84.0;eor
       2667;2026020720;    3;   6.8;  86.0;eor
       2667;2026020721;    3;   6.1;  87.0;eor
       2667;2026020722;    3;   5.7;  89.0;eor
       2667;2026020723;    3;   5.1;  90.0;eor
       2667;2026020800;    3;   3.8;  95.0;eor
       2667;2026020801;    3;   4.2;  96.0;eor
       2667;2026020802;    3;   4.3;  95.0;eor
       2667;2026020803;    3;   4.6;  95.0;eor
       2667;2026020804;    3;   4.7;  92.0;eor
       2667;2026020805;    3;   4.8;  92.0;eor
       2667;2026020806;    3;   5.4;  89.0;eor
       2667;2026020807;    3;   5.0;  90.0;eor
       2667;2026020808;    3;   4.6;  90.0;eor
       2667;2026020809;    3;   4.9;  90.0;eor
       2667;2026020810;    3;   5.7;  87.0;eor
       2667;2026020811;    3;   6.2;  82.0;eor
       2667;2026020812;    3;   6.4;  81.0;eor
       2667;2026020813;    3;   6.4;  80.0;eor
       2667;2026020814;    3;   6.3;  81.0;eor
       2667;2026020815;    3;   5.7;  83.0;eor
       2667;2026020816;    3;   5.0;  84.0;eor
       2667;2026020817;    3;   4.2;  88.0;eor
       2667;2026020818;    3;   3.9;  88.0;eor
       2667;2026020819;    3;   3.2;  89.0;eor
       2667;2026020820;    3;   2.8;  89.0;eor
       2667;2026020821;    3;   3.0;  89.0;eor
       2667;2026020822;    3;   2.3;  91.0;eor
       2667;2026020823;    3;   2.2;  93.0;eor
       2667;2026020900;    3;   2.2;  94.0;eor
       2667;2026020901;    3;   2.7;  91.0;eor
       2667;2026020902;    3;   3.4;  88.0;eor
       2667;2026020903;    3;   3.4;  87.0;eor
       2667;2026020904;    3;   2.3;  91.0;eor
       2667;2026020905;    3;   1.9;  92.0;eor
       2667;2026020906;    3;   1.2;  92.0;eor
       2667;2026020907;    3;   1.0;  92.0;eor
       2667;2026020908;    3;   1.1;  90.0;eor
       2667;2026020909;    3;   2.3;  86.0;eor
       2667;2026020910;    3;   4.3;  77.0;eor
       2667;2026020911;    3;   5.8;  72.0;eor
       2667;2026020912;    3;   6.4;  68.0;eor
       2667;2026020913;    3;   6.2;  68.0;eor
       2667;2026020914;    3;   6.5;  67.0;eor
       2667;2026020915;    3;   6.5;  67.0;eor
       2667;2026020916;    3;   5.5;  70.0;eor
       2667;2026020917;    3;   4.8;  72.0;eor
       2667;2026020918;    3;   4.4;  74.0;eor
       2667;2026020919;    3;   4.1;  74.0;eor
       2667;2026020920;    3;   3.8;  76.0;eor
       2667;2026020921;    3;   4.0;  77.0;eor
       2667;2026020922;    3;   3.6;  79.0;eor
       2667;2026020923;    3;   3.4;  80.0;eor
       2667;2026021000;    3;   3.3;  80.0;eor
       2667;2026021001;    3;   3.5;  79.0;eor
       2667;2026021002;    3;   3.3;  79.0;eor
       2667;2026021003;    3;   3.2;  79.0;eor
       2667;2026021004;    3;   3.4;  79.0;eor
       2667;2026021005;    3;   3.2;  79.0;eor
       2667;2026021006;    3;   3.8;  78.0;eor
       2667;2026021007;    3;   3.9;  83.0;eor
       2667;2026021008;    3;   3.5;  87.0;eor
       2667;2026021009;    3;   3.8;  88.0;eor
       2667;2026021010;    3;   5.1;  83.0;eor
       2667;2026021011;    3;   6.5;  80.0;eor
       2667;2026021012;    3;   7.6;  77.0;eor
       2667;2026021013;    3;   8.5;  73.0;eor
       2667;2026021014;    3;   9.2;  74.0;eor
       2667;2026021015;    3;   9.3;  75.0;eor
       2667;2026021016;    3;   8.8;  76.0;eor
       2667;2026021017;    3;   8.5;  81.0;eor
       2667;2026021018;    3;   8.1;  82.0;eor
       2667;2026021019;    3;   8.0;  83.0;eor
       2667;2026021020;    3;   7.7;  85.0;eor
       2667;2026021021;    3;   7.9;  86.0;eor
       2667;2026021022;    3;   8.3;  86.0;eor
       2667;2026021023;    3;   8.3;  86.0;eor
       2667;2026021100;    3;   8.5;  87.0;eor
       2667;2026021101;    3;   8.2;  94.0;eor
       2667;2026021102;    3;   8.2;  94.0;eor
       2667;2026021103;    3;   8.3;  94.0;eor
       2667;2026021104;    3;   8.2;  95.0;eor
       2667;2026021105;    3;   8.3;  95.0;eor
       2667;2026021106;    3;   7.9;  98.0;eor
       2667;2026021107;    3;   8.3;  97.0;eor
       2667;2026021108;    3;   8.6;  98.0;eor
       2667;2026021109;    3;   9.4;  98.0;eor
       2667;2026021110;    3;   9.8;  96.0;eor
       2667;2026021111;    3;  11.1;  91.0;eor
       2667;2026021112;    3;  11.5;  89.0;eor
       2667;2026021113;    3;  11.3;  87.0;eor
       2667;2026021114;    3;  11.4;  90.0;eor
       2667;2026021115;    3;  10.9;  91.0;eor
       2667;2026021116;    3;  10.5;  90.0;eor
       2667;2026021117;    3;  10.8;  87.0;eor
       2667;2026021118;    3;  10.9;  80.0;eor
       2667;2026021119;    3;  10.3;  81.0;eor
       2667;2026021120;    3;   9.5;  83.0;eor
       2667;2026021121;    3;   8.9;  87.0;eor
       2667;2026021122;    3;   9.1;  82.0;eor
       2667;2026021123;    3;   8.8;  82.0;eor
       2667;2026021200;    3;   8.3;  91.0;eor
       2667;2026021201;    3;   8.3;  92.0;eor
       2667;2026021202;    3;   8.7;  87.0;eor
       2667;2026021203;    3;   8.2;  91.0;eor
       2667;2026021204;    3;   8.2;  92.0;eor
       2667;2026021205;    3;   7.9;  95.0;eor
       2667;2026021206;    3;   8.2;  96.0;eor
       2667;2026021207;    3;   8.4;  96.0;eor
       2667;2026021208;    3;   8.8;  96.0;eor
       2667;2026021209;    3;   9.4;  96.0;eor
       2667;2026021210;    3;   9.4;  96.0;eor
       2667;2026021211;    3;   8.8;  92.0;eor
       2667;2026021212;    3;   8.3;  90.0;eor
       2667;2026021213;    3;   8.5;  88.0;eor
       2667;2026021214;    3;   9.0;  85.0;eor
       2667;2026021215;    3;   8.7;  84.0;eor
       2667;2026021216;    3;   8.5;  87.0;eor
       2667;2026021217;    3;   8.4;  88.0;eor
       2667;2026021218;    3;   8.5;  88.0;eor
       2667;2026021219;    3;   8.7;  86.0;eor
       2667;2026021220;    3;   8.3;  91.0;eor
       2667;2026021221;    3;   8.3;  88.0;eor
       2667;2026021222;    3;   8.4;  83.0;eor
       2667;2026021223;    3;   8.3;  82.0;eor
       2667;2026021300;    3;   7.4;  93.0;eor
       2667;2026021301;    3;   7.6;  93.0;eor
       2667;2026021302;    3;   7.7;  91.0;eor
       2667;2026021303;    3;   6.4;  84.0;eor
       2667;2026021304;    3;   6.1;  85.0;eor
       2667;2026021305;    3;   5.8;  85.0;eor
       2667;2026021306;    3;   5.7;  85.0;eor
       2667;2026021307;    3;   5.1;  88.0;eor
       2667;2026021308;    3;   5.6;  83.0;eor
       2667;2026021309;    3;   6.2;  82.0;eor
       2667;2026021310;    3;   6.6;  81.0;eor
       2667;2026021311;    3;   6.7;  81.0;eor
       2667;2026021312;    3;   6.7;  82.0;eor
       2667;2026021313;    3;   6.6;  89.0;eor
       2667;2026021314;    3;   6.5;  88.0;eor
       2667;2026021315;    3;   6.7;  90.0;eor
       2667;2026021316;    3;   6.5;  86.0;eor
       2667;2026021317;    3;   5.3;  88.0;eor
       2667;2026021318;    3;   4.8;  89.0;eor
       2667;2026021319;    3;   4.4;  82.0;eor
       2667;2026021320;    3;   3.8;  82.0;eor
       2667;2026021321;    3;   3.2;  82.0;eor
       2667;2026021322;    3;   3.0;  83.0;eor
       2667;2026021323;    3;   2.9;  82.0;eor
       2667;2026021400;    3;   3.0;  81.0;eor
       2667;2026021401;    3;   2.6;  84.0;eor
       2667;2026021402;    3;   2.3;  82.0;eor
       2667;2026021403;    3;   2.0;  84.0;eor
       2667;2026021404;    3;   1.8;  82.0;eor
       2667;2026021405;    3;   1.2;  84.0;eor
       2667;2026021406;    3;   0.8;  86.0;eor
       2667;2026021407;    3;   0.7;  84.0;eor
       2667;2026021408;    3;   0.7;  85.0;eor
       2667;2026021409;    3;   0.6;  83.0;eor
       2667;2026021410;    3;   0.7;  84.0;eor
       2667;2026021411;    3;   0.9;  81.0;eor
       2667;2026021412;    3;   0.8;  81.0;eor
       2667;2026021413;    3;   0.6;  81.0;eor
       2667;2026021414;    3;   0.7;  80.0;eor
       2667;2026021415;    3;   0.8;  80.0;eor
       2667;2026021416;    3;   0.6;  80.0;eor
       2667;2026021417;    3;   0.4;  80.0;eor
       2667;2026021418;    3;   0.3;  82.0;eor
       2667;2026021419;    3;   0.4;  78.0;eor
       2667;2026021420;    3;   0.3;  77.0;eor
       2667;2026021421;    3;  -0.1;  81.0;eor
       2667;2026021422;    3;  -0.4;  80.0;eor
       2667;2026021423;    3;  -0.5;  80.0;eor
       2667;2026021500;    3;  -0.8;  82.0;eor
       2667;2026021501;    3;  -1.6;  86.0;eor
       2667;2026021502;    3;  -2.3;  87.0;eor
       2667;2026021503;    3;  -2.9;  91.0;eor
       2667;2026021504;    3;  -3.6;  92.0;eor
       2667;2026021505;    3;  -3.9;  93.0;eor
       2667;2026021506;    3;  -4.2;  92.0;eor
       2667;2026021507;    3;  -4.9;  89.0;eor
       2667;2026021508;    3;  -2.7;  88.0;eor
       2667;2026021509;    3;  -0.8;  81.0;eor
       2667;2026021510;    3;   1.4;  68.0;eor
       2667;2026021511;    3;   2.9;  61.0;eor
       2667;2026021512;    3;   3.3;  59.0;eor
       2667;2026021513;    3;   3.7;  57.0;eor
       2667;2026021514;    3;   3.2;  59.0;eor
       2667;2026021515;    3;   2.7;  59.0;eor
       2667;2026021516;    3;   2.6;  61.0;eor
       2667;2026021517;    3;   2.6;  63.0;eor
       2667;2026021518;    3;   0.8;  85.0;eor
       2667;2026021519;    3;   0.0;  96.0;eor
       2667;2026021520;    3;   0.1;  99.0;eor
       2667;2026021521;    3;   0.3;  97.0;eor
       2667;2026021522;    3;   0.5;  94.0;eor
       2667;2026021523;    3;   0.4;  95.0;eor
       2667;2026021600;    3;   0.5;  95.0;eor
       2667;2026021601;    3;   0.5;  95.0;eor
       2667;2026021602;    3;   0.9;  95.0;eor
       2667;2026021603;    3;   1.6;  94.0;eor
       2667;2026021604;    3;   1.8;  95.0;eor
       2667;2026021605;    3;   3.2;  92.0;eor
       2667;2026021606;    3;   3.5;  95.0;eor
       2667;2026021607;    3;   3.8;  93.0;eor
       2667;2026021608;    3;   4.4;  90.0;eor
       2667;2026021609;    3;   5.2;  86.0;eor
       2667;2026021610;    3;   6.3;  82.0;eor
       2667;2026021611;    3;   7.4;  82.0;eor
       2667;2026021612;    3;   7.6;  77.0;eor
       2667;2026021613;    3;   6.1;  84.0;eor
       2667;2026021614;    3;   5.0;  86.0;eor
       2667;2026021615;    3;   5.8;  82.0;eor
       2667;2026021616;    3;   5.6;  84.0;eor
       2667;2026021617;    3;   3.5;  88.0;eor
       2667;2026021618;    3;   2.5;  92.0;eor
       2667;2026021619;    3;   2.8;  95.0;eor
       2667;2026021620;    3;   3.1;  94.0;eor
       2667;2026021621;    3;   4.0;  91.0;eor
       2667;2026021622;    3;   2.3;  94.0;eor
       2667;2026021623;    3;   2.0;  94.0;eor
       2667;2026021700;    3;   2.5;  93.0;eor
       2667;2026021701;    3;   2.8;  92.0;eor
       2667;2026021702;    3;   3.0;  92.0;eor
       2667;2026021703;    3;   3.3;  92.0;eor
       2667;2026021704;    3;   3.5;  93.0;eor
       2667;2026021705;    3;   4.2;  91.0;eor
       2667;2026021706;    3;   4.3;  93.0;eor
       2667;2026021707;    3;   4.7;  89.0;eor
       2667;2026021708;    3;   4.7;  88.0;eor
       2667;2026021709;    3;   4.2;  91.0;eor
       2667;2026021710;    3;   4.0;  94.0;eor
       2667;2026021711;    3;   4.0;  86.0;eor
       2667;2026021712;    3;   4.2;  89.0;eor
       2667;2026021713;    3;   4.1;  89.0;eor
       2667;2026021714;    3;   4.9;  84.0;eor
       2667;2026021715;    3;   5.0;  81.0;eor
       2667;2026021716;    3;   4.8;  80.0;eor
       2667;2026021717;    3;   3.9;  81.0;eor
       2667;2026021718;    3;   3.7;  83.0;eor
       2667;2026021719;    3;   2.5;  84.0;eor
       2667;2026021720;    3;   3.2;  83.0;eor
       2667;2026021721;    3;   3.1;  82.0;eor
       2667;2026021722;    3;   3.2;  81.0;eor
       2667;2026021723;    3;   3.1;  80.0;eor
       2667;2026021800;    3;   3.0;  80.0;eor
       2667;2026021801;    3;   3.0;  78.0;eor
       2667;2026021802;    3;   2.8;  76.0;eor
       2667;2026021803;    3;   2.7;  71.0;eor
       2667;2026021804;    3;   2.2;  74.0;eor
       2667;2026021805;    3;   1.8;  78.0;eor
       2667;2026021806;    3;   1.7;  80.0;eor
       2667;2026021807;    3;   1.6;  80.0;eor
       2667;2026021808;    3;   1.7;  79.0;eor
       2667;2026021809;    3;   2.3;  76.0;eor
       2667;2026021810;    3;   2.8;  70.0;eor
       2667;2026021811;    3;   3.9;  64.0;eor
       2667;2026021812;    3;   4.6;  62.0;eor
       2667;2026021813;    3;   5.1;  59.0;eor
       2667;2026021814;    3;   5.8;  56.0;eor
       2667;2026021815;    3;   6.3;  53.0;eor
       2667;2026021816;    3;   5.3;  55.0;eor
       2667;2026021817;    3;   4.3;  57.0;eor
       2667;2026021818;    3;   3.6;  60.0;eor
       2667;2026021819;    3;   3.2;  63.0;eor
       2667;2026021820;    3;   3.5;  59.0;eor
       2667;2026021821;    3;   4.0;  58.0;eor
       2667;2026021822;    3;   4.0;  57.0;eor
       2667;2026021823;    3;   4.0;  58.0;eor
       2667;2026021900;    3;   1.0;  88.0;eor
       2667;2026021901;    3;   1.0;  89.0;eor
       2667;2026021902;    3;   1.1;  89.0;eor
       2667;2026021903;    3;   1.2;  88.0;eor
       2667;2026021904;    3;   1.4;  88.0;eor
       2667;2026021905;    3;   1.7;  87.0;eor
       2667;2026021906;    3;   1.0;  91.0;eor
       2667;2026021907;    3;   1.6;  87.0;eor
       2667;2026021908;    3;   0.9;  91.0;eor
       2667;2026021909;    3;   1.4;  90.0;eor
       2667;2026021910;    3;   2.4;  84.0;eor
       2667;2026021911;    3;   3.2;  79.0;eor
       2667;2026021912;    3;   3.8;  77.0;eor
       2667;2026021913;    3;   4.0;  76.0;eor
       2667;2026021914;    3;   3.9;  76.0;eor
       2667;2026021915;    3;   4.0;  75.0;eor
       2667;2026021916;    3;   4.1;  75.0;eor
       2667;2026021917;    3;   4.1;  74.0;eor
       2667;2026021918;    3;   3.7;  77.0;eor
       2667;2026021919;    3;   2.8;  79.0;eor
       2667;2026021920;    3;   2.7;  78.0;eor
       2667;2026021921;    3;   3.0;  73.0;eor
       2667;2026021922;    3;   2.8;  71.0;eor
       2667;2026021923;    3;   1.9;  72.0;eor
       2667;2026022000;    3;   1.2;  74.0;eor
       2667;2026022001;    3;   0.3;  79.0;eor
       2667;2026022002;    3;  -0.9;  84.0;eor
       2667;2026022003;    3;  -0.4;  80.0;eor
       2667;2026022004;    3;  -1.2;  85.0;eor
       2667;2026022005;    3;  -0.2;  78.0;eor
       2667;2026022006;    3;   0.4;  73.0;eor
       2667;2026022007;    3;   0.5;  71.0;eor
       2667;2026022008;    3;   0.7;  71.0;eor
       2667;2026022009;    3;   0.9;  77.0;eor
       2667;2026022010;    3;   1.5;  81.0;eor
       2667;2026022011;    3;   2.4;  81.0;eor
       2667;2026022012;    3;   3.8;  77.0;eor
       2667;2026022013;    3;   4.3;  78.0;eor
       2667;2026022014;    3;   4.8;  79.0;eor
       2667;2026022015;    3;   5.5;  80.0;eor
       2667;2026022016;    3;   5.9;  79.0;eor
       2667;2026022017;    3;   5.4;  80.0;eor
       2667;2026022018;    3;   4.7;  86.0;eor
       2667;2026022019;    3;   5.2;  85.0;eor
       2667;2026022020;    3;   5.5;  85.0;eor
       2667;2026022021;    3;   5.9;  83.0;eor
       2667;2026022022;    3;   5.7;  88.0;eor
       2667;2026022023;    3;   5.9;  90.0;eor
       2667;2026022100;    3;   6.9;  84.0;eor
       2667;2026022101;    3;   7.7;  82.0;eor
       2667;2026022102;    3;   8.0;  84.0;eor
       2667;2026022103;    3;   8.6;  82.0;eor
       2667;2026022104;    3;   8.8;  81.0;eor
       2667;2026022105;    3;   8.8;  81.0;eor
       2667;2026022106;    3;   9.0;  79.0;eor
       2667;2026022107;    3;   8.7;  80.0;eor
       2667;2026022108;    3;   8.8;  81.0;eor
       2667;2026022109;    3;   9.3;  78.0;eor
       2667;2026022110;    3;   9.6;  77.0;eor
       2667;2026022111;    3;   9.6;  77.0;eor
       2667;2026022112;    3;   9.1;  86.0;eor
       2667;2026022113;    3;   8.5;  94.0;eor
       2667;2026022114;    3;   8.7;  96.0;eor
       2667;2026022115;    3;   8.9;  97.0;eor
       2667;2026022116;    3;  10.0;  90.0;eor
       2667;2026022117;    3;  10.1;  88.0;eor
       2667;2026022118;    3;  10.2;  83.0;eor
       2667;2026022119;    3;  10.1;  81.0;eor
       2667;2026022120;    3;  10.0;  86.0;eor
       2667;2026022121;    3;   8.9;  96.0;eor
       2667;2026022122;    3;   8.9;  96.0;eor
       2667;2026022123;    3;   9.2;  95.0;eor
       2667;2026022200;    3;   9.8;  92.0;eor
       2667;2026022201;    3;   9.9;  97.0;eor
       2667;2026022202;    3;  10.1;  97.0;eor
       2667;2026022203;    3;  10.4;  95.0;eor
       2667;2026022204;    3;  10.8;  95.0;eor
       2667;2026022205;    3;  10.9;  95.0;eor
       2667;2026022206;    3;  10.9;  96.0;eor
       2667;2026022207;    3;  11.5;  91.0;eor
       2667;2026022208;    3;  11.9;  88.0;eor
       2667;2026022209;    3;  11.9;  89.0;eor
       2667;2026022210;    3;  12.7;  84.0;eor
       2667;2026022211;    3;  12.6;  83.0;eor
       2667;2026022212;    3;  12.5;  85.0;eor
       2667;2026022213;    3;  12.6;  86.0;eor
       2667;2026022214;    3;  12.9;  82.0;eor
       2667;2026022215;    3;  12.3;  87.0;eor
       2667;2026022216;    3;  11.9;  90.0;eor
       2667;2026022217;    3;  11.4;  93.0;eor
       2667;2026022218;    3;  11.1;  95.0;eor
       2667;2026022219;    3;  10.8;  95.0;eor
       2667;2026022220;    3;  10.6;  91.0;eor
       2667;2026022221;    3;  10.1;  94.0;eor
       2667;2026022222;    3;   9.9;  95.0;eor
       2667;2026022223;    3;  10.4;  93.0;eor
       2667;2026022300;    3;  10.5;  85.0;eor
       2667;2026022301;    3;  10.1;  83.0;eor
       2667;2026022302;    3;   9.5;  85.0;eor
       2667;2026022303;    3;   8.1;  87.0;eor
       2667;2026022304;    3;   7.6;  87.0;eor
       2667;2026022305;    3;   7.3;  88.0;eor
       2667;2026022306;    3;   8.3;  84.0;eor
       2667;2026022307;    3;   8.9;  82.0;eor
       2667;2026022308;    3;   9.4;  80.0;eor
       2667;2026022309;    3;  10.1;  71.0;eor
       2667;2026022310;    3;  10.6;  68.0;eor
       2667;2026022311;    3;  10.8;  67.0;eor
       2667;2026022312;    3;  10.9;  66.0;eor
       2667;2026022313;    3;  11.2;  63.0;eor
       2667;2026022314;    3;  11.5;  61.0;eor
       2667;2026022315;    3;  12.5;  58.0;eor
       2667;2026022316;    3;  11.1;  65.0;eor
       2667;2026022317;    3;   9.3;  82.0;eor
       2667;2026022318;    3;   9.1;  85.0;eor
       2667;2026022319;    3;   9.6;  81.0;eor
       2667;2026022320;    3;   9.9;  78.0;eor
       2667;2026022321;    3;  10.0;  77.0;eor
       2667;2026022322;    3;   9.3;  84.0;eor
       2667;2026022323;    3;   9.3;  87.0;eor
       2667;2026022400;    3;   9.3;  90.0;eor
       2667;2026022401;    3;   9.0;  90.0;eor
       2667;2026022402;    3;   8.7;  93.0;eor
       2667;2026022403;    3;   9.0;  92.0;eor
       2667;2026022404;    3;   8.7;  94.0;eor
       2667;2026022405;    3;   8.4;  97.0;eor
       2667;2026022406;    3;   8.1;  97.0;eor
       2667;2026022407;    3;   8.5;  96.0;eor
       2667;2026022408;    3;   8.7;  97.0;eor
       2667;2026022409;    3;   9.2;  97.0;eor
       2667;2026022410;    3;   9.6;  96.0;eor
       2667;2026022411;    3;  10.1;  90.0;eor
       2667;2026022412;    3;  10.8;  88.0;eor
       2667;2026022413;    3;  11.1;  87.0;eor
       2667;2026022414;    3;  11.5;  86.0;eor
       2667;2026022415;    3;  11.9;  85.0;eor
       2667;2026022416;    3;  11.9;  85.0;eor
       2667;2026022417;    3;  11.6;  87.0;eor
       2667;2026022418;    3;  11.3;  90.0;eor
       2667;2026022419;    3;  10.7;  92.0;eor
       2667;2026022420;    3;  10.8;  91.0;eor
       2667;2026022421;    3;  10.6;  91.0;eor
       2667;2026022422;    3;  10.4;  92.0;eor
       2667;2026022423;    3;   9.8;  94.0;eor
       2667;2026022500;    3;   9.3;  96.0;eor
       2667;2026022501;    3;  10.0;  95.0;eor
       2667;2026022502;    3;  10.3;  93.0;eor
       2667;2026022503;    3;  10.4;  91.0;eor
       2667;2026022504;    3;   9.9;  92.0;eor
       2667;2026022505;    3;   9.7;  91.0;eor
       2667;2026022506;    3;   9.8;  89.0;eor
       2667;2026022507;    3;  10.1;  88.0;eor
       2667;2026022508;    3;  10.7;  85.0;eor
       2667;2026022509;    3;  11.4;  81.0;eor
       2667;2026022510;    3;  12.6;  77.0;eor
       2667;2026022511;    3;  13.0;  74.0;eor
       2667;2026022512;    3;  14.1;  70.0;eor
       2667;2026022513;    3;  15.2;  67.0;eor
       2667;2026022514;    3;  15.7;  64.0;eor
       2667;2026022515;    3;  15.7;  64.0;eor
       2667;2026022516;    3;  15.4;  65.0;eor
       2667;2026022517;    3;  14.3;  71.0;eor
       2667;2026022518;    3;  13.4;  74.0;eor
       2667;2026022519;    3;  12.3;  77.0;eor
       2667;2026022520;    3;  11.5;  79.0;eor
       2667;2026022521;    3;  11.2;  78.0;eor
       2667;2026022522;    3;  11.2;  77.0;eor
       2667;2026022523;    3;  10.9;  80.0;eor
       2667;2026022600;    3;  10.7;  82.0;eor
       2667;2026022601;    3;  10.1;  85.0;eor
       2667;2026022602;    3;   9.8;  86.0;eor
       2667;2026022603;    3;   9.4;  87.0;eor
       2667;2026022604;    3;   8.6;  89.0;eor
       2667;2026022605;    3;   7.9;  92.0;eor
       2667;2026022606;    3;   7.8;  94.0;eor
       2667;2026022607;    3;   7.9;  94.0;eor
       2667;2026022608;    3;   9.2;  89.0;eor
       2667;2026022609;    3;  11.1;  81.0;eor
       2667;2026022610;    3;  12.8;  77.0;eor
       2667;2026022611;    3;  13.9;  72.0;eor
       2667;2026022612;    3;  15.2;  67.0;eor
       2667;2026022613;    3;  16.3;  64.0;eor
       2667;2026022614;    3;  17.9;  59.0;eor
       2667;2026022615;    3;  18.1;  60.0;eor
       2667;2026022616;    3;  16.8;  62.0;eor
       2667;2026022617;    3;  15.0;  67.0;eor
       2667;2026022618;    3;  14.0;  73.0;eor
       2667;2026022619;    3;  13.2;  76.0;eor
       2667;2026022620;    3;  11.9;  81.0;eor
       2667;2026022621;    3;  11.1;  82.0;eor
       2667;2026022622;    3;  11.0;  81.0;eor
       2667;2026022623;    3;  11.5;  80.0;eor
       2667;2026022700;    3;  11.3;  79.0;eor
       2667;2026022701;    3;  11.0;  80.0;eor
       2667;2026022702;    3;  10.8;  79.0;eor
       2667;2026022703;    3;  10.3;  81.0;eor
       2667;2026022704;    3;   9.8;  82.0;eor
       2667;2026022705;    3;   9.6;  83.0;eor
       2667;2026022706;    3;   9.7;  85.0;eor
       2667;2026022707;    3;   9.4;  87.0;eor
       2667;2026022708;    3;  11.4;  79.0;eor
       2667;2026022709;    3;  13.1;  74.0;eor
       2667;2026022710;    3;  15.5;  65.0;eor
       2667;2026022711;    3;  17.3;  59.0;eor
       2667;2026022712;    3;  19.1;  48.0;eor
       2667;2026022713;    3;  20.1;  42.0;eor
       2667;2026022714;    3;  19.6;  43.0;eor
       2667;2026022715;    3;  19.6;  44.0;eor
       2667;2026022716;    3;  19.0;  46.0;eor
       2667;2026022717;    3;  17.1;  52.0;eor
       2667;2026022718;    3;  15.4;  57.0;eor
       2667;2026022719;    3;  14.8;  61.0;eor
       2667;2026022720;    3;  15.2;  59.0;eor
       2667;2026022721;    3;  13.9;  64.0;eor
       2667;2026022722;    3;  14.5;  62.0;eor
       2667;2026022723;    3;  14.3;  61.0;eor
       2667;2026022800;    3;  14.2;  60.0;eor
       2667;2026022801;    3;  14.0;  60.0;eor
       2667;2026022802;    3;  13.9;  60.0;eor
       2667;2026022803;    3;  13.1;  64.0;eor
       2667;2026022804;    3;  12.8;  66.0;eor
       2667;2026022805;    3;  12.3;  68.0;eor
       2667;2026022806;    3;  12.4;  66.0;eor
       2667;2026022807;    3;  11.7;  61.0;eor
       2667;2026022808;    3;  11.4;  63.0;eor
       2667;2026022809;    3;  12.1;  59.0;eor
       2667;2026022810;    3;  12.6;  56.0;eor
       2667;2026022811;    3;  13.4;  53.0;eor
       2667;2026022812;    3;  13.9;  50.0;eor
       2667;2026022813;    3;  14.5;  46.0;eor
       2667;2026022814;    3;  13.7;  52.0;eor
       2667;2026022815;    3;  12.5;  50.0;eor
       2667;2026022816;    3;  12.3;  50.0;eor
       2667;2026022817;    3;  10.8;  58.0;eor
       2667;2026022818;    3;   9.8;  66.0;eor
       2667;2026022819;    3;   9.2;  69.0;eor
       2667;2026022820;    3;   7.4;  76.0;eor
       2667;2026022821;    3;   7.7;  75.0;eor
       2667;2026022822;    3;   7.3;  75.0;eor
       2667;2026022823;    3;   6.1;  77.0;eor
       2667;2026030100;    3;   4.8;  79.0;eor
       2667;2026030101;    3;   4.3;  78.0;eor
       2667;2026030102;    3;   3.9;  82.0;eor
       2667;2026030103;    3;   3.1;  82.0;eor
       2667;2026030104;    3;   3.4;  83.0;eor
       2667;2026030105;    3;   3.9;  83.0;eor
       2667;2026030106;    3;   3.8;  85.0;eor
       2667;2026030107;    3;   3.2;  85.0;eor
       2667;2026030108;    3;   5.3;  77.0;eor
       2667;2026030109;    3;   7.5;  72.0;eor
       2667;2026030110;    3;   9.8;  63.0;eor
       2667;2026030111;    3;  12.2;  54.0;eor
       2667;2026030112;    3;  13.7;  46.0;eor
       2667;2026030113;    3;  13.8;  47.0;eor
       2667;2026030114;    3;  13.7;  46.0;eor
       2667;2026030115;    3;  13.4;  48.0;eor
       2667;2026030116;    3;  13.1;  48.0;eor
       2667;2026030117;    3;  12.4;  51.0;eor
       2667;2026030118;    3;   9.5;  61.0;eor
       2667;2026030119;    3;   9.3;  63.0;eor
       2667;2026030120;    3;   8.6;  66.0;eor
       2667;2026030121;    3;   8.2;  67.0;eor
       2667;2026030122;    3;   7.4;  70.0;eor
       2667;2026030123;    3;   6.8;  73.0;eor
       2667;2026030200;    3;   6.6;  74.0;eor
       2667;2026030201;    3;   4.7;  79.0;eor
       2667;2026030202;    3;   4.9;  79.0;eor
       2667;2026030203;    3;   6.1;  75.0;eor
       2667;2026030204;    3;   5.8;  75.0;eor
       2667;2026030205;    3;   5.5;  75.0;eor
       2667;2026030206;    3;   5.1;  76.0;eor
       2667;2026030207;    3;   5.2;  77.0;eor
       2667;2026030208;    3;   7.6;  69.0;eor
       2667;2026030209;    3;   9.4;  64.0;eor
       2667;2026030210;    3;  11.3;  60.0;eor
       2667;2026030211;    3;  13.2;  52.0;eor
       2667;2026030212;    3;  14.7;  46.0;eor
       2667;2026030213;    3;  15.6;  42.0;eor
       2667;2026030214;    3;  16.7;  41.0;eor
       2667;2026030215;    3;  16.1;  40.0;eor
       2667;2026030216;    3;  15.7;  41.0;eor
       2667;2026030217;    3;  14.8;  45.0;eor
       2667;2026030218;    3;  12.6;  51.0;eor
       2667;2026030219;    3;  12.1;  50.0;eor
       2667;2026030220;    3;  11.3;  54.0;eor
       2667;2026030221;    3;  10.5;  58.0;eor
       2667;2026030222;    3;   9.9;  59.0;eor
       2667;2026030223;    3;   8.9;  62.0;eor
       2667;2026030300;    3;   8.9;  62.0;eor
       2667;2026030301;    3;   8.2;  65.0;eor
       2667;2026030302;    3;   5.5;  73.0;eor
       2667;2026030303;    3;   6.8;  71.0;eor
       2667;2026030304;    3;   5.5;  76.0;eor
       2667;2026030305;    3;   3.3;  81.0;eor
       2667;2026030306;    3;   6.3;  74.0;eor
       2667;2026030307;    3;   2.6;  85.0;eor
       2667;2026030308;    3;   8.0;  69.0;eor
       2667;2026030309;    3;  10.5;  61.0;eor
       2667;2026030310;    3;  12.7;  54.0;eor
       2667;2026030311;    3;  15.3;  48.0;eor
       2667;2026030312;    3;  16.8;  45.0;eor
       2667;2026030313;    3;  17.2;  45.0;eor
       2667;2026030314;    3;  18.3;  41.0;eor
       2667;2026030315;    3;  18.2;  40.0;eor
       2667;2026030316;    3;  17.7;  42.0;eor
       2667;2026030317;    3;  15.0;  51.0;eor
       2667;2026030318;    3;  13.7;  56.0;eor
       2667;2026030319;    3;  12.2;  62.0;eor
       2667;2026030320;    3;   9.3;  74.0;eor
       2667;2026030321;    3;   8.5;  77.0;eor
       2667;2026030322;    3;   7.3;  83.0;eor
       2667;2026030323;    3;   5.7;  85.0;eor
       2667;2026030400;    3;   4.8;  90.0;eor
       2667;2026030401;    3;   5.8;  84.0;eor
       2667;2026030402;    3;   3.2;  92.0;eor
       2667;2026030403;    3;   2.1;  92.0;eor
       2667;2026030404;    3;   1.4;  93.0;eor
       2667;2026030405;    3;   2.7;  95.0;eor
       2667;2026030406;    3;   1.1;  95.0;eor
       2667;2026030407;    3;   1.4;  96.0;eor
       2667;2026030408;    3;   4.5;  83.0;eor
       2667;2026030409;    3;   9.4;  72.0;eor
       2667;2026030410;    3;  12.0;  63.0;eor
       2667;2026030411;    3;  14.5;  54.0;eor
       2667;2026030412;    3;  16.1;  47.0;eor
       2667;2026030413;    3;  16.9;  44.0;eor
       2667;2026030414;    3;  17.8;  43.0;eor
       2667;2026030415;    3;  18.0;  42.0;eor
       2667;2026030416;    3;  17.4;  43.0;eor
       2667;2026030417;    3;  16.2;  43.0;eor
       2667;2026030418;    3;  11.9;  57.0;eor
       2667;2026030419;    3;   8.7;  68.0;eor
       2667;2026030420;    3;  12.0;  58.0;eor
       2667;2026030421;    3;  10.5;  64.0;eor
       2667;2026030422;    3;   9.7;  69.0;eor
       2667;2026030423;    3;   8.6;  73.0;eor
       2667;2026030500;    3;   9.1;  71.0;eor
       2667;2026030501;    3;   8.1;  74.0;eor
       2667;2026030502;    3;   7.6;  75.0;eor
       2667;2026030503;    3;   7.7;  74.0;eor
       2667;2026030504;    3;   7.6;  74.0;eor
       2667;2026030505;    3;   7.2;  75.0;eor
       2667;2026030506;    3;   6.9;  75.0;eor
       2667;2026030507;    3;   7.5;  73.0;eor
       2667;2026030508;    3;   9.3;  65.0;eor
       2667;2026030509;    3;  11.6;  55.0;eor
       2667;2026030510;    3;  13.5;  51.0;eor
       2667;2026030511;    3;  14.8;  44.0;eor
       2667;2026030512;    3;  16.3;  38.0;eor
       2667;2026030513;    3;  16.8;  36.0;eor
       2667;2026030514;    3;  16.9;  35.0;eor
       2667;2026030515;    3;  17.5;  32.0;eor
       2667;2026030516;    3;  17.2;  31.0;eor
       2667;2026030517;    3;  15.8;  35.0;eor
       2667;2026030518;    3;  14.3;  41.0;eor
       2667;2026030519;    3;  10.1;  51.0;eor
       2667;2026030520;    3;  11.4;  48.0;eor
       2667;2026030521;    3;  11.1;  50.0;eor
       2667;2026030522;    3;   9.5;  56.0;eor
       2667;2026030523;    3;   9.7;  56.0;eor
       2667;2026030600;    3;   9.2;  59.0;eor
       2667;2026030601;    3;   9.0;  60.0;eor
       2667;2026030602;    3;   9.0;  60.0;eor
       2667;2026030603;    3;   7.4;  66.0;eor
       2667;2026030604;    3;   8.5;  62.0;eor
       2667;2026030605;    3;   7.7;  65.0;eor
       2667;2026030606;    3;   7.5;  65.0;eor
       2667;2026030607;    3;   8.2;  62.0;eor
       2667;2026030608;    3;   9.2;  61.0;eor
       2667;2026030609;    3;  11.3;  56.0;eor
       2667;2026030610;    3;  13.4;  51.0;eor
       2667;2026030611;    3;  15.0;  48.0;eor
       2667;2026030612;    3;  16.5;  44.0;eor
       2667;2026030613;    3;  16.9;  42.0;eor
       2667;2026030614;    3;  18.0;  38.0;eor
       2667;2026030615;    3;  18.6;  35.0;eor
       2667;2026030616;    3;  17.9;  39.0;eor
       2667;2026030617;    3;  15.3;  46.0;eor
       2667;2026030618;    3;  12.0;  56.0;eor
       2667;2026030619;    3;  11.8;  56.0;eor
       2667;2026030620;    3;  10.0;  65.0;eor
       2667;2026030621;    3;   8.7;  73.0;eor
       2667;2026030622;    3;   6.9;  81.0;eor
       2667;2026030623;    3;   6.4;  83.0;eor
       2667;2026030700;    3;   5.5;  85.0;eor
       2667;2026030701;    3;   5.4;  85.0;eor
       2667;2026030702;    3;   4.3;  89.0;eor
       2667;2026030703;    3;   4.9;  87.0;eor
       2667;2026030704;    3;   4.1;  90.0;eor
       2667;2026030705;    3;   2.8;  93.0;eor
       2667;2026030706;    3;   2.9;  92.0;eor
       2667;2026030707;    3;   2.8;  92.0;eor
       2667;2026030708;    3;   6.2;  87.0;eor
       2667;2026030709;    3;   8.9;  69.0;eor
       2667;2026030710;    3;  12.4;  56.0;eor
       2667;2026030711;    3;  14.2;  53.0;eor
       2667;2026030712;    3;  16.3;  45.0;eor
       2667;2026030713;    3;  17.2;  43.0;eor
       2667;2026030714;    3;  17.9;  40.0;eor
       2667;2026030715;    3;  18.3;  39.0;eor
       2667;2026030716;    3;  17.8;  44.0;eor
       2667;2026030717;    3;  14.8;  53.0;eor
       2667;2026030718;    3;  13.9;  55.0;eor
       2667;2026030719;    3;  11.6;  59.0;eor
       2667;2026030720;    3;  11.3;  60.0;eor
       2667;2026030721;    3;   9.6;  68.0;eor
       2667;2026030722;    3;   7.3;  77.0;eor
       2667;2026030723;    3;   5.9;  84.0;eor
       2667;2026030800;    3;   4.9;  86.0;eor
       2667;2026030801;    3;   4.1;  86.0;eor
       2667;2026030802;    3;   4.4;  88.0;eor
       2667;2026030803;    3;   3.3;  91.0;eor
       2667;2026030804;    3;   2.6;  93.0;eor
       2667;2026030805;    3;   2.5;  94.0;eor
       2667;2026030806;    3;   1.7;  95.0;eor
       2667;2026030807;    3;   1.5;  92.0;eor
       2667;2026030808;    3;   5.9;  86.0;eor
       2667;2026030809;    3;  10.8;  62.0;eor
       2667;2026030810;    3;  13.1;  50.0;eor
       2667;2026030811;    3;  15.8;  43.0;eor
       2667;2026030812;    3;  17.7;  37.0;eor
       2667;2026030813;    3;  18.6;  36.0;eor
       2667;2026030814;    3;  19.1;  32.0;eor
       2667;2026030815;    3;  19.2;  31.0;eor
       2667;2026030816;    3;  18.9;  32.0;eor
       2667;2026030817;    3;  16.1;  40.0;eor
       2667;2026030818;    3;  15.2;  42.0;eor
       2667;2026030819;    3;  14.0;  47.0;eor
       2667;2026030820;    3;  12.8;  53.0;eor
       2667;2026030821;    3;  12.3;  55.0;eor
       2667;2026030822;    3;  11.5;  59.0;eor
       2667;2026030823;    3;   7.5;  74.0;eor
       2667;2026030900;    3;   6.4;  77.0;eor
       2667;2026030901;    3;   6.7;  67.0;eor
       2667;2026030902;    3;   4.8;  80.0;eor
       2667;2026030903;    3;   3.5;  85.0;eor
       2667;2026030904;    3;   3.7;  87.0;eor
       2667;2026030905;    3;   3.7;  86.0;eor
       2667;2026030906;    3;   1.8;  90.0;eor
       2667;2026030907;    3;   2.1;  88.0;eor
       2667;2026030908;    3;   7.2;  79.0;eor
       2667;2026030909;    3;  10.2;  65.0;eor
       2667;2026030910;    3;  13.0;  56.0;eor
       2667;2026030911;    3;  15.7;  48.0;eor
       2667;2026030912;    3;  16.8;  49.0;eor
       2667;2026030913;    3;  17.5;  41.0;eor
       2667;2026030914;    3;  18.0;  40.0;eor
       2667;2026030915;    3;  18.5;  41.0;eor
       2667;2026030916;    3;  18.1;  42.0;eor
       2667;2026030917;    3;  16.6;  48.0;eor
       2667;2026030918;    3;  14.2;  55.0;eor
       2667;2026030919;    3;  13.1;  60.0;eor
       2667;2026030920;    3;  10.6;  67.0;eor
       2667;2026030921;    3;   8.9;  74.0;eor
       2667;2026030922;    3;   7.5;  80.0;eor
       2667;2026030923;    3;   5.7;  82.0;eor
       2667;2026031000;    3;   6.0;  85.0;eor
       2667;2026031001;    3;   4.4;  89.0;eor
       2667;2026031002;    3;   5.5;  85.0;eor
       2667;2026031003;    3;   6.4;  81.0;eor
       2667;2026031004;    3;   6.3;  81.0;eor
       2667;2026031005;    3;   5.4;  81.0;eor
       2667;2026031006;    3;   3.0;  84.0;eor
       2667;2026031007;    3;   6.5;  78.0;eor
       2667;2026031008;    3;   9.5;  68.0;eor
       2667;2026031009;    3;  11.3;  65.0;eor
       2667;2026031010;    3;  13.7;  58.0;eor
       2667;2026031011;    3;  15.5;  53.0;eor
       2667;2026031012;    3;  15.4;  58.0;eor
       2667;2026031013;    3;  16.2;  54.0;eor
       2667;2026031014;    3;  16.7;  51.0;eor
       2667;2026031015;    3;  16.6;  53.0;eor
       2667;2026031016;    3;  14.2;  66.0;eor
       2667;2026031017;    3;  13.4;  67.0;eor
       2667;2026031018;    3;  13.5;  64.0;eor
       2667;2026031019;    3;  11.6;  72.0;eor
       2667;2026031020;    3;   9.8;  75.0;eor
       2667;2026031021;    3;  10.8;  76.0;eor
       2667;2026031022;    3;  11.2;  74.0;eor
       2667;2026031023;    3;  11.0;  74.0;eor
       2667;2026031100;    3;  10.2;  78.0;eor
       2667;2026031101;    3;  10.0;  79.0;eor
       2667;2026031102;    3;  10.3;  77.0;eor
       2667;2026031103;    3;  10.3;  75.0;eor
       2667;2026031104;    3;   9.9;  78.0;eor
       2667;2026031105;    3;  10.5;  71.0;eor
       2667;2026031106;    3;  10.1;  73.0;eor
       2667;2026031107;    3;  10.2;  76.0;eor
       2667;2026031108;    3;  11.0;  75.0;eor
       2667;2026031109;    3;  11.9;  72.0;eor
       2667;2026031110;    3;  11.6;  75.0;eor
       2667;2026031111;    3;  10.7;  83.0;eor
       2667;2026031112;    3;  10.6;  85.0;eor
       2667;2026031113;    3;  10.6;  86.0;eor
       2667;2026031114;    3;   9.6;  85.0;eor
       2667;2026031115;    3;   9.5;  90.0;eor
       2667;2026031116;    3;   9.4;  90.0;eor
       2667;2026031117;    3;   9.1;  94.0;eor
       2667;2026031118;    3;   9.5;  83.0;eor
       2667;2026031119;    3;   8.0;  90.0;eor
       2667;2026031120;    3;   8.0;  90.0;eor
       2667;2026031121;    3;   7.3;  91.0;eor
       2667;2026031122;    3;   6.8;  92.0;eor
       2667;2026031123;    3;   5.7;  94.0;eor
       2667;2026031200;    3;   5.2;  94.0;eor
       2667;2026031201;    3;   4.3;  95.0;eor
       2667;2026031202;    3;   4.2;  93.0;eor
       2667;2026031203;    3;   4.2;  93.0;eor
       2667;2026031204;    3;   4.2;  92.0;eor
       2667;2026031205;    3;   4.1;  91.0;eor
       2667;2026031206;    3;   2.8;  91.0;eor
       2667;2026031207;    3;   4.0;  89.0;eor
       2667;2026031208;    3;   6.1;  85.0;eor
       2667;2026031209;    3;   8.0;  80.0;eor
       2667;2026031210;    3;   9.9;  64.0;eor
       2667;2026031211;    3;  10.2;  61.0;eor
       2667;2026031212;    3;  10.0;  58.0;eor
       2667;2026031213;    3;  11.4;  51.0;eor
       2667;2026031214;    3;  11.8;  52.0;eor
       2667;2026031215;    3;  11.9;  50.0;eor
       2667;2026031216;    3;  11.8;  50.0;eor
       2667;2026031217;    3;  11.3;  52.0;eor
       2667;2026031218;    3;  10.1;  56.0;eor
       2667;2026031219;    3;   7.8;  66.0;eor
       2667;2026031220;    3;   8.1;  65.0;eor
       2667;2026031221;    3;   8.1;  65.0;eor
       2667;2026031222;    3;   6.8;  70.0;eor
       2667;2026031223;    3;   5.9;  73.0;eor
       2667;2026031300;    3;   7.0;  71.0;eor
       2667;2026031301;    3;   7.9;  67.0;eor
       2667;2026031302;    3;   6.8;  71.0;eor
       2667;2026031303;    3;   8.5;  66.0;eor
       2667;2026031304;    3;   8.8;  65.0;eor
       2667;2026031305;    3;   8.4;  68.0;eor
       2667;2026031306;    3;   8.4;  71.0;eor
       2667;2026031307;    3;   9.4;  69.0;eor
       2667;2026031308;    3;  11.0;  65.0;eor
       2667;2026031309;    3;  11.4;  64.0;eor
       2667;2026031310;    3;  11.4;  66.0;eor
       2667;2026031311;    3;  11.3;  67.0;eor
       2667;2026031312;    3;  10.3;  79.0;eor
       2667;2026031313;    3;  10.8;  75.0;eor
       2667;2026031314;    3;  11.7;  73.0;eor
       2667;2026031315;    3;   7.9;  92.0;eor
       2667;2026031316;    3;   7.4;  91.0;eor
       2667;2026031317;    3;   6.7;  93.0;eor
       2667;2026031318;    3;   6.2;  94.0;eor
       2667;2026031319;    3;   5.8;  94.0;eor
       2667;2026031320;    3;   5.4;  95.0;eor
       2667;2026031321;    3;   4.9;  94.0;eor
       2667;2026031322;    3;   4.5;  93.0;eor
       2667;2026031323;    3;   4.0;  91.0;eor
       2667;2026031400;    3;   3.9;  93.0;eor
       2667;2026031401;    3;   3.7;  93.0;eor
       2667;2026031402;    3;   3.6;  94.0;eor
       2667;2026031403;    3;   3.5;  93.0;eor
       2667;2026031404;    3;   3.4;  94.0;eor
       2667;2026031405;    3;   3.3;  94.0;eor
       2667;2026031406;    3;   3.3;  95.0;eor
       2667;2026031407;    3;   3.3;  93.0;eor
       2667;2026031408;    3;   3.4;  92.0;eor
       2667;2026031409;    3;   3.5;  91.0;eor
       2667;2026031410;    3;   4.6;  87.0;eor
       2667;2026031411;    3;   4.4;  90.0;eor
       2667;2026031412;    3;   4.5;  84.0;eor
       2667;2026031413;    3;   4.3;  81.0;eor
       2667;2026031414;    3;   4.0;  85.0;eor
       2667;2026031415;    3;   4.1;  83.0;eor
       2667;2026031416;    3;   4.0;  84.0;eor
       2667;2026031417;    3;   3.8;  88.0;eor
       2667;2026031418;    3;   3.6;  88.0;eor
       2667;2026031419;    3;   3.2;  88.0;eor
       2667;2026031420;    3;   3.3;  89.0;eor
       2667;2026031421;    3;   2.5;  92.0;eor
       2667;2026031422;    3;   2.5;  94.0;eor
       2667;2026031423;    3;   2.3;  94.0;eor
       2667;2026031500;    3;   2.5;  95.0;eor
       2667;2026031501;    3;   2.7;  95.0;eor
       2667;2026031502;    3;   2.7;  95.0;eor
       2667;2026031503;    3;   3.0;  95.0;eor
       2667;2026031504;    3;   3.2;  95.0;eor
       2667;2026031505;    3;   3.4;  94.0;eor
       2667;2026031506;    3;   3.5;  94.0;eor
       2667;2026031507;    3;   3.8;  94.0;eor
       2667;2026031508;    3;   4.7;  86.0;eor
       2667;2026031509;    3;   5.9;  81.0;eor
       2667;2026031510;    3;   7.3;  70.0;eor
       2667;2026031511;    3;   7.2;  62.0;eor
       2667;2026031512;    3;   8.3;  56.0;eor
       2667;2026031513;    3;   8.8;  56.0;eor
       2667;2026031514;    3;   9.2;  53.0;eor
       2667;2026031515;    3;   9.8;  50.0;eor
       2667;2026031516;    3;   9.4;  51.0;eor
       2667;2026031517;    3;   8.9;  55.0;eor
       2667;2026031518;    3;   6.7;  63.0;eor
       2667;2026031519;    3;   5.7;  66.0;eor
       2667;2026031520;    3;   4.3;  74.0;eor
       2667;2026031521;    3;   3.8;  75.0;eor
       2667;2026031522;    3;   3.4;  75.0;eor
       2667;2026031523;    3;   5.4;  70.0;eor
       2667;2026031600;    3;   6.1;  68.0;eor
       2667;2026031601;    3;   4.9;  84.0;eor
       2667;2026031602;    3;   4.5;  89.0;eor
       2667;2026031603;    3;   5.1;  82.0;eor
       2667;2026031604;    3;   5.4;  83.0;eor
       2667;2026031605;    3;   6.0;  85.0;eor
       2667;2026031606;    3;   6.2;  81.0;eor
       2667;2026031607;    3;   3.0;  87.0;eor
       2667;2026031608;    3;   4.4;  85.0;eor
       2667;2026031609;    3;   6.5;  83.0;eor
       2667;2026031610;    3;   7.0;  80.0;eor
       2667;2026031611;    3;   8.5;  70.0;eor
       2667;2026031612;    3;   7.8;  67.0;eor
       2667;2026031613;    3;   9.3;  60.0;eor
       2667;2026031614;    3;   9.1;  66.0;eor
       2667;2026031615;    3;   9.3;  61.0;eor
       2667;2026031616;    3;   9.6;  56.0;eor
       2667;2026031617;    3;   8.9;  60.0;eor
       2667;2026031618;    3;   7.3;  71.0;eor
       2667;2026031619;    3;   6.3;  74.0;eor
       2667;2026031620;    3;   5.7;  78.0;eor
       2667;2026031621;    3;   5.4;  79.0;eor
       2667;2026031622;    3;   5.9;  80.0;eor
       2667;2026031623;    3;   6.0;  80.0;eor
       2667;2026031700;    3;   6.1;  81.0;eor
       2667;2026031701;    3;   6.2;  81.0;eor
       2667;2026031702;    3;   6.4;  83.0;eor
       2667;2026031703;    3;   6.1;  86.0;eor
       2667;2026031704;    3;   6.8;  82.0;eor
       2667;2026031705;    3;   6.4;  84.0;eor
       2667;2026031706;    3;   6.7;  84.0;eor
       2667;2026031707;    3;   6.8;  88.0;eor
       2667;2026031708;    3;   7.3;  87.0;eor
       2667;2026031709;    3;   8.5;  86.0;eor
       2667;2026031710;    3;  10.5;  75.0;eor
       2667;2026031711;    3;  10.8;  73.0;eor
       2667;2026031712;    3;  11.3;  72.0;eor
       2667;2026031713;    3;  12.1;  69.0;eor
       2667;2026031714;    3;  12.3;  67.0;eor
       2667;2026031715;    3;  12.6;  65.0;eor
       2667;2026031716;    3;  12.4;  63.0;eor
       2667;2026031717;    3;  12.3;  66.0;eor
       2667;2026031718;    3;  11.8;  68.0;eor
       2667;2026031719;    3;  11.3;  70.0;eor
       2667;2026031720;    3;  10.9;  71.0;eor
       2667;2026031721;    3;   9.9;  73.0;eor
       2667;2026031722;    3;   8.3;  80.0;eor
       2667;2026031723;    3;   8.1;  79.0;eor
       2667;2026031800;    3;   7.3;  80.0;eor
       2667;2026031801;    3;   7.2;  80.0;eor
       2667;2026031802;    3;   7.8;  72.0;eor
       2667;2026031803;    3;   7.0;  73.0;eor
       2667;2026031804;    3;   6.2;  72.0;eor
       2667;2026031805;    3;   5.7;  70.0;eor
       2667;2026031806;    3;   4.9;  73.0;eor
       2667;2026031807;    3;   6.1;  66.0;eor
       2667;2026031808;    3;   8.2;  56.0;eor
       2667;2026031809;    3;   9.8;  48.0;eor
       2667;2026031810;    3;  11.4;  39.0;eor
       2667;2026031811;    3;  12.4;  35.0;eor
       2667;2026031812;    3;  13.6;  36.0;eor
       2667;2026031813;    3;  14.4;  36.0;eor
       2667;2026031814;    3;  14.7;  35.0;eor
       2667;2026031815;    3;  15.5;  36.0;eor
       2667;2026031816;    3;  14.8;  37.0;eor
       2667;2026031817;    3;  14.3;  39.0;eor
       2667;2026031818;    3;  12.3;  46.0;eor
       2667;2026031819;    3;  10.7;  53.0;eor
       2667;2026031820;    3;  10.3;  55.0;eor
       2667;2026031821;    3;   9.7;  59.0;eor
       2667;2026031822;    3;   9.1;  61.0;eor
       2667;2026031823;    3;   8.2;  64.0;eor
       2667;2026031900;    3;   8.1;  65.0;eor
       2667;2026031901;    3;   6.5;  72.0;eor
       2667;2026031902;    3;   6.4;  71.0;eor
       2667;2026031903;    3;   6.4;  71.0;eor
       2667;2026031904;    3;   5.0;  77.0;eor
       2667;2026031905;    3;   2.6;  83.0;eor
       2667;2026031906;    3;   2.4;  84.0;eor
       2667;2026031907;    3;   3.4;  80.0;eor
       2667;2026031908;    3;   6.9;  70.0;eor
       2667;2026031909;    3;   9.6;  62.0;eor
       2667;2026031910;    3;  13.6;  44.0;eor
       2667;2026031911;    3;  14.9;  38.0;eor
       2667;2026031912;    3;  15.9;  34.0;eor
       2667;2026031913;    3;  16.9;  27.0;eor
       2667;2026031914;    3;  17.4;  25.0;eor
       2667;2026031915;    3;  17.0;  29.0;eor
       2667;2026031916;    3;  17.0;  30.0;eor
       2667;2026031917;    3;  15.8;  36.0;eor
       2667;2026031918;    3;  13.7;  41.0;eor
       2667;2026031919;    3;  12.5;  44.0;eor
       2667;2026031920;    3;  11.0;  50.0;eor
       2667;2026031921;    3;  10.3;  53.0;eor
       2667;2026031922;    3;   6.3;  67.0;eor
       2667;2026031923;    3;   5.2;  72.0;eor
       2667;2026032000;    3;   3.5;  78.0;eor
       2667;2026032001;    3;   4.1;  78.0;eor
       2667;2026032002;    3;   2.8;  83.0;eor
       2667;2026032003;    3;   0.9;  86.0;eor
       2667;2026032004;    3;   1.7;  88.0;eor
       2667;2026032005;    3;  -0.5;  91.0;eor
       2667;2026032006;    3;   0.4;  91.0;eor
       2667;2026032007;    3;   2.0;  85.0;eor
       2667;2026032008;    3;   4.8;  78.0;eor
       2667;2026032009;    3;   8.1;  61.0;eor
       2667;2026032010;    3;  10.1;  55.0;eor
       2667;2026032011;    3;  11.8;  50.0;eor
       2667;2026032012;    3;  12.8;  49.0;eor
       2667;2026032013;    3;  14.9;  46.0;eor
       2667;2026032014;    3;  15.3;  47.0;eor
       2667;2026032015;    3;  15.4;  39.0;eor
       2667;2026032016;    3;  15.1;  38.0;eor
       2667;2026032017;    3;  14.2;  40.0;eor
       2667;2026032018;    3;  13.2;  49.0;eor
       2667;2026032019;    3;  11.2;  56.0;eor
       2667;2026032020;    3;  10.1;  62.0;eor
       2667;2026032021;    3;  10.0;  62.0;eor
       2667;2026032022;    3;   8.5;  67.0;eor
       2667;2026032023;    3;   7.9;  70.0;eor
       2667;2026032100;    3;   5.3;  80.0;eor
       2667;2026032101;    3;   4.7;  84.0;eor
       2667;2026032102;    3;   3.3;  88.0;eor
       2667;2026032103;    3;   2.9;  87.0;eor
       2667;2026032104;    3;   2.4;  87.0;eor
       2667;2026032105;    3;   2.3;  89.0;eor
       2667;2026032106;    3;   2.3;  91.0;eor
       2667;2026032107;    3;   2.6;  88.0;eor
       2667;2026032108;    3;   7.9;  71.0;eor
       2667;2026032109;    3;   9.6;  61.0;eor
       2667;2026032110;    3;  12.2;  52.0;eor
       2667;2026032111;    3;  13.7;  37.0;eor
       2667;2026032112;    3;  14.2;  36.0;eor
       2667;2026032113;    3;  14.2;  38.0;eor
       2667;2026032114;    3;  14.0;  41.0;eor
       2667;2026032115;    3;  14.3;  43.0;eor
       2667;2026032116;    3;  13.7;  44.0;eor
       2667;2026032117;    3;  13.6;  44.0;eor
       2667;2026032118;    3;  12.0;  58.0;eor
       2667;2026032119;    3;  11.0;  61.0;eor
       2667;2026032120;    3;  10.6;  57.0;eor
       2667;2026032121;    3;   9.7;  62.0;eor
       2667;2026032122;    3;   8.8;  64.0;eor
       2667;2026032123;    3;   8.0;  67.0;eor
       2667;2026032200;    3;   7.3;  71.0;eor
       2667;2026032201;    3;   5.3;  77.0;eor
       2667;2026032202;    3;   6.5;  74.0;eor
       2667;2026032203;    3;   6.1;  76.0;eor
       2667;2026032204;    3;   5.1;  79.0;eor
       2667;2026032205;    3;   3.2;  88.0;eor
       2667;2026032206;    3;   3.9;  86.0;eor
       2667;2026032207;    3;   6.0;  75.0;eor
       2667;2026032208;    3;   7.9;  67.0;eor
       2667;2026032209;    3;   9.6;  61.0;eor
       2667;2026032210;    3;  11.7;  54.0;eor
       2667;2026032211;    3;  13.1;  46.0;eor
       2667;2026032212;    3;  14.4;  33.0;eor
       2667;2026032213;    3;  14.7;  30.0;eor
       2667;2026032214;    3;  15.5;  31.0;eor
       2667;2026032215;    3;  15.1;  34.0;eor
       2667;2026032216;    3;  15.3;  37.0;eor
       2667;2026032217;    3;  13.8;  39.0;eor
       2667;2026032218;    3;  12.4;  47.0;eor
       2667;2026032219;    3;  10.2;  48.0;eor
       2667;2026032220;    3;   8.6;  54.0;eor
       2667;2026032221;    3;   7.3;  61.0;eor
       2667;2026032222;    3;   5.7;  70.0;eor
       2667;2026032223;    3;   4.6;  75.0;eor
       2667;2026032300;    3;   5.8;  71.0;eor
       2667;2026032301;    3;   6.0;  72.0;eor
       2667;2026032302;    3;   5.3;  76.0;eor
       2667;2026032303;    3;   5.2;  73.0;eor
       2667;2026032304;    3;   2.9;  79.0;eor
       2667;2026032305;    3;   0.7;  86.0;eor
       2667;2026032306;    3;   2.7;  87.0;eor
       2667;2026032307;    3;   3.9;  83.0;eor
       2667;2026032308;    3;   7.7;  65.0;eor
       2667;2026032309;    3;  10.3;  54.0;eor
       2667;2026032310;    3;  11.9;  50.0;eor
       2667;2026032311;    3;  14.0;  45.0;eor
       2667;2026032312;    3;  15.6;  37.0;eor
       2667;2026032313;    3;  16.0;  33.0;eor
       2667;2026032314;    3;  16.0;  32.0;eor
       2667;2026032315;    3;  16.3;  33.0;eor
       2667;2026032316;    3;  15.6;  34.0;eor
       2667;2026032317;    3;  14.8;  38.0;eor
       2667;2026032318;    3;  12.6;  44.0;eor
       2667;2026032319;    3;  10.4;  50.0;eor
       2667;2026032320;    3;   9.3;  53.0;eor
       2667;2026032321;    3;   8.3;  57.0;eor
       2667;2026032322;    3;   7.1;  64.0;eor
       2667;2026032323;    3;   5.9;  71.0;eor
       2667;2026032400;    3;   5.1;  74.0;eor
       2667;2026032401;    3;   2.1;  84.0;eor
       2667;2026032402;    3;   3.2;  81.0;eor
       2667;2026032403;    3;   1.4;  87.0;eor
       2667;2026032404;    3;   0.7;  88.0;eor
       2667;2026032405;    3;   4.6;  76.0;eor
       2667;2026032406;    3;   5.8;  69.0;eor
       2667;2026032407;    3;   6.8;  66.0;eor
       2667;2026032408;    3;   8.3;  63.0;eor
       2667;2026032409;    3;  10.5;  55.0;eor
       2667;2026032410;    3;  13.6;  47.0;eor
       2667;2026032411;    3;  14.8;  44.0;eor
       2667;2026032412;    3;  16.5;  40.0;eor
       2667;2026032413;    3;  17.4;  35.0;eor
       2667;2026032414;    3;  18.5;  37.0;eor
       2667;2026032415;    3;  17.7;  37.0;eor
       2667;2026032416;    3;  17.0;  39.0;eor
       2667;2026032417;    3;  16.2;  39.0;eor
       2667;2026032418;    3;  15.1;  46.0;eor
       2667;2026032419;    3;  14.2;  47.0;eor
       2667;2026032420;    3;  13.8;  49.0;eor
       2667;2026032421;    3;  12.9;  51.0;eor
       2667;2026032422;    3;  11.3;  57.0;eor
       2667;2026032423;    3;  11.1;  59.0;eor
       2667;2026032500;    3;  12.3;  54.0;eor
       2667;2026032501;    3;  12.5;  55.0;eor
       2667;2026032502;    3;  12.1;  56.0;eor
       2667;2026032503;    3;  12.2;  52.0;eor
       2667;2026032504;    3;  11.8;  57.0;eor
       2667;2026032505;    3;  10.2;  68.0;eor
       2667;2026032506;    3;   9.5;  70.0;eor
       2667;2026032507;    3;   6.0;  84.0;eor
       2667;2026032508;    3;   7.3;  76.0;eor
       2667;2026032509;    3;   8.8;  74.0;eor
       2667;2026032510;    3;   8.9;  58.0;eor
       2667;2026032511;    3;   9.3;  60.0;eor
       2667;2026032512;    3;   4.6;  88.0;eor
       2667;2026032513;    3;   5.4;  85.0;eor
       2667;2026032514;    3;   6.3;  81.0;eor
       2667;2026032515;    3;   7.8;  72.0;eor
       2667;2026032516;    3;   5.8;  81.0;eor
       2667;2026032517;    3;   6.2;  80.0;eor
       2667;2026032518;    3;   6.0;  79.0;eor
       2667;2026032519;    3;   5.0;  80.0;eor
       2667;2026032520;    3;   4.5;  78.0;eor
       2667;2026032521;    3;   4.4;  79.0;eor
       2667;2026032522;    3;   4.0;  82.0;eor
       2667;2026032523;    3;   3.6;  86.0;eor
       2667;2026032600;    3;   3.1;  85.0;eor
       2667;2026032601;    3;   3.3;  84.0;eor
       2667;2026032602;    3;   3.5;  83.0;eor
       2667;2026032603;    3;   3.1;  83.0;eor
       2667;2026032604;    3;   2.9;  87.0;eor
       2667;2026032605;    3;   2.8;  87.0;eor
       2667;2026032606;    3;   2.4;  88.0;eor
       2667;2026032607;    3;   2.8;  84.0;eor
       2667;2026032608;    3;   4.1;  78.0;eor
       2667;2026032609;    3;   5.3;  67.0;eor
       2667;2026032610;    3;   5.6;  63.0;eor
       2667;2026032611;    3;   6.2;  65.0;eor
       2667;2026032612;    3;   5.6;  76.0;eor
       2667;2026032613;    3;   7.0;  61.0;eor
       2667;2026032614;    3;   5.1;  69.0;eor
       2667;2026032615;    3;   4.9;  65.0;eor
       2667;2026032616;    3;   4.4;  73.0;eor
       2667;2026032617;    3;   4.9;  72.0;eor
       2667;2026032618;    3;   2.8;  73.0;eor
       2667;2026032619;    3;   2.2;  74.0;eor
       2667;2026032620;    3;   1.8;  70.0;eor
       2667;2026032621;    3;   0.2;  76.0;eor
       2667;2026032622;    3;   0.9;  77.0;eor
       2667;2026032623;    3;   0.6;  78.0;eor
       2667;2026032700;    3;   0.6;  83.0;eor
       2667;2026032701;    3;  -0.5;  87.0;eor
       2667;2026032702;    3;   0.7;  85.0;eor
       2667;2026032703;    3;   0.5;  87.0;eor
       2667;2026032704;    3;   0.9;  86.0;eor
       2667;2026032705;    3;   0.7;  88.0;eor
       2667;2026032706;    3;  -0.3;  93.0;eor
       2667;2026032707;    3;   0.6;  91.0;eor
       2667;2026032708;    3;   2.1;  81.0;eor
       2667;2026032709;    3;   3.6;  75.0;eor
       2667;2026032710;    3;   4.0;  71.0;eor
       2667;2026032711;    3;   4.9;  60.0;eor
       2667;2026032712;    3;   6.1;  56.0;eor
       2667;2026032713;    3;   7.8;  45.0;eor
       2667;2026032714;    3;   8.7;  45.0;eor
       2667;2026032715;    3;   9.2;  44.0;eor
       2667;2026032716;    3;   9.3;  43.0;eor
       2667;2026032717;    3;   7.1;  55.0;eor
       2667;2026032718;    3;   7.4;  54.0;eor
       2667;2026032719;    3;   6.4;  58.0;eor
       2667;2026032720;    3;   5.6;  62.0;eor
       2667;2026032721;    3;   4.7;  65.0;eor
       2667;2026032722;    3;   5.0;  67.0;eor
       2667;2026032723;    3;   5.7;  63.0;eor
       2667;2026032800;    3;   5.7;  62.0;eor
       2667;2026032801;    3;   5.2;  69.0;eor
       2667;2026032802;    3;   5.4;  67.0;eor
       2667;2026032803;    3;   4.8;  76.0;eor
       2667;2026032804;    3;   4.8;  78.0;eor
       2667;2026032805;    3;   4.1;  89.0;eor
       2667;2026032806;    3;   4.2;  89.0;eor
       2667;2026032807;    3;   4.3;  90.0;eor
       2667;2026032808;    3;   4.7;  92.0;eor
       2667;2026032809;    3;   5.6;  90.0;eor
       2667;2026032810;    3;   6.2;  89.0;eor
       2667;2026032811;    3;   6.3;  90.0;eor
       2667;2026032812;    3;   6.4;  90.0;eor
       2667;2026032813;    3;   7.0;  86.0;eor
       2667;2026032814;    3;   7.7;  71.0;eor
       2667;2026032815;    3;   5.3;  84.0;eor
       2667;2026032816;    3;   6.0;  83.0;eor
       2667;2026032817;    3;   6.1;  85.0;eor
       2667;2026032818;    3;   4.5;  86.0;eor
       2667;2026032819;    3;   4.6;  86.0;eor
       2667;2026032820;    3;   4.2;  73.0;eor
       2667;2026032821;    3;   3.0;  78.0;eor
       2667;2026032822;    3;   1.5;  81.0;eor
       2667;2026032823;    3;   1.8;  84.0;eor
       2667;2026032900;    3;   2.6;  84.0;eor
       2667;2026032901;    3;   3.1;  87.0;eor
       2667;2026032902;    3;   4.0;  88.0;eor
       2667;2026032903;    3;   3.9;  90.0;eor
       2667;2026032904;    3;   3.6;  92.0;eor
       2667;2026032905;    3;   3.5;  92.0;eor
       2667;2026032906;    3;   3.5;  93.0;eor
       2667;2026032907;    3;   4.2;  91.0;eor
       2667;2026032908;    3;   4.6;  88.0;eor
       2667;2026032909;    3;   5.5;  81.0;eor
       2667;2026032910;    3;   7.1;  69.0;eor
       2667;2026032911;    3;   8.3;  60.0;eor
       2667;2026032912;    3;   9.2;  49.0;eor
       2667;2026032913;    3;   9.9;  50.0;eor
       2667;2026032914;    3;  10.7;  42.0;eor
       2667;2026032915;    3;  10.1;  45.0;eor
       2667;2026032916;    3;   9.7;  44.0;eor
       2667;2026032917;    3;   9.2;  48.0;eor
       2667;2026032918;    3;   8.0;  52.0;eor
       2667;2026032919;    3;   7.2;  57.0;eor
       2667;2026032920;    3;   8.0;  53.0;eor
       2667;2026032921;    3;   8.0;  55.0;eor
       2667;2026032922;    3;   6.6;  70.0;eor
       2667;2026032923;    3;   6.6;  71.0;eor
       2667;2026033000;    3;   5.4;  84.0;eor
       2667;2026033001;    3;   5.1;  86.0;eor
       2667;2026033002;    3;   5.5;  84.0;eor
       2667;2026033003;    3;   6.5;  91.0;eor
       2667;2026033004;    3;   5.0;  83.0;eor
       2667;2026033005;    3;   4.9;  83.0;eor
       2667;2026033006;    3;   4.9;  88.0;eor
       2667;2026033007;    3;   5.6;  84.0;eor
       2667;2026033008;    3;   4.8;  88.0;eor
       2667;2026033009;    3;   6.9;  74.0;eor
       2667;2026033010;    3;   8.4;  66.0;eor
       2667;2026033011;    3;  10.0;  60.0;eor
       2667;2026033012;    3;   9.8;  50.0;eor
       2667;2026033013;    3;   9.5;  49.0;eor
       2667;2026033014;    3;   9.1;  63.0;eor
       2667;2026033015;    3;   9.6;  55.0;eor
       2667;2026033016;    3;   6.1;  79.0;eor
       2667;2026033017;    3;   4.7;  87.0;eor
       2667;2026033018;    3;   4.0;  94.0;eor
       2667;2026033019;    3;   4.5;  92.0;eor
       2667;2026033020;    3;   4.3;  85.0;eor
       2667;2026033021;    3;   3.3;  91.0;eor
       2667;2026033022;    3;   3.1;  88.0;eor
       2667;2026033023;    3;   2.1;  93.0;eor
       2667;2026033100;    3;   1.8;  92.0;eor
       2667;2026033101;    3;   2.2;  92.0;eor
       2667;2026033102;    3;   2.4;  92.0;eor
       2667;2026033103;    3;   2.7;  93.0;eor
       2667;2026033104;    3;   2.5;  94.0;eor
       2667;2026033105;    3;   2.5;  93.0;eor
       2667;2026033106;    3;   1.9;  93.0;eor
       2667;2026033107;    3;   3.8;  84.0;eor
       2667;2026033108;    3;   5.6;  83.0;eor
       2667;2026033109;    3;   6.5;  80.0;eor
       2667;2026033110;    3;   7.6;  75.0;eor
       2667;2026033111;    3;   8.8;  68.0;eor
       2667;2026033112;    3;   9.1;  64.0;eor
       2667;2026033113;    3;  10.3;  55.0;eor
       2667;2026033114;    3;   9.9;  56.0;eor
       2667;2026033115;    3;   8.4;  68.0;eor
       2667;2026033116;    3;   8.8;  66.0;eor
       2667;2026033117;    3;   8.4;  68.0;eor
       2667;2026033118;    3;   7.6;  73.0;eor
       2667;2026033119;    3;   5.8;  82.0;eor
       2667;2026033120;    3;   4.9;  87.0;eor
       2667;2026033121;    3;   4.1;  91.0;eor
       2667;2026033122;    3;   2.5;  92.0;eor
       2667;2026033123;    3;   2.6;  93.0;eor
       2667;2026040100;    3;   1.4;  95.0;eor
       2667;2026040101;    3;   1.1;  95.0;eor
       2667;2026040102;    3;   1.0;  95.0;eor
       2667;2026040103;    3;   0.5;  96.0;eor
       2667;2026040104;    3;  -0.8;  95.0;eor
       2667;2026040105;    3;  -0.9;  96.0;eor
       2667;2026040106;    3;  -1.1;  95.0;eor
       2667;2026040107;    3;   2.7;  85.0;eor
       2667;2026040108;    3;   6.3;  69.0;eor
       2667;2026040109;    3;   7.5;  59.0;eor
       2667;2026040110;    3;   9.0;  56.0;eor
       2667;2026040111;    3;   9.5;  53.0;eor
       2667;2026040112;    3;  10.2;  50.0;eor
       2667;2026040113;    3;  12.1;  45.0;eor
       2667;2026040114;    3;  12.3;  41.0;eor
       2667;2026040115;    3;  11.8;  41.0;eor
       2667;2026040116;    3;  12.1;  41.0;eor
       2667;2026040117;    3;  11.5;  43.0;eor
       2667;2026040118;    3;  10.5;  45.0;eor
       2667;2026040119;    3;   8.2;  52.0;eor
       2667;2026040120;    3;   7.7;  55.0;eor
       2667;2026040121;    3;   6.5;  59.0;eor
       2667;2026040122;    3;   5.8;  61.0;eor
       2667;2026040123;    3;   5.1;  65.0;eor
       2667;2026040200;    3;   3.6;  70.0;eor
       2667;2026040201;    3;   1.7;  78.0;eor
       2667;2026040202;    3;   0.1;  86.0;eor
       2667;2026040203;    3;  -0.6;  84.0;eor
       2667;2026040204;    3;  -0.2;  88.0;eor
       2667;2026040205;    3;  -1.2;  87.0;eor
       2667;2026040206;    3;   1.5;  78.0;eor
       2667;2026040207;    3;   3.7;  72.0;eor
       2667;2026040208;    3;   6.4;  62.0;eor
       2667;2026040209;    3;   8.8;  57.0;eor
       2667;2026040210;    3;  10.9;  58.0;eor
       2667;2026040211;    3;  10.8;  67.0;eor
       2667;2026040212;    3;   8.9;  83.0;eor
       2667;2026040213;    3;   9.6;  77.0;eor
       2667;2026040214;    3;   9.7;  83.0;eor
       2667;2026040215;    3;  10.1;  75.0;eor
       2667;2026040216;    3;  10.2;  75.0;eor
       2667;2026040217;    3;  10.3;  74.0;eor
       2667;2026040218;    3;   8.8;  91.0;eor
       2667;2026040219;    3;   8.3;  93.0;eor
       2667;2026040220;    3;   8.1;  94.0;eor
       2667;2026040221;    3;   6.8;  90.0;eor
       2667;2026040222;    3;   6.4;  92.0;eor
       2667;2026040223;    3;   6.2;  90.0;eor
       2667;2026040300;    3;   5.8;  90.0;eor
       2667;2026040301;    3;   5.3;  92.0;eor
       2667;2026040302;    3;   5.2;  89.0;eor
       2667;2026040303;    3;   5.2;  91.0;eor
       2667;2026040304;    3;   5.0;  92.0;eor
       2667;2026040305;    3;   4.8;  92.0;eor
       2667;2026040306;    3;   5.1;  94.0;eor
       2667;2026040307;    3;   6.0;  81.0;eor
       2667;2026040308;    3;   7.0;  78.0;eor
       2667;2026040309;    3;   7.5;  72.0;eor
       2667;2026040310;    3;   8.2;  63.0;eor
       2667;2026040311;    3;   9.7;  60.0;eor
       2667;2026040312;    3;  10.2;  56.0;eor
       2667;2026040313;    3;  12.0;  49.0;eor
       2667;2026040314;    3;  13.1;  45.0;eor
       2667;2026040315;    3;  14.4;  41.0;eor
       2667;2026040316;    3;  14.1;  44.0;eor
       2667;2026040317;    3;  13.4;  49.0;eor
       2667;2026040318;    3;  12.7;  57.0;eor
       2667;2026040319;    3;  11.9;  65.0;eor
       2667;2026040320;    3;  11.7;  67.0;eor
       2667;2026040321;    3;  11.6;  70.0;eor
       2667;2026040322;    3;  11.5;  73.0;eor
       2667;2026040323;    3;  11.7;  75.0;eor
       2667;2026040400;    3;  11.7;  77.0;eor
       2667;2026040401;    3;  11.8;  78.0;eor
       2667;2026040402;    3;  11.4;  88.0;eor
       2667;2026040403;    3;  10.9;  94.0;eor
       2667;2026040404;    3;  11.1;  90.0;eor
       2667;2026040405;    3;  10.9;  90.0;eor
       2667;2026040406;    3;  10.9;  89.0;eor
       2667;2026040407;    3;  11.1;  86.0;eor
       2667;2026040408;    3;  11.4;  87.0;eor
       2667;2026040409;    3;  11.6;  84.0;eor
       2667;2026040410;    3;  13.3;  70.0;eor
       2667;2026040411;    3;  14.0;  65.0;eor
       2667;2026040412;    3;  13.9;  60.0;eor
       2667;2026040413;    3;  14.0;  64.0;eor
       2667;2026040414;    3;  14.4;  66.0;eor
       2667;2026040415;    3;  15.0;  65.0;eor
       2667;2026040416;    3;  15.0;  64.0;eor
       2667;2026040417;    3;  15.2;  64.0;eor
       2667;2026040418;    3;  14.5;  68.0;eor
       2667;2026040419;    3;  11.8;  77.0;eor
       2667;2026040420;    3;  12.9;  73.0;eor
       2667;2026040421;    3;  12.2;  76.0;eor
       2667;2026040422;    3;  12.3;  75.0;eor
       2667;2026040423;    3;  11.5;  76.0;eor
       2667;2026040500;    3;  11.4;  77.0;eor
       2667;2026040501;    3;  11.6;  77.0;eor
       2667;2026040502;    3;  10.5;  80.0;eor
       2667;2026040503;    3;  10.8;  78.0;eor
       2667;2026040504;    3;  13.2;  71.0;eor
       2667;2026040505;    3;  13.6;  68.0;eor
       2667;2026040506;    3;  13.1;  69.0;eor
       2667;2026040507;    3;  13.9;  65.0;eor
       2667;2026040508;    3;  13.9;  65.0;eor
       2667;2026040509;    3;  14.0;  63.0;eor
       2667;2026040510;    3;  13.9;  63.0;eor
       2667;2026040511;    3;  13.8;  52.0;eor
       2667;2026040512;    3;  14.7;  47.0;eor
       2667;2026040513;    3;  13.8;  47.0;eor
       2667;2026040514;    3;  12.1;  63.0;eor
       2667;2026040515;    3;  11.9;  67.0;eor
       2667;2026040516;    3;  12.9;  60.0;eor
       2667;2026040517;    3;  12.7;  60.0;eor
       2667;2026040518;    3;  11.4;  59.0;eor
       2667;2026040519;    3;  10.7;  61.0;eor
       2667;2026040520;    3;   9.3;  78.0;eor
       2667;2026040521;    3;   8.4;  81.0;eor
       2667;2026040522;    3;   8.6;  79.0;eor
       2667;2026040523;    3;   8.0;  75.0;eor
       2667;2026040600;    3;   7.8;  71.0;eor
       2667;2026040601;    3;   7.2;  73.0;eor
       2667;2026040602;    3;   5.5;  80.0;eor
       2667;2026040603;    3;   5.3;  83.0;eor
       2667;2026040604;    3;   4.6;  86.0;eor
       2667;2026040605;    3;   4.6;  87.0;eor
       2667;2026040606;    3;   5.6;  83.0;eor
       2667;2026040607;    3;   7.0;  75.0;eor
       2667;2026040608;    3;   8.5;  70.0;eor
       2667;2026040609;    3;   9.9;  67.0;eor
       2667;2026040610;    3;  10.9;  59.0;eor
       2667;2026040611;    3;  11.4;  51.0;eor
       2667;2026040612;    3;  11.5;  50.0;eor
       2667;2026040613;    3;  12.4;  44.0;eor
       2667;2026040614;    3;  14.0;  38.0;eor
       2667;2026040615;    3;  14.1;  38.0;eor
       2667;2026040616;    3;  13.8;  38.0;eor
       2667;2026040617;    3;  13.0;  42.0;eor
       2667;2026040618;    3;  12.4;  42.0;eor
       2667;2026040619;    3;   9.7;  52.0;eor
       2667;2026040620;    3;   8.4;  60.0;eor
       2667;2026040621;    3;   5.4;  74.0;eor
       2667;2026040622;    3;   4.8;  75.0;eor
       2667;2026040623;    3;   3.5;  80.0;eor
       2667;2026040700;    3;   3.0;  84.0;eor
       2667;2026040701;    3;   2.3;  86.0;eor
       2667;2026040702;    3;   2.7;  84.0;eor
       2667;2026040703;    3;   2.0;  85.0;eor
       2667;2026040704;    3;   1.3;  87.0;eor
       2667;2026040705;    3;  -0.4;  89.0;eor
       2667;2026040706;    3;   2.0;  84.0;eor
       2667;2026040707;    3;   6.5;  72.0;eor
       2667;2026040708;    3;  10.2;  55.0;eor
       2667;2026040709;    3;  12.9;  45.0;eor
       2667;2026040710;    3;  14.3;  42.0;eor
       2667;2026040711;    3;  14.9;  35.0;eor
       2667;2026040712;    3;  16.4;  29.0;eor
       2667;2026040713;    3;  17.3;  30.0;eor
       2667;2026040714;    3;  18.0;  27.0;eor
       2667;2026040715;    3;  18.8;  25.0;eor
       2667;2026040716;    3;  18.6;  22.0;eor
       2667;2026040717;    3;  18.5;  25.0;eor
       2667;2026040718;    3;  16.5;  34.0;eor
       2667;2026040719;    3;  14.3;  39.0;eor
       2667;2026040720;    3;  12.8;  42.0;eor
       2667;2026040721;    3;  11.4;  44.0;eor
       2667;2026040722;    3;  11.5;  40.0;eor
       2667;2026040723;    3;  10.2;  42.0;eor
       2667;2026040800;    3;   8.7;  45.0;eor
       2667;2026040801;    3;   8.2;  46.0;eor
       2667;2026040802;    3;   7.1;  49.0;eor
       2667;2026040803;    3;   4.1;  64.0;eor
       2667;2026040804;    3;   5.8;  56.0;eor
       2667;2026040805;    3;   3.5;  64.0;eor
       2667;2026040806;    3;   4.4;  63.0;eor
       2667;2026040807;    3;  10.0;  45.0;eor
       2667;2026040808;    3;  12.0;  39.0;eor
       2667;2026040809;    3;  14.5;  33.0;eor
       2667;2026040810;    3;  16.4;  34.0;eor
       2667;2026040811;    3;  17.3;  28.0;eor
       2667;2026040812;    3;  19.0;  29.0;eor
       2667;2026040813;    3;  19.9;  28.0;eor
       2667;2026040814;    3;  20.7;  27.0;eor
       2667;2026040815;    3;  21.1;  27.0;eor
       2667;2026040816;    3;  21.2;  27.0;eor
       2667;2026040817;    3;  20.5;  26.0;eor
       2667;2026040818;    3;  18.0;  36.0;eor
       2667;2026040819;    3;  14.7;  40.0;eor
       2667;2026040820;    3;  14.4;  41.0;eor
       2667;2026040821;    3;  13.5;  40.0;eor
       2667;2026040822;    3;  11.4;  47.0;eor
       2667;2026040823;    3;  10.8;  43.0;eor
       2667;2026040900;    3;  10.3;  44.0;eor
       2667;2026040901;    3;   9.1;  47.0;eor
       2667;2026040902;    3;   9.9;  44.0;eor
       2667;2026040903;    3;   9.1;  46.0;eor
       2667;2026040904;    3;   8.6;  48.0;eor
       2667;2026040905;    3;   7.8;  51.0;eor
       2667;2026040906;    3;   8.3;  50.0;eor
       2667;2026040907;    3;  10.0;  47.0;eor
       2667;2026040908;    3;  12.7;  39.0;eor
       2667;2026040909;    3;  14.8;  37.0;eor
       2667;2026040910;    3;  16.4;  35.0;eor
       2667;2026040911;    3;  18.2;  33.0;eor
       2667;2026040912;    3;  19.9;  28.0;eor
       2667;2026040913;    3;  20.6;  25.0;eor
       2667;2026040914;    3;  21.2;  26.0;eor
       2667;2026040915;    3;  22.0;  26.0;eor
       2667;2026040916;    3;  21.8;  25.0;eor
       2667;2026040917;    3;  20.2;  33.0;eor
       2667;2026040918;    3;  19.5;  31.0;eor
       2667;2026040919;    3;  17.9;  36.0;eor
       2667;2026040920;    3;  17.3;  40.0;eor
       2667;2026040921;    3;  17.0;  40.0;eor
       2667;2026040922;    3;  16.3;  42.0;eor
       2667;2026040923;    3;  13.5;  66.0;eor
       2667;2026041000;    3;  14.0;  70.0;eor
       2667;2026041001;    3;  13.5;  72.0;eor
       2667;2026041002;    3;  11.6;  71.0;eor
       2667;2026041003;    3;  10.9;  66.0;eor
       2667;2026041004;    3;   9.6;  67.0;eor
       2667;2026041005;    3;   8.4;  69.0;eor
       2667;2026041006;    3;   8.4;  66.0;eor
       2667;2026041007;    3;   8.6;  66.0;eor
       2667;2026041008;    3;   8.9;  63.0;eor
       2667;2026041009;    3;   9.2;  62.0;eor
       2667;2026041010;    3;   9.6;  58.0;eor
       2667;2026041011;    3;  10.2;  56.0;eor
       2667;2026041012;    3;  10.7;  52.0;eor
       2667;2026041013;    3;  11.7;  46.0;eor
       2667;2026041014;    3;  12.5;  47.0;eor
       2667;2026041015;    3;  12.3;  42.0;eor
       2667;2026041016;    3;  12.4;  41.0;eor
       2667;2026041017;    3;  11.9;  44.0;eor
       2667;2026041018;    3;  11.0;  48.0;eor
       2667;2026041019;    3;   9.2;  60.0;eor
       2667;2026041020;    3;   8.8;  61.0;eor
       2667;2026041021;    3;   6.8;  68.0;eor
       2667;2026041022;    3;   6.9;  64.0;eor
       2667;2026041023;    3;   6.6;  65.0;eor
       2667;2026041100;    3;   5.7;  69.0;eor
       2667;2026041101;    3;   5.9;  67.0;eor
       2667;2026041102;    3;   5.6;  68.0;eor
       2667;2026041103;    3;   5.8;  67.0;eor
       2667;2026041104;    3;   5.7;  68.0;eor
       2667;2026041105;    3;   6.3;  65.0;eor
       2667;2026041106;    3;   6.9;  63.0;eor
       2667;2026041107;    3;   9.3;  55.0;eor
       2667;2026041108;    3;  11.5;  53.0;eor
       2667;2026041109;    3;  13.5;  51.0;eor
       2667;2026041110;    3;  15.7;  49.0;eor
       2667;2026041111;    3;  17.3;  47.0;eor
       2667;2026041112;    3;  18.3;  45.0;eor
       2667;2026041113;    3;  18.5;  41.0;eor
       2667;2026041114;    3;  19.1;  43.0;eor
       2667;2026041115;    3;  18.9;  43.0;eor
       2667;2026041116;    3;  18.1;  47.0;eor
       2667;2026041117;    3;  16.6;  57.0;eor
       2667;2026041118;    3;  13.7;  81.0;eor
       2667;2026041119;    3;  12.7;  90.0;eor
       2667;2026041120;    3;  11.0;  89.0;eor
       2667;2026041121;    3;   7.7;  92.0;eor
       2667;2026041122;    3;   7.3;  92.0;eor
       2667;2026041123;    3;   7.0;  94.0;eor
       2667;2026041200;    3;   7.1;  94.0;eor
       2667;2026041201;    3;   7.0;  95.0;eor
       2667;2026041202;    3;   6.2;  96.0;eor
       2667;2026041203;    3;   5.4;  94.0;eor
       2667;2026041204;    3;   4.6;  93.0;eor
       2667;2026041205;    3;   4.1;  90.0;eor
       2667;2026041206;    3;   4.3;  89.0;eor
       2667;2026041207;    3;   5.7;  90.0;eor
       2667;2026041208;    3;   6.7;  81.0;eor
       2667;2026041209;    3;   8.0;  78.0;eor
       2667;2026041210;    3;   8.9;  69.0;eor
       2667;2026041211;    3;  10.4;  59.0;eor
       2667;2026041212;    3;  11.4;  49.0;eor
       2667;2026041213;    3;  11.9;  49.0;eor
       2667;2026041214;    3;  11.8;  42.0;eor
       2667;2026041215;    3;  12.2;  38.0;eor
       2667;2026041216;    3;  12.1;  45.0;eor
       2667;2026041217;    3;  11.5;  49.0;eor
       2667;2026041218;    3;  10.1;  66.0;eor
       2667;2026041219;    3;   9.0;  64.0;eor
       2667;2026041220;    3;   7.3;  73.0;eor
       2667;2026041221;    3;   6.8;  76.0;eor
       2667;2026041222;    3;   5.2;  84.0;eor
       2667;2026041223;    3;   5.4;  86.0;eor
       2667;2026041300;    3;   5.2;  87.0;eor
       2667;2026041301;    3;   5.3;  85.0;eor
       2667;2026041302;    3;   4.8;  89.0;eor
       2667;2026041303;    3;   4.7;  89.0;eor
       2667;2026041304;    3;   4.9;  91.0;eor
       2667;2026041305;    3;   5.0;  92.0;eor
       2667;2026041306;    3;   5.4;  92.0;eor
       2667;2026041307;    3;   6.4;  89.0;eor
       2667;2026041308;    3;   7.9;  79.0;eor
       2667;2026041309;    3;   9.2;  75.0;eor
       2667;2026041310;    3;   8.6;  79.0;eor
       2667;2026041311;    3;   9.3;  81.0;eor
       2667;2026041312;    3;   9.1;  81.0;eor
       2667;2026041313;    3;   9.5;  81.0;eor
       2667;2026041314;    3;   9.7;  84.0;eor
       2667;2026041315;    3;   9.2;  86.0;eor
       2667;2026041316;    3;   9.1;  84.0;eor
       2667;2026041317;    3;   8.5;  90.0;eor
       2667;2026041318;    3;   8.2;  93.0;eor
       2667;2026041319;    3;   7.8;  94.0;eor
       2667;2026041320;    3;   7.5;  95.0;eor
       2667;2026041321;    3;   7.3;  95.0;eor
       2667;2026041322;    3;   7.1;  94.0;eor
       2667;2026041323;    3;   6.6;  95.0;eor
       2667;2026041400;    3;   5.7;  96.0;eor
       2667;2026041401;    3;   5.6;  97.0;eor
       2667;2026041402;    3;   5.4;  97.0;eor
       2667;2026041403;    3;   4.5;  97.0;eor
       2667;2026041404;    3;   2.1;  97.0;eor
       2667;2026041405;    3;   2.0;  96.0;eor
       2667;2026041406;    3;   3.8; 100.0;eor
       2667;2026041407;    3;   5.2;  98.0;eor
       2667;2026041408;    3;   5.5; 100.0;eor
       2667;2026041409;    3;   7.1;  93.0;eor
       2667;2026041410;    3;   9.7;  69.0;eor
       2667;2026041411;    3;  11.9;  56.0;eor
       2667;2026041412;    3;  13.2;  52.0;eor
       2667;2026041413;    3;  14.6;  44.0;eor
       2667;2026041414;    3;  15.0;  40.0;eor
       2667;2026041415;    3;  14.3;  44.0;eor
       2667;2026041416;    3;  15.5;  41.0;eor
       2667;2026041417;    3;  15.2;  43.0;eor
       2667;2026041418;    3;  14.2;  45.0;eor
       2667;2026041419;    3;  10.3;  60.0;eor
       2667;2026041420;    3;   7.8;  74.0;eor
       2667;2026041421;    3;   6.1;  82.0;eor
       2667;2026041422;    3;   5.6;  83.0;eor
       2667;2026041423;    3;   3.7;  89.0;eor
       2667;2026041500;    3;   2.5;  90.0;eor
       2667;2026041501;    3;   5.9;  77.0;eor
       2667;2026041502;    3;   3.0;  89.0;eor
       2667;2026041503;    3;   2.1;  85.0;eor
       2667;2026041504;    3;   2.0;  83.0;eor
       2667;2026041505;    3;   2.1;  89.0;eor
       2667;2026041506;    3;   3.9;  80.0;eor
       2667;2026041507;    3;   9.5;  62.0;eor
       2667;2026041508;    3;  12.2;  57.0;eor
       2667;2026041509;    3;  14.1;  51.0;eor
       2667;2026041510;    3;  16.0;  45.0;eor
       2667;2026041511;    3;  16.0;  40.0;eor
       2667;2026041512;    3;  16.9;  39.0;eor
       2667;2026041513;    3;  18.3;  37.0;eor
       2667;2026041514;    3;  18.4;  36.0;eor
       2667;2026041515;    3;  18.2;  37.0;eor
       2667;2026041516;    3;  18.9;  41.0;eor
       2667;2026041517;    3;  18.2;  43.0;eor
       2667;2026041518;    3;  15.6;  52.0;eor
       2667;2026041519;    3;  15.0;  53.0;eor
       2667;2026041520;    3;  14.3;  57.0;eor
       2667;2026041521;    3;  13.8;  59.0;eor
       2667;2026041522;    3;  13.2;  62.0;eor
       2667;2026041523;    3;  12.2;  69.0;eor
       2667;2026041600;    3;  12.9;  66.0;eor
       2667;2026041601;    3;  12.3;  69.0;eor
       2667;2026041602;    3;  12.2;  70.0;eor
       2667;2026041603;    3;  12.4;  69.0;eor
       2667;2026041604;    3;  10.9;  79.0;eor
       2667;2026041605;    3;  11.0;  80.0;eor
       2667;2026041606;    3;  12.4;  74.0;eor
       2667;2026041607;    3;  11.7;  95.0;eor
       2667;2026041608;    3;  11.9;  91.0;eor
       2667;2026041609;    3;  13.7;  81.0;eor
       2667;2026041610;    3;  15.5;  68.0;eor
       2667;2026041611;    3;  16.2;  61.0;eor
       2667;2026041612;    3;  17.2;  52.0;eor
       2667;2026041613;    3;  17.9;  51.0;eor
       2667;2026041614;    3;  18.5;  49.0;eor
       2667;2026041615;    3;  18.2;  50.0;eor
       2667;2026041616;    3;  18.8;  50.0;eor
       2667;2026041617;    3;  18.3;  53.0;eor
       2667;2026041618;    3;  17.0;  57.0;eor
       2667;2026041619;    3;  13.5;  72.0;eor
       2667;2026041620;    3;  11.2;  82.0;eor
       2667;2026041621;    3;   9.8;  86.0;eor
       2667;2026041622;    3;   8.8;  92.0;eor
       2667;2026041623;    3;   8.6;  91.0;eor
       2667;2026041700;    3;   8.0;  94.0;eor
       2667;2026041701;    3;   6.5;  96.0;eor
       2667;2026041702;    3;   5.6;  95.0;eor
       2667;2026041703;    3;   6.1;  97.0;eor
       2667;2026041704;    3;   5.6;  97.0;eor
       2667;2026041705;    3;   5.0;  95.0;eor
       2667;2026041706;    3;   6.8;  94.0;eor
       2667;2026041707;    3;  10.6;  85.0;eor
       2667;2026041708;    3;  12.9;  72.0;eor
       2667;2026041709;    3;  15.0;  67.0;eor
       2667;2026041710;    3;  16.7;  62.0;eor
       2667;2026041711;    3;  18.2;  52.0;eor
       2667;2026041712;    3;  19.0;  45.0;eor
       2667;2026041713;    3;  19.8;  44.0;eor
       2667;2026041714;    3;  20.8;  44.0;eor
       2667;2026041715;    3;  20.6;  44.0;eor
       2667;2026041716;    3;  20.1;  46.0;eor
       2667;2026041717;    3;  18.9;  50.0;eor
       2667;2026041718;    3;  17.6;  54.0;eor
       2667;2026041719;    3;  15.7;  59.0;eor
       2667;2026041720;    3;  13.8;  69.0;eor
       2667;2026041721;    3;  13.0;  75.0;eor
       2667;2026041722;    3;  13.3;  70.0;eor
       2667;2026041723;    3;  10.9;  80.0;eor
       2667;2026041800;    3;  10.1;  82.0;eor
       2667;2026041801;    3;   8.2;  91.0;eor
       2667;2026041802;    3;   8.7;  91.0;eor
       2667;2026041803;    3;   7.7;  95.0;eor
       2667;2026041804;    3;   6.7;  96.0;eor
       2667;2026041805;    3;   6.6;  96.0;eor
       2667;2026041806;    3;   8.5;  92.0;eor
       2667;2026041807;    3;  11.6;  81.0;eor
       2667;2026041808;    3;  14.2;  68.0;eor
       2667;2026041809;    3;  17.0;  55.0;eor
       2667;2026041810;    3;  18.1;  51.0;eor
       2667;2026041811;    3;  19.2;  46.0;eor
       2667;2026041812;    3;  20.2;  44.0;eor
       2667;2026041813;    3;  20.0;  47.0;eor
       2667;2026041814;    3;  19.7;  46.0;eor
       2667;2026041815;    3;  18.0;  56.0;eor
       2667;2026041816;    3;  16.8;  66.0;eor
       2667;2026041817;    3;  15.4;  73.0;eor
       2667;2026041818;    3;  13.4;  89.0;eor
       2667;2026041819;    3;  12.8;  95.0;eor
       2667;2026041820;    3;  11.9;  95.0;eor
       2667;2026041821;    3;  11.3;  97.0;eor
       2667;2026041822;    3;  10.5;  98.0;eor
       2667;2026041823;    3;  11.1;  98.0;eor
       2667;2026041900;    3;  11.6;  98.0;eor
       2667;2026041901;    3;  11.8;  98.0;eor
       2667;2026041902;    3;  10.2;  95.0;eor
       2667;2026041903;    3;   9.8;  95.0;eor
       2667;2026041904;    3;   9.1;  95.0;eor
       2667;2026041905;    3;   8.9;  94.0;eor
       2667;2026041906;    3;   8.1;  94.0;eor
       2667;2026041907;    3;   8.7;  89.0;eor
       2667;2026041908;    3;   9.3;  82.0;eor
       2667;2026041909;    3;  11.4;  73.0;eor
       2667;2026041910;    3;  12.0;  65.0;eor
       2667;2026041911;    3;  13.1;  60.0;eor
       2667;2026041912;    3;  14.1;  56.0;eor
       2667;2026041913;    3;   9.4;  85.0;eor
       2667;2026041914;    3;  12.8;  68.0;eor
       2667;2026041915;    3;  13.7;  56.0;eor
       2667;2026041916;    3;  13.7;  59.0;eor
       2667;2026041917;    3;  13.2;  51.0;eor
       2667;2026041918;    3;  12.3;  57.0;eor
       2667;2026041919;    3;  11.0;  62.0;eor
       2667;2026041920;    3;   8.7;  76.0;eor
       2667;2026041921;    3;   7.6;  83.0;eor
       2667;2026041922;    3;   7.0;  86.0;eor
       2667;2026041923;    3;   6.0;  91.0;eor
       2667;2026042000;    3;   5.1;  93.0;eor
       2667;2026042001;    3;   5.4;  94.0;eor
       2667;2026042002;    3;   4.1;  94.0;eor
       2667;2026042003;    3;   3.4;  95.0;eor
       2667;2026042004;    3;   2.7;  96.0;eor
       2667;2026042005;    3;   2.6;  96.0;eor
       2667;2026042006;    3;   4.1;  92.0;eor
       2667;2026042007;    3;   6.4;  84.0;eor
       2667;2026042008;    3;   7.8;  71.0;eor
       2667;2026042009;    3;   9.8;  62.0;eor
       2667;2026042010;    3;   9.6;  60.0;eor
       2667;2026042011;    3;  10.9;  49.0;eor
       2667;2026042012;    3;  12.1;  46.0;eor
       2667;2026042013;    3;  11.1;  49.0;eor
       2667;2026042014;    3;  12.2;  46.0;eor
       2667;2026042015;    3;  12.9;  42.0;eor
       2667;2026042016;    3;  11.7;  41.0;eor
       2667;2026042017;    3;  10.9;  46.0;eor
       2667;2026042018;    3;  10.3;  48.0;eor
       2667;2026042019;    3;   9.8;  55.0;eor
       2667;2026042020;    3;   9.0;  67.0;eor
       2667;2026042021;    3;   7.6;  71.0;eor
       2667;2026042022;    3;   6.0;  80.0;eor
       2667;2026042023;    3;   5.9;  81.0;eor
       2667;2026042100;    3;   5.6;  85.0;eor
       2667;2026042101;    3;   6.1;  83.0;eor
       2667;2026042102;    3;   4.6;  89.0;eor
       2667;2026042103;    3;   5.1;  88.0;eor
       2667;2026042104;    3;   4.4;  92.0;eor
       2667;2026042105;    3;   4.5;  89.0;eor
       2667;2026042106;    3;   5.5;  86.0;eor
       2667;2026042107;    3;   8.2;  75.0;eor
       2667;2026042108;    3;   9.3;  69.0;eor
       2667;2026042109;    3;   9.9;  69.0;eor
       2667;2026042110;    3;  11.2;  64.0;eor
       2667;2026042111;    3;  12.7;  58.0;eor
       2667;2026042112;    3;  12.9;  58.0;eor
       2667;2026042113;    3;  13.9;  49.0;eor
       2667;2026042114;    3;  13.3;  47.0;eor
       2667;2026042115;    3;  14.2;  46.0;eor
       2667;2026042116;    3;  14.5;  46.0;eor
       2667;2026042117;    3;  13.6;  46.0;eor
       2667;2026042118;    3;  13.1;  47.0;eor
       2667;2026042119;    3;  12.0;  49.0;eor
       2667;2026042120;    3;  10.4;  49.0;eor
       2667;2026042121;    3;   9.6;  49.0;eor
       2667;2026042122;    3;   7.7;  58.0;eor
       2667;2026042123;    3;   6.5;  66.0;eor
       2667;2026042200;    3;   6.2;  67.0;eor
       2667;2026042201;    3;   5.7;  68.0;eor
       2667;2026042202;    3;   5.4;  69.0;eor
       2667;2026042203;    3;   4.4;  73.0;eor
       2667;2026042204;    3;   4.3;  71.0;eor
       2667;2026042205;    3;   2.2;  76.0;eor
       2667;2026042206;    3;   3.7;  73.0;eor
       2667;2026042207;    3;   9.1;  54.0;eor
       2667;2026042208;    3;  11.7;  49.0;eor
       2667;2026042209;    3;  13.3;  40.0;eor
       2667;2026042210;    3;  13.5;  34.0;eor
       2667;2026042211;    3;  15.3;  34.0;eor
       2667;2026042212;    3;  15.7;  34.0;eor
       2667;2026042213;    3;  17.0;  33.0;eor
       2667;2026042214;    3;  17.3;  31.0;eor
       2667;2026042215;    3;  17.8;  31.0;eor
       2667;2026042216;    3;  18.2;  31.0;eor
       2667;2026042217;    3;  17.5;  38.0;eor
       2667;2026042218;    3;  15.9;  40.0;eor
       2667;2026042219;    3;  13.8;  43.0;eor
       2667;2026042220;    3;  12.1;  47.0;eor
       2667;2026042221;    3;  11.5;  48.0;eor
       2667;2026042222;    3;   9.3;  55.0;eor
       2667;2026042223;    3;   5.9;  70.0;eor
       2667;2026042300;    3;   3.9;  79.0;eor
       2667;2026042301;    3;   4.2;  78.0;eor
       2667;2026042302;    3;   2.8;  84.0;eor
       2667;2026042303;    3;   0.6;  89.0;eor
       2667;2026042304;    3;   0.9;  90.0;eor
       2667;2026042305;    3;   0.7;  92.0;eor
       2667;2026042306;    3;   3.2;  83.0;eor
       2667;2026042307;    3;   8.0;  60.0;eor
       2667;2026042308;    3;  10.9;  54.0;eor
       2667;2026042309;    3;  13.0;  51.0;eor
       2667;2026042310;    3;  15.8;  41.0;eor
       2667;2026042311;    3;  16.8;  34.0;eor
       2667;2026042312;    3;  17.8;  36.0;eor
       2667;2026042313;    3;  18.8;  28.0;eor
       2667;2026042314;    3;  19.1;  27.0;eor
       2667;2026042315;    3;  19.4;  25.0;eor
       2667;2026042316;    3;  18.8;  22.0;eor
       2667;2026042317;    3;  18.0;  27.0;eor
       2667;2026042318;    3;  16.3;  35.0;eor
       2667;2026042319;    3;  13.7;  46.0;eor
       2667;2026042320;    3;  10.6;  61.0;eor
       2667;2026042321;    3;   8.8;  68.0;eor
       2667;2026042322;    3;   8.3;  70.0;eor
       2667;2026042323;    3;   7.3;  75.0;eor
       2667;2026042400;    3;   5.6;  82.0;eor
       2667;2026042401;    3;   5.0;  86.0;eor
       2667;2026042402;    3;   4.9;  89.0;eor
       2667;2026042403;    3;   3.6;  92.0;eor
       2667;2026042404;    3;   2.3;  94.0;eor
       2667;2026042405;    3;   2.2;  97.0;eor
       2667;2026042406;    3;   4.4;  95.0;eor
       2667;2026042407;    3;   5.9;  86.0;eor
       2667;2026042408;    3;   7.2;  78.0;eor
       2667;2026042409;    3;   7.4;  73.0;eor
       2667;2026042410;    3;   9.3;  66.0;eor
       2667;2026042411;    3;  11.0;  60.0;eor
       2667;2026042412;    3;  13.5;  53.0;eor
       2667;2026042413;    3;  14.8;  48.0;eor
       2667;2026042414;    3;  15.8;  41.0;eor
       2667;2026042415;    3;  16.6;  40.0;eor
       2667;2026042416;    3;  17.2;  40.0;eor
       2667;2026042417;    3;  17.1;  39.0;eor
       2667;2026042418;    3;  15.5;  44.0;eor
       2667;2026042419;    3;  12.2;  56.0;eor
       2667;2026042420;    3;  10.2;  61.0;eor
       2667;2026042421;    3;   8.2;  70.0;eor
       2667;2026042422;    3;   8.7;  71.0;eor
       2667;2026042423;    3;   6.7;  81.0;eor
       2667;2026042500;    3;   5.4;  87.0;eor
       2667;2026042501;    3;   4.1;  92.0;eor
       2667;2026042502;    3;   3.1;  95.0;eor
       2667;2026042503;    3;   1.7;  95.0;eor
       2667;2026042504;    3;   1.7;  96.0;eor
       2667;2026042505;    3;   2.5;  95.0;eor
       2667;2026042506;    3;   4.9;  93.0;eor
       2667;2026042507;    3;   5.9;  94.0;eor
       2667;2026042508;    3;   6.3;  93.0;eor
       2667;2026042509;    3;   7.6;  88.0;eor
       2667;2026042510;    3;   8.0;  82.0;eor
       2667;2026042511;    3;   9.4;  73.0;eor
       2667;2026042512;    3;  12.5;  65.0;eor
       2667;2026042513;    3;  14.5;  45.0;eor
       2667;2026042514;    3;  16.1;  32.0;eor
       2667;2026042515;    3;  17.1;  31.0;eor
       2667;2026042516;    3;  16.8;  32.0;eor
       2667;2026042517;    3;  16.6;  36.0;eor
       2667;2026042518;    3;  15.3;  35.0;eor
       2667;2026042519;    3;  12.4;  45.0;eor
       2667;2026042520;    3;  10.1;  52.0;eor
       2667;2026042521;    3;   8.1;  61.0;eor
       2667;2026042522;    3;   6.4;  70.0;eor
       2667;2026042523;    3;   6.0;  71.0;eor
       2667;2026042600;    3;   4.8;  80.0;eor
       2667;2026042601;    3;   3.5;  85.0;eor
       2667;2026042602;    3;   2.8;  89.0;eor
       2667;2026042603;    3;   1.5;  89.0;eor
       2667;2026042604;    3;   2.3;  93.0;eor
       2667;2026042605;    3;   2.7;  93.0;eor
       2667;2026042606;    3;   5.9;  79.0;eor
       2667;2026042607;    3;   8.5;  68.0;eor
       2667;2026042608;    3;   9.7;  62.0;eor
       2667;2026042609;    3;  10.1;  61.0;eor
       2667;2026042610;    3;  11.8;  52.0;eor
       2667;2026042611;    3;  13.0;  42.0;eor
       2667;2026042612;    3;  15.1;  35.0;eor
       2667;2026042613;    3;  16.2;  39.0;eor
       2667;2026042614;    3;  16.3;  37.0;eor
       2667;2026042615;    3;  17.2;  37.0;eor
       2667;2026042616;    3;  17.4;  35.0;eor
       2667;2026042617;    3;  17.0;  34.0;eor
       2667;2026042618;    3;  15.3;  37.0;eor
       2667;2026042619;    3;  13.1;  41.0;eor
       2667;2026042620;    3;  10.1;  52.0;eor
       2667;2026042621;    3;   9.9;  51.0;eor
       2667;2026042622;    3;   7.3;  61.0;eor
       2667;2026042623;    3;   5.9;  67.0;eor
       2667;2026042700;    3;   4.7;  72.0;eor
       2667;2026042701;    3;   4.6;  76.0;eor
       2667;2026042702;    3;   2.3;  86.0;eor
       2667;2026042703;    3;   1.4;  88.0;eor
       2667;2026042704;    3;   1.2;  90.0;eor
       2667;2026042705;    3;   0.6;  89.0;eor
       2667;2026042706;    3;   3.9;  81.0;eor
       2667;2026042707;    3;   8.4;  62.0;eor
       2667;2026042708;    3;  11.6;  55.0;eor
       2667;2026042709;    3;  13.3;  48.0;eor
       2667;2026042710;    3;  15.0;  45.0;eor
       2667;2026042711;    3;  16.4;  36.0;eor
       2667;2026042712;    3;  17.3;  34.0;eor
       2667;2026042713;    3;  18.8;  31.0;eor
       2667;2026042714;    3;  19.3;  33.0;eor
       2667;2026042715;    3;  20.0;  33.0;eor
       2667;2026042716;    3;  19.4;  35.0;eor
       2667;2026042717;    3;  17.8;  38.0;eor
       2667;2026042718;    3;  16.8;  39.0;eor
       2667;2026042719;    3;  15.2;  42.0;eor
       2667;2026042720;    3;  13.0;  49.0;eor
       2667;2026042721;    3;  12.0;  50.0;eor
       2667;2026042722;    3;  11.8;  50.0;eor
       2667;2026042723;    3;   8.1;  63.0;eor
       2667;2026042800;    3;   7.4;  69.0;eor
       2667;2026042801;    3;   6.6;  73.0;eor
       2667;2026042802;    3;   5.8;  77.0;eor
       2667;2026042803;    3;   6.0;  78.0;eor
       2667;2026042804;    3;   4.2;  86.0;eor
       2667;2026042805;    3;   3.4;  87.0;eor
       2667;2026042806;    3;   5.2;  84.0;eor
       2667;2026042807;    3;  10.8;  64.0;eor
       2667;2026042808;    3;  13.6;  48.0;eor
       2667;2026042809;    3;  15.2;  47.0;eor
       2667;2026042810;    3;  17.4;  43.0;eor
       2667;2026042811;    3;  19.3;  36.0;eor
       2667;2026042812;    3;  19.9;  32.0;eor
       2667;2026042813;    3;  20.8;  29.0;eor
       2667;2026042814;    3;  20.9;  28.0;eor
       2667;2026042815;    3;  21.5;  28.0;eor
       2667;2026042816;    3;  21.0;  27.0;eor
       2667;2026042817;    3;  20.0;  30.0;eor
       2667;2026042818;    3;  18.7;  31.0;eor
       2667;2026042819;    3;  16.6;  35.0;eor
       2667;2026042820;    3;  14.8;  40.0;eor
       2667;2026042821;    3;  13.5;  42.0;eor
       2667;2026042822;    3;  12.1;  45.0;eor
       2667;2026042823;    3;   9.6;  52.0;eor
       2667;2026042900;    3;   8.8;  51.0;eor
       2667;2026042901;    3;   6.2;  61.0;eor
       2667;2026042902;    3;   6.0;  59.0;eor
       2667;2026042903;    3;   3.9;  68.0;eor
       2667;2026042904;    3;   2.9;  71.0;eor
       2667;2026042905;    3;   2.2;  74.0;eor
       2667;2026042906;    3;   6.0;  68.0;eor
       2667;2026042907;    3;  11.8;  38.0;eor
       2667;2026042908;    3;  13.8;  32.0;eor
       2667;2026042909;    3;  15.5;  28.0;eor
       2667;2026042910;    3;  16.2;  25.0;eor
       2667;2026042911;    3;  17.0;  25.0;eor
       2667;2026042912;    3;  18.1;  26.0;eor
       2667;2026042913;    3;  19.0;  24.0;eor
       2667;2026042914;    3;  18.9;  21.0;eor
       2667;2026042915;    3;  19.1;  21.0;eor
       2667;2026042916;    3;  19.3;  24.0;eor
       2667;2026042917;    3;  18.5;  24.0;eor
       2667;2026042918;    3;  17.2;  26.0;eor
       2667;2026042919;    3;  14.8;  31.0;eor
       2667;2026042920;    3;  13.3;  33.0;eor
       2667;2026042921;    3;  12.4;  34.0;eor
       2667;2026042922;    3;  11.2;  38.0;eor
       2667;2026042923;    3;  10.3;  40.0;eor
       2667;2026043000;    3;   9.0;  43.0;eor
       2667;2026043001;    3;   9.2;  40.0;eor
       2667;2026043002;    3;   8.4;  41.0;eor
       2667;2026043003;    3;   8.1;  41.0;eor
       2667;2026043004;    3;   7.2;  43.0;eor
       2667;2026043005;    3;   7.3;  42.0;eor
       2667;2026043006;    3;   8.4;  39.0;eor
       2667;2026043007;    3;   9.9;  35.0;eor
       2667;2026043008;    3;  11.5;  33.0;eor
       2667;2026043009;    3;  13.6;  29.0;eor
       2667;2026043010;    3;  14.4;  26.0;eor
       2667;2026043011;    3;  16.1;  25.0;eor
       2667;2026043012;    3;  16.7;  22.0;eor
       2667;2026043013;    3;  18.4;  21.0;eor
       2667;2026043014;    3;  19.0;  19.0;eor
       2667;2026043015;    3;  19.3;  19.0;eor
       2667;2026043016;    3;  19.6;  21.0;eor
       2667;2026043017;    3;  19.1;  22.0;eor
       2667;2026043018;    3;  18.3;  25.0;eor
       2667;2026043019;    3;  16.2;  29.0;eor
       2667;2026043020;    3;  13.6;  37.0;eor
       2667;2026043021;    3;  14.0;  35.0;eor
       2667;2026043022;    3;  13.1;  39.0;eor
       2667;2026043023;    3;  12.3;  43.0;eor
       2667;2026050100;    3;  10.6;  50.0;eor
       2667;2026050101;    3;  10.9;  50.0;eor
       2667;2026050102;    3;  10.4;  51.0;eor
       2667;2026050103;    3;  10.1;  51.0;eor
       2667;2026050104;    3;   9.3;  52.0;eor
       2667;2026050105;    3;   9.6;  50.0;eor
       2667;2026050106;    3;  11.4;  46.0;eor
       2667;2026050107;    3;  13.8;  36.0;eor
       2667;2026050108;    3;  15.5;  30.0;eor
       2667;2026050109;    3;  17.3;  29.0;eor
       2667;2026050110;    3;  18.6;  30.0;eor
       2667;2026050111;    3;  20.4;  30.0;eor
       2667;2026050112;    3;  21.2;  27.0;eor
       2667;2026050113;    3;  21.5;  27.0;eor
       2667;2026050114;    3;  22.8;  27.0;eor
       2667;2026050115;    3;  22.7;  26.0;eor
       2667;2026050116;    3;  22.9;  26.0;eor
       2667;2026050117;    3;  22.6;  27.0;eor
       2667;2026050118;    3;  21.4;  30.0;eor
       2667;2026050119;    3;  18.4;  39.0;eor
       2667;2026050120;    3;  16.7;  42.0;eor
       2667;2026050121;    3;  15.1;  46.0;eor
       2667;2026050122;    3;  11.5;  58.0;eor
       2667;2026050123;    3;  13.7;  52.0;eor
       2667;2026050200;    3;  13.1;  54.0;eor
       2667;2026050201;    3;  12.8;  55.0;eor
       2667;2026050202;    3;  12.4;  56.0;eor
       2667;2026050203;    3;  11.3;  61.0;eor
       2667;2026050204;    3;  12.3;  55.0;eor
       2667;2026050205;    3;  12.4;  56.0;eor
       2667;2026050206;    3;  14.7;  51.0;eor
       2667;2026050207;    3;  16.7;  49.0;eor
       2667;2026050208;    3;  17.9;  47.0;eor
       2667;2026050209;    3;  20.6;  42.0;eor
       2667;2026050210;    3;  22.1;  39.0;eor
       2667;2026050211;    3;  23.3;  37.0;eor
       2667;2026050212;    3;  25.5;  39.0;eor
       2667;2026050213;    3;  25.0;  37.0;eor
       2667;2026050214;    3;  22.9;  46.0;eor
       2667;2026050215;    3;  20.9;  66.0;eor
       2667;2026050216;    3;  21.8;  63.0;eor
       2667;2026050217;    3;  21.7;  60.0;eor
       2667;2026050218;    3;  18.4;  81.0;eor
       2667;2026050219;    3;  17.6;  86.0;eor
       2667;2026050220;    3;  16.6;  89.0;eor
       2667;2026050221;    3;  15.4;  88.0;eor
       2667;2026050222;    3;  12.2;  95.0;eor
       2667;2026050223;    3;  14.2;  96.0;eor
       2667;2026050300;    3;  13.6;  91.0;eor
       2667;2026050301;    3;  14.3;  81.0;eor
       2667;2026050302;    3;  15.1;  72.0;eor
       2667;2026050303;    3;  12.7;  81.0;eor
       2667;2026050304;    3;  12.0;  80.0;eor
       2667;2026050305;    3;  11.7;  77.0;eor
       2667;2026050306;    3;  15.6;  63.0;eor
       2667;2026050307;    3;  17.5;  51.0;eor
       2667;2026050308;    3;  18.5;  48.0;eor
       2667;2026050309;    3;  18.8;  47.0;eor
       2667;2026050310;    3;  19.7;  45.0;eor
       2667;2026050311;    3;  20.6;  40.0;eor
       2667;2026050312;    3;  20.9;  44.0;eor
       2667;2026050313;    3;  19.3;  52.0;eor
       2667;2026050314;    3;  19.1;  55.0;eor
       2667;2026050315;    3;  17.9;  70.0;eor
       2667;2026050316;    3;  16.1;  80.0;eor
       2667;2026050317;    3;  15.4;  88.0;eor
       2667;2026050318;    3;  16.4;  70.0;eor
       2667;2026050319;    3;  15.4;  74.0;eor
       2667;2026050320;    3;  15.1;  71.0;eor
       2667;2026050321;    3;  15.1;  69.0;eor
       2667;2026050322;    3;  15.5;  66.0;eor
       2667;2026050323;    3;  13.6;  73.0;eor
       2667;2026050400;    3;  12.2;  80.0;eor
       2667;2026050401;    3;  12.3;  79.0;eor
       2667;2026050402;    3;  10.1;  86.0;eor
       2667;2026050403;    3;  11.0;  84.0;eor
       2667;2026050404;    3;  11.6;  81.0;eor
       2667;2026050405;    3;  11.6;  82.0;eor
       2667;2026050406;    3;  12.3;  80.0;eor
       2667;2026050407;    3;  13.3;  76.0;eor
       2667;2026050408;    3;  16.5;  66.0;eor
       2667;2026050409;    3;  18.3;  60.0;eor
       2667;2026050410;    3;  20.1;  57.0;eor
       2667;2026050411;    3;  19.5;  56.0;eor
       2667;2026050412;    3;  19.8;  58.0;eor
       2667;2026050413;    3;  20.1;  53.0;eor
       2667;2026050414;    3;  15.3;  86.0;eor
       2667;2026050415;    3;  15.4;  91.0;eor
       2667;2026050416;    3;  15.5;  90.0;eor
       2667;2026050417;    3;  15.2;  92.0;eor
       2667;2026050418;    3;  14.5;  92.0;eor
       2667;2026050419;    3;  14.0;  95.0;eor
       2667;2026050420;    3;  13.8;  96.0;eor
       2667;2026050421;    3;  13.7;  95.0;eor
       2667;2026050422;    3;  13.5;  94.0;eor
       2667;2026050423;    3;  13.6;  94.0;eor
       2667;2026050500;    3;  13.5;  94.0;eor
       2667;2026050501;    3;  13.2;  97.0;eor
       2667;2026050502;    3;  12.8;  98.0;eor
       2667;2026050503;    3;  13.1;  97.0;eor
       2667;2026050504;    3;  13.0;  96.0;eor
       2667;2026050505;    3;  12.9;  96.0;eor
       2667;2026050506;    3;  13.2;  95.0;eor
       2667;2026050507;    3;  14.0;  92.0;eor
       2667;2026050508;    3;  14.3;  86.0;eor
       2667;2026050509;    3;  15.0;  83.0;eor
       2667;2026050510;    3;  15.3;  83.0;eor
       2667;2026050511;    3;  15.5;  82.0;eor
       2667;2026050512;    3;  17.2;  74.0;eor
       2667;2026050513;    3;  16.5;  78.0;eor
       2667;2026050514;    3;  16.6;  79.0;eor
       2667;2026050515;    3;  16.0;  80.0;eor
       2667;2026050516;    3;  14.9;  86.0;eor
       2667;2026050517;    3;  13.7;  94.0;eor
       2667;2026050518;    3;  13.1;  96.0;eor
       2667;2026050519;    3;  12.3;  97.0;eor
       2667;2026050520;    3;  11.9;  97.0;eor
       2667;2026050521;    3;  11.4;  97.0;eor
       2667;2026050522;    3;  10.8;  97.0;eor
       2667;2026050523;    3;  10.6;  97.0;eor
       2667;2026050600;    3;  10.7;  97.0;eor
       2667;2026050601;    3;  10.7;  97.0;eor
       2667;2026050602;    3;  10.6;  97.0;eor
       2667;2026050603;    3;  10.5;  97.0;eor
       2667;2026050604;    3;  10.4;  97.0;eor
       2667;2026050605;    3;  10.4;  97.0;eor
       2667;2026050606;    3;  10.4;  97.0;eor
       2667;2026050607;    3;  10.6;  97.0;eor
       2667;2026050608;    3;  10.8;  96.0;eor
       2667;2026050609;    3;  11.1;  95.0;eor
       2667;2026050610;    3;  11.3;  93.0;eor
       2667;2026050611;    3;  11.0;  93.0;eor
       2667;2026050612;    3;  10.6;  94.0;eor
       2667;2026050613;    3;  10.8;  95.0;eor
       2667;2026050614;    3;  10.4;  93.0;eor
       2667;2026050615;    3;  10.2;  93.0;eor
       2667;2026050616;    3;   9.9;  93.0;eor
       2667;2026050617;    3;   9.4;  94.0;eor
       2667;2026050618;    3;   9.1;  95.0;eor
       2667;2026050619;    3;   9.0;  94.0;eor
       2667;2026050620;    3;   8.7;  95.0;eor
       2667;2026050621;    3;   8.7;  96.0;eor
       2667;2026050622;    3;   8.5;  94.0;eor
       2667;2026050623;    3;   8.2;  95.0;eor
       2667;2026050700;    3;   8.1;  95.0;eor
       2667;2026050701;    3;   8.0;  95.0;eor
       2667;2026050702;    3;   8.0;  92.0;eor
       2667;2026050703;    3;   7.8;  94.0;eor
       2667;2026050704;    3;   7.7;  93.0;eor
       2667;2026050705;    3;   8.0;  92.0;eor
       2667;2026050706;    3;   8.9;  89.0;eor
       2667;2026050707;    3;   9.6;  87.0;eor
       2667;2026050708;    3;  10.7;  77.0;eor
       2667;2026050709;    3;  12.3;  71.0;eor
       2667;2026050710;    3;  13.3;  67.0;eor
       2667;2026050711;    3;  13.6;  59.0;eor
       2667;2026050712;    3;  14.3;  56.0;eor
       2667;2026050713;    3;  14.8;  51.0;eor
       2667;2026050714;    3;  14.9;  51.0;eor
       2667;2026050715;    3;  15.4;  48.0;eor
       2667;2026050716;    3;  14.5;  57.0;eor
       2667;2026050717;    3;  14.3;  59.0;eor
       2667;2026050718;    3;  13.6;  63.0;eor
       2667;2026050719;    3;  12.5;  73.0;eor
       2667;2026050720;    3;  11.6;  74.0;eor
       2667;2026050721;    3;  10.0;  80.0;eor
       2667;2026050722;    3;   6.5;  90.0;eor
       2667;2026050723;    3;   8.4;  84.0;eor
       2667;2026050800;    3;   7.0;  89.0;eor
       2667;2026050801;    3;   7.1;  90.0;eor
       2667;2026050802;    3;   7.3;  91.0;eor
       2667;2026050803;    3;   7.2;  91.0;eor
       2667;2026050804;    3;   6.7;  92.0;eor
       2667;2026050805;    3;   7.4;  88.0;eor
       2667;2026050806;    3;   8.3;  85.0;eor
       2667;2026050807;    3;   9.7;  80.0;eor
       2667;2026050808;    3;  11.5;  75.0;eor
       2667;2026050809;    3;  13.1;  70.0;eor
       2667;2026050810;    3;  15.2;  57.0;eor
       2667;2026050811;    3;  15.5;  51.0;eor
       2667;2026050812;    3;  16.0;  47.0;eor
       2667;2026050813;    3;  17.6;  44.0;eor
       2667;2026050814;    3;  18.6;  43.0;eor
       2667;2026050815;    3;  17.4;  42.0;eor
       2667;2026050816;    3;  16.7;  43.0;eor
       2667;2026050817;    3;  17.5;  45.0;eor
       2667;2026050818;    3;  16.7;  46.0;eor
       2667;2026050819;    3;  13.1;  67.0;eor
       2667;2026050820;    3;  10.1;  80.0;eor
       2667;2026050821;    3;  10.5;  77.0;eor
       2667;2026050822;    3;  10.6;  78.0;eor
       2667;2026050823;    3;  10.2;  79.0;eor
       2667;2026050900;    3;   7.6;  84.0;eor
       2667;2026050901;    3;   6.3;  94.0;eor
       2667;2026050902;    3;   6.3;  95.0;eor
       2667;2026050903;    3;   6.2;  95.0;eor
       2667;2026050904;    3;   5.7;  94.0;eor
       2667;2026050905;    3;   4.8;  94.0;eor
       2667;2026050906;    3;   9.6;  81.0;eor
       2667;2026050907;    3;  12.1;  76.0;eor
       2667;2026050908;    3;  13.9;  67.0;eor
       2667;2026050909;    3;  16.2;  58.0;eor
       2667;2026050910;    3;  17.4;  50.0;eor
       2667;2026050911;    3;  17.6;  46.0;eor
       2667;2026050912;    3;  19.5;  42.0;eor
       2667;2026050913;    3;  20.2;  37.0;eor
       2667;2026050914;    3;  21.0;  39.0;eor
       2667;2026050915;    3;  21.2;  37.0;eor
       2667;2026050916;    3;  21.2;  39.0;eor
       2667;2026050917;    3;  20.6;  36.0;eor
       2667;2026050918;    3;  20.0;  43.0;eor
       2667;2026050919;    3;  16.2;  57.0;eor
       2667;2026050920;    3;  14.3;  63.0;eor
       2667;2026050921;    3;  12.9;  68.0;eor
       2667;2026050922;    3;  11.1;  78.0;eor
       2667;2026050923;    3;   9.5;  87.0;eor
       2667;2026051000;    3;   7.4;  91.0;eor
       2667;2026051001;    3;   7.4;  91.0;eor
       2667;2026051002;    3;   7.2;  94.0;eor
       2667;2026051003;    3;   7.7;  94.0;eor
       2667;2026051004;    3;   7.1;  95.0;eor
       2667;2026051005;    3;   7.4;  94.0;eor
       2667;2026051006;    3;  10.0;  88.0;eor
       2667;2026051007;    3;  12.4;  77.0;eor
       2667;2026051008;    3;  13.9;  71.0;eor
       2667;2026051009;    3;  16.9;  65.0;eor
       2667;2026051010;    3;  18.7;  56.0;eor
       2667;2026051011;    3;  19.8;  52.0;eor
       2667;2026051012;    3;  20.0;  50.0;eor
       2667;2026051013;    3;  20.7;  48.0;eor
       2667;2026051014;    3;  21.3;  45.0;eor
       2667;2026051015;    3;  21.5;  46.0;eor
       2667;2026051016;    3;  20.3;  48.0;eor
       2667;2026051017;    3;  19.7;  50.0;eor
       2667;2026051018;    3;  18.6;  53.0;eor
       2667;2026051019;    3;  17.4;  56.0;eor
       2667;2026051020;    3;  16.5;  58.0;eor
       2667;2026051021;    3;  15.5;  65.0;eor
       2667;2026051022;    3;  14.7;  71.0;eor
       2667;2026051023;    3;  13.1;  84.0;eor
       2667;2026051100;    3;  11.9;  95.0;eor
       2667;2026051101;    3;  10.8;  93.0;eor
       2667;2026051102;    3;   9.7;  95.0;eor
       2667;2026051103;    3;   8.6;  95.0;eor
       2667;2026051104;    3;   7.9;  96.0;eor
       2667;2026051105;    3;   7.5;  94.0;eor
       2667;2026051106;    3;   6.9;  94.0;eor
       2667;2026051107;    3;   6.6;  94.0;eor
       2667;2026051108;    3;   6.7;  92.0;eor
       2667;2026051109;    3;   6.9;  92.0;eor
       2667;2026051110;    3;   6.5;  90.0;eor
       2667;2026051111;    3;   6.5;  91.0;eor
       2667;2026051112;    3;   9.5;  65.0;eor
       2667;2026051113;    3;  10.0;  61.0;eor
       2667;2026051114;    3;  10.9;  56.0;eor
       2667;2026051115;    3;  10.4;  64.0;eor
       2667;2026051116;    3;   8.5;  79.0;eor
       2667;2026051117;    3;   9.8;  68.0;eor
       2667;2026051118;    3;   8.6;  69.0;eor
       2667;2026051119;    3;   8.1;  65.0;eor
       2667;2026051120;    3;   7.9;  59.0;eor
       2667;2026051121;    3;   7.3;  62.0;eor
       2667;2026051122;    3;   6.0;  67.0;eor
       2667;2026051123;    3;   5.5;  68.0;eor
       2667;2026051200;    3;   4.4;  74.0;eor
       2667;2026051201;    3;   4.8;  75.0;eor
       2667;2026051202;    3;   4.9;  76.0;eor
       2667;2026051203;    3;   4.7;  77.0;eor
       2667;2026051204;    3;   4.2;  80.0;eor
       2667;2026051205;    3;   4.8;  80.0;eor
       2667;2026051206;    3;   6.3;  74.0;eor
       2667;2026051207;    3;   7.5;  70.0;eor
       2667;2026051208;    3;   8.8;  64.0;eor
       2667;2026051209;    3;   8.1;  63.0;eor
       2667;2026051210;    3;   8.8;  67.0;eor
       2667;2026051211;    3;   9.9;  60.0;eor
       2667;2026051212;    3;   8.1;  74.0;eor
       2667;2026051213;    3;  10.9;  59.0;eor
       2667;2026051214;    3;  10.6;  56.0;eor
       2667;2026051215;    3;  11.6;  56.0;eor
       2667;2026051216;    3;  11.2;  54.0;eor
       2667;2026051217;    3;  10.7;  56.0;eor
       2667;2026051218;    3;  10.4;  59.0;eor
       2667;2026051219;    3;   9.4;  65.0;eor
       2667;2026051220;    3;  10.0;  61.0;eor
       2667;2026051221;    3;   9.9;  63.0;eor
       2667;2026051222;    3;   9.6;  65.0;eor
       2667;2026051223;    3;   9.4;  67.0;eor
       2667;2026051300;    3;   9.2;  69.0;eor
       2667;2026051301;    3;   9.6;  68.0;eor
       2667;2026051302;    3;   9.3;  73.0;eor
       2667;2026051303;    3;   8.5;  81.0;eor
       2667;2026051304;    3;   8.3;  83.0;eor
       2667;2026051305;    3;   8.4;  84.0;eor
       2667;2026051306;    3;   9.7;  80.0;eor
       2667;2026051307;    3;  10.5;  76.0;eor
       2667;2026051308;    3;  11.2;  69.0;eor
       2667;2026051309;    3;  11.7;  66.0;eor
       2667;2026051310;    3;  12.7;  50.0;eor
       2667;2026051311;    3;  12.0;  54.0;eor
       2667;2026051312;    3;  12.7;  55.0;eor
       2667;2026051313;    3;  11.7;  65.0;eor
       2667;2026051314;    3;  10.8;  77.0;eor
       2667;2026051315;    3;  11.2;  73.0;eor
       2667;2026051316;    3;   9.5;  79.0;eor
       2667;2026051317;    3;   9.2;  78.0;eor
       2667;2026051318;    3;   8.8;  82.0;eor
       2667;2026051319;    3;   9.0;  80.0;eor
       2667;2026051320;    3;   7.4;  91.0;eor
       2667;2026051321;    3;   7.0;  89.0;eor
       2667;2026051322;    3;   6.9;  87.0;eor
       2667;2026051323;    3;   6.8;  86.0;eor
       2667;2026051400;    3;   6.6;  86.0;eor
       2667;2026051401;    3;   6.3;  90.0;eor
       2667;2026051402;    3;   7.1;  85.0;eor
       2667;2026051403;    3;   7.0;  85.0;eor
       2667;2026051404;    3;   7.2;  81.0;eor
       2667;2026051405;    3;   7.4;  80.0;eor
       2667;2026051406;    3;   7.6;  79.0;eor
       2667;2026051407;    3;   8.2;  79.0;eor
       2667;2026051408;    3;   9.9;  71.0;eor
       2667;2026051409;    3;  10.2;  68.0;eor
       2667;2026051410;    3;  10.8;  64.0;eor
       2667;2026051411;    3;  11.2;  63.0;eor
       2667;2026051412;    3;  11.7;  60.0;eor
       2667;2026051413;    3;  13.2;  50.0;eor
       2667;2026051414;    3;  12.4;  56.0;eor
       2667;2026051415;    3;  12.7;  55.0;eor
       2667;2026051416;    3;  12.2;  52.0;eor
       2667;2026051417;    3;  11.0;  65.0;eor
       2667;2026051418;    3;   9.5;  65.0;eor
       2667;2026051419;    3;   8.6;  73.0;eor
       2667;2026051420;    3;   6.9;  85.0;eor
       2667;2026051421;    3;   6.8;  86.0;eor
       2667;2026051422;    3;   5.9;  91.0;eor
       2667;2026051423;    3;   5.7;  92.0;eor
       2667;2026051500;    3;   5.1;  92.0;eor
       2667;2026051501;    3;   3.9;  94.0;eor
       2667;2026051502;    3;   4.0;  94.0;eor
       2667;2026051503;    3;   4.5;  94.0;eor
       2667;2026051504;    3;   4.6;  93.0;eor
       2667;2026051505;    3;   4.6;  95.0;eor
       2667;2026051506;    3;   6.1;  89.0;eor
       2667;2026051507;    3;   8.0;  79.0;eor
       2667;2026051508;    3;  10.1;  60.0;eor
       2667;2026051509;    3;   9.8;  57.0;eor
       2667;2026051510;    3;  12.2;  50.0;eor
       2667;2026051511;    3;  12.9;  46.0;eor
       2667;2026051512;    3;  12.5;  44.0;eor
       2667;2026051513;    3;  12.2;  56.0;eor
       2667;2026051514;    3;  10.9;  64.0;eor
       2667;2026051515;    3;  13.8;  46.0;eor
       2667;2026051516;    3;  11.7;  57.0;eor
       2667;2026051517;    3;  10.7;  69.0;eor
       2667;2026051518;    3;   9.1;  71.0;eor
       2667;2026051519;    3;   8.8;  77.0;eor
       2667;2026051520;    3;   8.2;  81.0;eor
       2667;2026051521;    3;   8.2;  86.0;eor
       2667;2026051522;    3;   6.7;  81.0;eor
       2667;2026051523;    3;   6.2;  82.0;eor
       2667;2026051600;    3;   5.8;  84.0;eor
       2667;2026051601;    3;   5.7;  86.0;eor
       2667;2026051602;    3;   4.9;  90.0;eor
       2667;2026051603;    3;   4.8;  94.0;eor
       2667;2026051604;    3;   5.1;  93.0;eor
       2667;2026051605;    3;   4.7;  92.0;eor
       2667;2026051606;    3;   6.3;  87.0;eor
       2667;2026051607;    3;   7.8;  74.0;eor
       2667;2026051608;    3;   8.2;  73.0;eor
       2667;2026051609;    3;   9.3;  68.0;eor
       2667;2026051610;    3;  11.0;  56.0;eor
       2667;2026051611;    3;  11.3;  50.0;eor
       2667;2026051612;    3;  12.1;  49.0;eor
       2667;2026051613;    3;  12.9;  41.0;eor
       2667;2026051614;    3;  13.7;  42.0;eor
       2667;2026051615;    3;  13.3;  39.0;eor
       2667;2026051616;    3;  14.1;  37.0;eor
       2667;2026051617;    3;  13.2;  43.0;eor
       2667;2026051618;    3;  12.5;  46.0;eor
       2667;2026051619;    3;  10.3;  69.0;eor
       2667;2026051620;    3;   9.2;  82.0;eor
       2667;2026051621;    3;   9.4;  79.0;eor
       2667;2026051622;    3;   7.4;  86.0;eor
       2667;2026051623;    3;   6.8;  87.0;eor
       2667;2026051700;    3;   6.1;  85.0;eor
       2667;2026051701;    3;   6.3;  84.0;eor
       2667;2026051702;    3;   6.7;  84.0;eor
       2667;2026051703;    3;   6.2;  85.0;eor
       2667;2026051704;    3;   6.2;  86.0;eor
       2667;2026051705;    3;   6.9;  83.0;eor
       2667;2026051706;    3;   7.9;  81.0;eor
       2667;2026051707;    3;   9.5;  76.0;eor
       2667;2026051708;    3;  11.6;  65.0;eor
       2667;2026051709;    3;  11.5;  74.0;eor
       2667;2026051710;    3;  11.7;  76.0;eor
       2667;2026051711;    3;  12.7;  74.0;eor
       2667;2026051712;    3;  14.4;  67.0;eor
       2667;2026051713;    3;  14.9;  63.0;eor
       2667;2026051714;    3;  14.5;  67.0;eor
       2667;2026051715;    3;  13.8;  79.0;eor
       2667;2026051716;    3;  14.1;  75.0;eor
       2667;2026051717;    3;  14.3;  72.0;eor
       2667;2026051718;    3;  13.8;  74.0;eor
       2667;2026051719;    3;  12.7;  80.0;eor
       2667;2026051720;    3;  12.0;  88.0;eor
       2667;2026051721;    3;  11.5;  92.0;eor
       2667;2026051722;    3;  11.2;  91.0;eor
       2667;2026051723;    3;  11.2;  90.0;eor
       2667;2026051800;    3;  11.4;  87.0;eor
       2667;2026051801;    3;  11.2;  86.0;eor
       2667;2026051802;    3;  10.4;  93.0;eor
       2667;2026051803;    3;  10.4;  94.0;eor
       2667;2026051804;    3;  10.1;  97.0;eor
       2667;2026051805;    3;  10.1;  96.0;eor
       2667;2026051806;    3;  10.7;  94.0;eor
       2667;2026051807;    3;  11.0;  94.0;eor
       2667;2026051808;    3;  10.5;  92.0;eor
       2667;2026051809;    3;  10.4;  91.0;eor
       2667;2026051810;    3;  10.6;  87.0;eor
       2667;2026051811;    3;  12.0;  74.0;eor
       2667;2026051812;    3;  13.3;  76.0;eor
       2667;2026051813;    3;  14.1;  69.0;eor
       2667;2026051814;    3;  15.3;  54.0;eor
       2667;2026051815;    3;  15.9;  48.0;eor
       2667;2026051816;    3;  15.0;  58.0;eor
       2667;2026051817;    3;  12.1;  83.0;eor
       2667;2026051818;    3;  12.3;  80.0;eor
       2667;2026051819;    3;  10.4;  91.0;eor
       2667;2026051820;    3;  10.6;  86.0;eor
       2667;2026051821;    3;  10.0;  89.0;eor
       2667;2026051822;    3;   8.4;  91.0;eor
       2667;2026051823;    3;   8.3;  92.0;eor
       2667;2026051900;    3;   8.1;  94.0;eor
       2667;2026051901;    3;   5.8;  96.0;eor
       2667;2026051902;    3;   6.8;  97.0;eor
       2667;2026051903;    3;   5.2;  96.0;eor
       2667;2026051904;    3;   4.4;  98.0;eor
       2667;2026051905;    3;   7.7;  92.0;eor
       2667;2026051906;    3;   8.2;  92.0;eor
       2667;2026051907;    3;   9.5;  87.0;eor
       2667;2026051908;    3;  10.6;  83.0;eor
       2667;2026051909;    3;  12.8;  74.0;eor
       2667;2026051910;    3;  14.4;  68.0;eor
       2667;2026051911;    3;  15.6;  69.0;eor
       2667;2026051912;    3;  15.2;  66.0;eor
       2667;2026051913;    3;  15.7;  62.0;eor
       2667;2026051914;    3;  15.9;  66.0;eor
       2667;2026051915;    3;  15.9;  62.0;eor
       2667;2026051916;    3;  15.7;  66.0;eor
       2667;2026051917;    3;  15.7;  67.0;eor
       2667;2026051918;    3;  15.6;  65.0;eor
       2667;2026051919;    3;  13.7;  81.0;eor
       2667;2026051920;    3;  12.7;  92.0;eor
       2667;2026051921;    3;  12.5;  93.0;eor
       2667;2026051922;    3;  12.4;  93.0;eor
       2667;2026051923;    3;  12.2;  95.0;eor
       2667;2026052000;    3;  12.2;  94.0;eor
       2667;2026052001;    3;  12.3;  93.0;eor
       2667;2026052002;    3;  12.5;  92.0;eor
       2667;2026052003;    3;  12.2;  94.0;eor
       2667;2026052004;    3;  12.2;  94.0;eor
       2667;2026052005;    3;  13.4;  88.0;eor
       2667;2026052006;    3;  13.5;  90.0;eor
       2667;2026052007;    3;  12.5;  95.0;eor
       2667;2026052008;    3;  13.9;  87.0;eor
       2667;2026052009;    3;  14.6;  85.0;eor
       2667;2026052010;    3;  13.5;  89.0;eor
       2667;2026052011;    3;  15.2;  82.0;eor
       2667;2026052012;    3;  16.8;  77.0;eor
       2667;2026052013;    3;  17.7;  62.0;eor
       2667;2026052014;    3;  18.8;  60.0;eor
       2667;2026052015;    3;  18.5;  58.0;eor
       2667;2026052016;    3;  18.3;  59.0;eor
       2667;2026052017;    3;  19.2;  59.0;eor
       2667;2026052018;    3;  18.1;  56.0;eor
       2667;2026052019;    3;  17.1;  62.0;eor
       2667;2026052020;    3;  15.9;  70.0;eor
       2667;2026052021;    3;  15.3;  75.0;eor
       2667;2026052022;    3;  15.2;  76.0;eor
       2667;2026052023;    3;  15.2;  77.0;eor
       2667;2026052100;    3;  14.3;  82.0;eor
       2667;2026052101;    3;  14.7;  81.0;eor
       2667;2026052102;    3;  14.6;  80.0;eor
       2667;2026052103;    3;  14.4;  79.0;eor
       2667;2026052104;    3;  14.0;  80.0;eor
       2667;2026052105;    3;  13.7;  85.0;eor
       2667;2026052106;    3;  15.0;  78.0;eor
       2667;2026052107;    3;  16.0;  72.0;eor
       2667;2026052108;    3;  16.4;  68.0;eor
       2667;2026052109;    3;  17.4;  67.0;eor
       2667;2026052110;    3;  18.8;  62.0;eor
       2667;2026052111;    3;  18.8;  59.0;eor
       2667;2026052112;    3;  20.5;  50.0;eor
       2667;2026052113;    3;  21.1;  47.0;eor
       2667;2026052114;    3;  21.3;  49.0;eor
       2667;2026052115;    3;  21.1;  49.0;eor
       2667;2026052116;    3;  21.5;  49.0;eor
       2667;2026052117;    3;  21.2;  49.0;eor
       2667;2026052118;    3;  20.7;  51.0;eor
       2667;2026052119;    3;  18.3;  60.0;eor
       2667;2026052120;    3;  15.0;  74.0;eor
       2667;2026052121;    3;  12.7;  86.0;eor
       2667;2026052122;    3;  11.9;  92.0;eor
       2667;2026052123;    3;  11.3;  94.0;eor
       2667;2026052200;    3;  11.1;  93.0;eor
       2667;2026052201;    3;   9.9;  94.0;eor
       2667;2026052202;    3;   9.8;  97.0;eor
       2667;2026052203;    3;   8.8;  98.0;eor
       2667;2026052204;    3;   8.8;  97.0;eor
       2667;2026052205;    3;   9.1;  95.0;eor
       2667;2026052206;    3;  12.9;  81.0;eor
       2667;2026052207;    3;  16.1;  72.0;eor
       2667;2026052208;    3;  19.5;  61.0;eor
       2667;2026052209;    3;  21.2;  54.0;eor
       2667;2026052210;    3;  23.1;  49.0;eor
       2667;2026052211;    3;  24.2;  47.0;eor
       2667;2026052212;    3;  24.7;  43.0;eor
       2667;2026052213;    3;  25.8;  42.0;eor
       2667;2026052214;    3;  26.0;  39.0;eor
       2667;2026052215;    3;  26.7;  38.0;eor
       2667;2026052216;    3;  26.8;  35.0;eor
       2667;2026052217;    3;  26.4;  36.0;eor
       2667;2026052218;    3;  25.5;  43.0;eor
       2667;2026052219;    3;  22.6;  55.0;eor
       2667;2026052220;    3;  19.1;  71.0;eor
       2667;2026052221;    3;  16.1;  83.0;eor
       2667;2026052222;    3;  16.0;  80.0;eor
       2667;2026052223;    3;  15.3;  84.0;eor
       2667;2026052300;    3;  14.8;  84.0;eor
       2667;2026052301;    3;  13.6;  90.0;eor
       2667;2026052302;    3;  13.0;  92.0;eor
       2667;2026052303;    3;  12.4;  93.0;eor
       2667;2026052304;    3;  11.8;  92.0;eor
       2667;2026052305;    3;  12.6;  91.0;eor
       2667;2026052306;    3;  16.4;  83.0;eor
       2667;2026052307;    3;  19.4;  67.0;eor
       2667;2026052308;    3;  22.1;  58.0;eor
       2667;2026052309;    3;  24.2;  52.0;eor
       2667;2026052310;    3;  26.0;  43.0;eor
       2667;2026052311;    3;  26.9;  40.0;eor
       2667;2026052312;    3;  27.7;  37.0;eor
       2667;2026052313;    3;  28.8;  36.0;eor
       2667;2026052314;    3;  29.0;  37.0;eor
       2667;2026052315;    3;  29.0;  34.0;eor
       2667;2026052316;    3;  29.5;  33.0;eor
       2667;2026052317;    3;  28.5;  37.0;eor
       2667;2026052318;    3;  27.0;  44.0;eor
       2667;2026052319;    3;  23.3;  58.0;eor
       2667;2026052320;    3;  21.3;  60.0;eor
       2667;2026052321;    3;  18.4;  74.0;eor
       2667;2026052322;    3;  17.9;  81.0;eor
       2667;2026052323;    3;  16.1;  89.0;eor
       2667;2026052400;    3;  15.5;  88.0;eor
       2667;2026052401;    3;  14.0;  94.0;eor
       2667;2026052402;    3;  13.9;  94.0;eor
       2667;2026052403;    3;  13.7;  94.0;eor
       2667;2026052404;    3;  13.1;  97.0;eor
       2667;2026052405;    3;  13.4;  95.0;eor
       2667;2026052406;    3;  17.2;  79.0;eor
       2667;2026052407;    3;  19.2;  71.0;eor
       2667;2026052408;    3;  21.9;  67.0;eor
       2667;2026052409;    3;  23.6;  59.0;eor
       2667;2026052410;    3;  25.2;  49.0;eor
       2667;2026052411;    3;  26.0;  48.0;eor
       2667;2026052412;    3;  26.8;  47.0;eor
       2667;2026052413;    3;  27.1;  45.0;eor
       2667;2026052414;    3;  27.1;  44.0;eor
       2667;2026052415;    3;  27.6;  38.0;eor
       2667;2026052416;    3;  27.5;  35.0;eor
       2667;2026052417;    3;  27.1;  38.0;eor
       2667;2026052418;    3;  25.2;  45.0;eor
       2667;2026052419;    3;  22.8;  55.0;eor
       2667;2026052420;    3;  19.6;  66.0;eor
       2667;2026052421;    3;  17.3;  73.0;eor
       2667;2026052422;    3;  17.1;  70.0;eor
       2667;2026052423;    3;  15.4;  81.0;eor
       2667;2026052500;    3;  13.3;  86.0;eor
       2667;2026052501;    3;  12.0;  91.0;eor
       2667;2026052502;    3;  12.0;  92.0;eor
       2667;2026052503;    3;  11.2;  94.0;eor
       2667;2026052504;    3;  11.0;  95.0;eor
       2667;2026052505;    3;  12.1;  91.0;eor
       2667;2026052506;    3;  18.0;  71.0;eor
       2667;2026052507;    3;  20.0;  64.0;eor
       2667;2026052508;    3;  21.8;  58.0;eor
       2667;2026052509;    3;  23.6;  48.0;eor
       2667;2026052510;    3;  24.8;  45.0;eor
       2667;2026052511;    3;  25.4;  44.0;eor
       2667;2026052512;    3;  26.7;  39.0;eor
       2667;2026052513;    3;  27.6;  37.0;eor
       2667;2026052514;    3;  28.0;  32.0;eor
       2667;2026052515;    3;  28.8;  30.0;eor
       2667;2026052516;    3;  28.4;  35.0;eor
       2667;2026052517;    3;  28.5;  35.0;eor
       2667;2026052518;    3;  27.0;  33.0;eor
       2667;2026052519;    3;  24.3;  40.0;eor
       2667;2026052520;    3;  20.5;  50.0;eor
       2667;2026052521;    3;  18.5;  58.0;eor
       2667;2026052522;    3;  16.6;  66.0;eor
       2667;2026052523;    3;  15.7;  67.0;eor
       2667;2026052600;    3;  14.9;  69.0;eor
       2667;2026052601;    3;  13.6;  76.0;eor
       2667;2026052602;    3;  11.8;  85.0;eor
       2667;2026052603;    3;  11.2;  86.0;eor
       2667;2026052604;    3;  11.2;  88.0;eor
       2667;2026052605;    3;  13.9;  80.0;eor
       2667;2026052606;    3;  17.7;  63.0;eor
       2667;2026052607;    3;  20.9;  58.0;eor
       2667;2026052608;    3;  23.3;  49.0;eor
       2667;2026052609;    3;  25.0;  47.0;eor
       2667;2026052610;    3;  26.9;  40.0;eor
       2667;2026052611;    3;  28.0;  38.0;eor
       2667;2026052612;    3;  29.0;  36.0;eor
       2667;2026052613;    3;  29.6;  35.0;eor
       2667;2026052614;    3;  29.5;  34.0;eor
       2667;2026052615;    3;  30.6;  35.0;eor
       2667;2026052616;    3;  30.3;  35.0;eor
       2667;2026052617;    3;  30.1;  38.0;eor
       2667;2026052618;    3;  29.4;  39.0;eor
       2667;2026052619;    3;  25.2;  64.0;eor
       2667;2026052620;    3;  22.5;  64.0;eor
       2667;2026052621;    3;  20.8;  71.0;eor
       2667;2026052622;    3;  18.9;  79.0;eor
       2667;2026052623;    3;  17.2;  84.0;eor
       2667;2026052700;    3;  16.5;  84.0;eor
       2667;2026052701;    3;  15.1;  91.0;eor
       2667;2026052702;    3;  14.6;  90.0;eor
       2667;2026052703;    3;  13.9;  92.0;eor
       2667;2026052704;    3;  13.0;  94.0;eor
       2667;2026052705;    3;  14.9;  89.0;eor
       2667;2026052706;    3;  18.7;  75.0;eor
       2667;2026052707;    3;  21.0;  68.0;eor
       2667;2026052708;    3;  22.8;  57.0;eor
       2667;2026052709;    3;  24.9;  53.0;eor
       2667;2026052710;    3;  25.2;  48.0;eor
       2667;2026052711;    3;  26.1;  46.0;eor
       2667;2026052712;    3;  26.7;  44.0;eor
       2667;2026052713;    3;  26.6;  41.0;eor
       2667;2026052714;    3;  26.4;  41.0;eor
       2667;2026052715;    3;  25.7;  40.0;eor
       2667;2026052716;    3;  25.3;  42.0;eor
       2667;2026052717;    3;  24.7;  42.0;eor
       2667;2026052718;    3;  23.6;  42.0;eor
       2667;2026052719;    3;  21.8;  46.0;eor
       2667;2026052720;    3;  18.8;  57.0;eor
       2667;2026052721;    3;  15.9;  70.0;eor
       2667;2026052722;    3;  15.1;  71.0;eor
       2667;2026052723;    3;  14.2;  74.0;eor
       2667;2026052800;    3;  12.4;  82.0;eor
       2667;2026052801;    3;  12.2;  81.0;eor
       2667;2026052802;    3;  11.4;  84.0;eor
       2667;2026052803;    3;  10.5;  87.0;eor
       2667;2026052804;    3;  10.3;  85.0;eor
       2667;2026052805;    3;  12.0;  81.0;eor
       2667;2026052806;    3;  15.7;  67.0;eor
       2667;2026052807;    3;  17.5;  57.0;eor
       2667;2026052808;    3;  19.0;  54.0;eor
       2667;2026052809;    3;  20.4;  44.0;eor
       2667;2026052810;    3;  22.0;  40.0;eor
       2667;2026052811;    3;  23.2;  35.0;eor
       2667;2026052812;    3;  23.7;  30.0;eor
       2667;2026052813;    3;  24.4;  30.0;eor
       2667;2026052814;    3;  25.2;  26.0;eor
       2667;2026052815;    3;  25.3;  26.0;eor
       2667;2026052816;    3;  25.0;  27.0;eor
       2667;2026052817;    3;  25.1;  29.0;eor
       2667;2026052818;    3;  24.3;  36.0;eor
       2667;2026052819;    3;  21.0;  52.0;eor
       2667;2026052820;    3;  16.6;  61.0;eor
       2667;2026052821;    3;  16.1;  67.0;eor
       2667;2026052822;    3;  15.6;  63.0;eor
       2667;2026052823;    3;  13.3;  74.0;eor
       2667;2026052900;    3;  15.3;  57.0;eor
       2667;2026052901;    3;  11.0;  76.0;eor
       2667;2026052902;    3;  15.0;  58.0;eor
       2667;2026052903;    3;  14.9;  57.0;eor
       2667;2026052904;    3;  14.5;  56.0;eor
       2667;2026052905;    3;  15.7;  53.0;eor
       2667;2026052906;    3;  17.1;  52.0;eor
       2667;2026052907;    3;  19.7;  52.0;eor
       2667;2026052908;    3;  21.2;  49.0;eor
       2667;2026052909;    3;  23.2;  50.0;eor
       2667;2026052910;    3;  26.1;  44.0;eor
       2667;2026052911;    3;  27.9;  39.0;eor
       2667;2026052912;    3;  29.5;  40.0;eor
       2667;2026052913;    3;  29.6;  39.0;eor
       2667;2026052914;    3;  30.7;  39.0;eor
       2667;2026052915;    3;  30.8;  38.0;eor
       2667;2026052916;    3;  30.4;  39.0;eor
       2667;2026052917;    3;  29.2;  48.0;eor
       2667;2026052918;    3;  24.2;  58.0;eor
       2667;2026052919;    3;  18.8;  87.0;eor
       2667;2026052920;    3;  18.9;  88.0;eor
       2667;2026052921;    3;  18.3;  87.0;eor
       2667;2026052922;    3;  17.7;  93.0;eor
       2667;2026052923;    3;  17.5;  93.0;eor
       2667;2026053000;    3;  17.2;  93.0;eor
       2667;2026053001;    3;  17.0;  95.0;eor
       2667;2026053002;    3;  16.8;  96.0;eor
       2667;2026053003;    3;  16.7;  95.0;eor
       2667;2026053004;    3;  16.6;  96.0;eor
       2667;2026053005;    3;  17.4;  94.0;eor
       2667;2026053006;    3;  18.6;  89.0;eor
       2667;2026053007;    3;  19.6;  83.0;eor
       2667;2026053008;    3;  21.0;  80.0;eor
       2667;2026053009;    3;  21.5;  76.0;eor
       2667;2026053010;    3;  21.9;  77.0;eor
       2667;2026053011;    3;  22.9;  70.0;eor
       2667;2026053012;    3;  23.9;  62.0;eor
       2667;2026053013;    3;  24.7;  58.0;eor
       2667;2026053014;    3;  25.9;  52.0;eor
       2667;2026053015;    3;  26.1;  52.0;eor
       2667;2026053016;    3;  26.2;  56.0;eor
       2667;2026053017;    3;  26.3;  57.0;eor
       2667;2026053018;    3;  25.7;  58.0;eor
       2667;2026053019;    3;  22.9;  73.0;eor
       2667;2026053020;    3;  21.0;  79.0;eor
       2667;2026053021;    3;  20.9;  77.0;eor
       2667;2026053022;    3;  18.7;  87.0;eor
       2667;2026053023;    3;  20.6;  81.0;eor
       2667;2026053100;    3;  18.9;  89.0;eor
       2667;2026053101;    3;  20.3;  75.0;eor
       2667;2026053102;    3;  18.6;  84.0;eor
       2667;2026053103;    3;  17.9;  87.0;eor
       2667;2026053104;    3;  17.4;  91.0;eor
       2667;2026053105;    3;  18.3;  83.0;eor
       2667;2026053106;    3;  17.0;  95.0;eor
       2667;2026053107;    3;  17.8;  91.0;eor
       2667;2026053108;    3;  20.0;  78.0;eor
       2667;2026053109;    3;  20.9;  74.0;eor
       2667;2026053110;    3;  23.3;  63.0;eor
       2667;2026053111;    3;  23.6;  65.0;eor
       2667;2026053112;    3;  23.4;  59.0;eor
       2667;2026053113;    3;  22.9;  60.0;eor
       2667;2026053114;    3;  22.2;  64.0;eor
       2667;2026053115;    3;  22.3;  65.0;eor
       2667;2026053116;    3;  22.3;  55.0;eor
       2667;2026053117;    3;  21.8;  55.0;eor
       2667;2026053118;    3;  21.1;  52.0;eor
       2667;2026053119;    3;  20.5;  55.0;eor
       2667;2026053120;    3;  19.8;  56.0;eor
       2667;2026053121;    3;  18.2;  64.0;eor
       2667;2026053122;    3;  16.9;  69.0;eor
       2667;2026053123;    3;  16.4;  70.0;eor
       2667;2026060100;    3;  14.3;  80.0;eor
       2667;2026060101;    3;  13.7;  84.0;eor
       2667;2026060102;    3;  12.5;  93.0;eor
       2667;2026060103;    3;  12.7;  97.0;eor
       2667;2026060104;    3;  11.8;  97.0;eor
       2667;2026060105;    3;  13.0;  93.0;eor
       2667;2026060106;    3;  15.6;  82.0;eor
       2667;2026060107;    3;  16.5;  76.0;eor
       2667;2026060108;    3;  18.7;  69.0;eor
       2667;2026060109;    3;  19.3;  65.0;eor
       2667;2026060110;    3;  20.4;  58.0;eor
       2667;2026060111;    3;  21.1;  55.0;eor
       2667;2026060112;    3;  22.2;  53.0;eor
       2667;2026060113;    3;  23.2;  50.0;eor
       2667;2026060114;    3;  22.3;  47.0;eor
       2667;2026060115;    3;  22.6;  50.0;eor
       2667;2026060116;    3;  22.4;  54.0;eor
       2667;2026060117;    3;  22.8;  52.0;eor
       2667;2026060118;    3;  22.4;  52.0;eor
       2667;2026060119;    3;  19.6;  73.0;eor
       2667;2026060120;    3;  17.5;  76.0;eor
       2667;2026060121;    3;  16.5;  81.0;eor
       2667;2026060122;    3;  15.6;  83.0;eor
       2667;2026060123;    3;  15.4;  82.0;eor
       2667;2026060200;    3;  14.1;  89.0;eor
       2667;2026060201;    3;  13.8;  88.0;eor
       2667;2026060202;    3;  15.3;  81.0;eor
       2667;2026060203;    3;  15.3;  79.0;eor
       2667;2026060204;    3;  15.2;  79.0;eor
       2667;2026060205;    3;  15.4;  78.0;eor
       2667;2026060206;    3;  17.1;  72.0;eor
       2667;2026060207;    3;  18.7;  66.0;eor
       2667;2026060208;    3;  19.9;  62.0;eor
       2667;2026060209;    3;  19.1;  75.0;eor
       2667;2026060210;    3;  19.1;  81.0;eor
       2667;2026060211;    3;  18.6;  77.0;eor
       2667;2026060212;    3;  18.6;  75.0;eor
       2667;2026060213;    3;  20.2;  73.0;eor
       2667;2026060214;    3;  21.2;  71.0;eor
       2667;2026060215;    3;  20.9;  68.0;eor
       2667;2026060216;    3;  15.0;  94.0;eor
       2667;2026060217;    3;  15.5;  92.0;eor
       2667;2026060218;    3;  15.1;  96.0;eor
       2667;2026060219;    3;  14.9;  94.0;eor
       2667;2026060220;    3;  15.0;  87.0;eor
       2667;2026060221;    3;  13.9;  92.0;eor
       2667;2026060222;    3;  13.4;  90.0;eor
       2667;2026060223;    3;  12.6;  90.0;eor
       2667;2026060300;    3;  12.7;  91.0;eor
       2667;2026060301;    3;  12.8;  90.0;eor
       2667;2026060302;    3;  12.3;  89.0;eor
       2667;2026060303;    3;  11.5;  90.0;eor
       2667;2026060304;    3;  11.6;  93.0;eor
       2667;2026060305;    3;  12.1;  90.0;eor
       2667;2026060306;    3;  13.6;  87.0;eor
       2667;2026060307;    3;  14.4;  83.0;eor
       2667;2026060308;    3;  15.6;  77.0;eor
       2667;2026060309;    3;  15.7;  70.0;eor
       2667;2026060310;    3;  15.3;  86.0;eor
       2667;2026060311;    3;  15.7;  82.0;eor
       2667;2026060312;    3;  17.2;  71.0;eor
       2667;2026060313;    3;  18.9;  59.0;eor
       2667;2026060314;    3;  19.2;  53.0;eor
       2667;2026060315;    3;  19.8;  53.0;eor
       2667;2026060316;    3;  19.4;  56.0;eor
       2667;2026060317;    3;  18.9;  57.0;eor
       2667;2026060318;    3;  17.5;  65.0;eor
       2667;2026060319;    3;  16.4;  72.0;eor
       2667;2026060320;    3;  15.5;  79.0;eor
       2667;2026060321;    3;  15.1;  84.0;eor
       2667;2026060322;    3;  15.8;  80.0;eor
       2667;2026060323;    3;  16.0;  79.0;eor
       2667;2026060400;    3;  15.9;  83.0;eor
       2667;2026060401;    3;  16.0;  81.0;eor
       2667;2026060402;    3;  13.7;  93.0;eor
       2667;2026060403;    3;  13.5;  94.0;eor
       2667;2026060404;    3;  13.4;  94.0;eor
       2667;2026060405;    3;  13.3;  96.0;eor
       2667;2026060406;    3;  14.8;  93.0;eor
       2667;2026060407;    3;  16.0;  86.0;eor
       2667;2026060408;    3;  16.4;  79.0;eor
       2667;2026060409;    3;  17.0;  81.0;eor
       2667;2026060410;    3;  17.4;  72.0;eor
       2667;2026060411;    3;  17.8;  69.0;eor
       2667;2026060412;    3;  17.5;  72.0;eor
       2667;2026060413;    3;  16.2;  78.0;eor
       2667;2026060414;    3;  17.3;  77.0;eor
       2667;2026060415;    3;  19.7;  60.0;eor
       2667;2026060416;    3;  13.7;  83.0;eor
       2667;2026060417;    3;  13.2;  92.0;eor
       2667;2026060418;    3;  14.0;  84.0;eor
       2667;2026060419;    3;  14.1;  79.0;eor
       2667;2026060420;    3;  12.4;  87.0;eor
       2667;2026060421;    3;  12.4;  86.0;eor
       2667;2026060422;    3;  12.0;  86.0;eor
       2667;2026060423;    3;  12.0;  86.0;eor
       2667;2026060500;    3;  12.3;  83.0;eor
       2667;2026060501;    3;  11.8;  88.0;eor
       2667;2026060502;    3;  12.1;  89.0;eor
       2667;2026060503;    3;  12.7;  84.0;eor
       2667;2026060504;    3;  12.5;  86.0;eor
       2667;2026060505;    3;  12.7;  85.0;eor
       2667;2026060506;    3;  13.5;  79.0;eor
       2667;2026060507;    3;  14.4;  77.0;eor
       2667;2026060508;    3;  15.0;  73.0;eor
       2667;2026060509;    3;  15.2;  71.0;eor
       2667;2026060510;    3;  15.2;  74.0;eor
       2667;2026060511;    3;  17.3;  65.0;eor
       2667;2026060512;    3;  18.1;  61.0;eor
       2667;2026060513;    3;  18.3;  64.0;eor
       2667;2026060514;    3;  19.1;  63.0;eor
       2667;2026060515;    3;  19.0;  63.0;eor
       2667;2026060516;    3;  17.1;  68.0;eor
       2667;2026060517;    3;  18.1;  61.0;eor
       2667;2026060518;    3;  18.4;  62.0;eor
       2667;2026060519;    3;  17.1;  65.0;eor
       2667;2026060520;    3;  15.1;  82.0;eor
       2667;2026060521;    3;  14.1;  92.0;eor
       2667;2026060522;    3;  12.9;  95.0;eor
       2667;2026060523;    3;  12.2;  96.0;eor
       2667;2026060600;    3;  11.7;  96.0;eor
       2667;2026060601;    3;  10.5;  93.0;eor
       2667;2026060602;    3;   8.7;  97.0;eor
       2667;2026060603;    3;  10.4;  96.0;eor
       2667;2026060604;    3;  10.4;  95.0;eor
       2667;2026060605;    3;  10.7;  94.0;eor
       2667;2026060606;    3;  12.7;  90.0;eor
       2667;2026060607;    3;  14.1;  84.0;eor
       2667;2026060608;    3;  16.3;  78.0;eor
       2667;2026060609;    3;  17.3;  74.0;eor
       2667;2026060610;    3;  19.7;  64.0;eor
       2667;2026060611;    3;  21.3;  55.0;eor
       2667;2026060612;    3;  21.6;  53.0;eor
       2667;2026060613;    3;  23.3;  48.0;eor
       2667;2026060614;    3;  20.9;  46.0;eor
       2667;2026060615;    3;  19.0;  63.0;eor
       2667;2026060616;    3;  18.5;  66.0;eor
       2667;2026060617;    3;  16.8;  86.0;eor
       2667;2026060618;    3;  16.2;  86.0;eor
       2667;2026060619;    3;  16.6;  83.0;eor
       2667;2026060620;    3;  14.0;  90.0;eor
       2667;2026060621;    3;  14.5;  84.0;eor
       2667;2026060622;    3;  14.7;  81.0;eor
       2667;2026060623;    3;  14.9;  76.0;eor
       2667;2026060700;    3;  14.0;  81.0;eor
       2667;2026060701;    3;  14.5;  73.0;eor
       2667;2026060702;    3;  14.0;  71.0;eor
       2667;2026060703;    3;  13.9;  68.0;eor
       2667;2026060704;    3;  13.2;  67.0;eor
       2667;2026060705;    3;  13.4;  64.0;eor
       2667;2026060706;    3;  13.7;  67.0;eor
       2667;2026060707;    3;  13.9;  67.0;eor
       2667;2026060708;    3;  14.9;  67.0;eor
       2667;2026060709;    3;  16.0;  61.0;eor
       2667;2026060710;    3;  16.8;  58.0;eor
       2667;2026060711;    3;  17.9;  56.0;eor
       2667;2026060712;    3;  18.7;  53.0;eor
       2667;2026060713;    3;  19.5;  53.0;eor
       2667;2026060714;    3;  20.2;  52.0;eor
       2667;2026060715;    3;  19.9;  52.0;eor
       2667;2026060716;    3;  20.0;  52.0;eor
       2667;2026060717;    3;  19.5;  54.0;eor
       2667;2026060718;    3;  18.9;  57.0;eor
       2667;2026060719;    3;  17.2;  64.0;eor
       2667;2026060720;    3;  15.3;  72.0;eor
       2667;2026060721;    3;  13.3;  82.0;eor
       2667;2026060722;    3;  12.0;  84.0;eor
       2667;2026060723;    3;  10.6;  90.0;eor
       2667;2026060800;    3;  10.3;  93.0;eor
       2667;2026060801;    3;  10.4;  94.0;eor
       2667;2026060802;    3;   9.6;  94.0;eor
       2667;2026060803;    3;   9.6;  97.0;eor
       2667;2026060804;    3;  10.5;  91.0;eor
       2667;2026060805;    3;  11.8;  85.0;eor
       2667;2026060806;    3;  14.4;  77.0;eor
       2667;2026060807;    3;  16.9;  68.0;eor
       2667;2026060808;    3;  18.6;  64.0;eor
       2667;2026060809;    3;  19.4;  58.0;eor
       2667;2026060810;    3;  21.2;  53.0;eor
       2667;2026060811;    3;  22.0;  51.0;eor
       2667;2026060812;    3;  22.3;  54.0;eor
       2667;2026060813;    3;  22.1;  50.0;eor
       2667;2026060814;    3;  21.9;  52.0;eor
       2667;2026060815;    3;  21.7;  50.0;eor
       2667;2026060816;    3;  22.0;  55.0;eor
       2667;2026060817;    3;  21.5;  56.0;eor
       2667;2026060818;    3;  20.8;  61.0;eor
       2667;2026060819;    3;  20.9;  59.0;eor
       2667;2026060820;    3;  16.9;  81.0;eor
       2667;2026060821;    3;  14.5;  88.0;eor
       2667;2026060822;    3;  14.4;  85.0;eor
       2667;2026060823;    3;  14.2;  85.0;eor
       2667;2026060900;    3;  13.8;  92.0;eor
       2667;2026060901;    3;  13.2;  90.0;eor
       2667;2026060902;    3;  13.2;  89.0;eor
       2667;2026060903;    3;  12.9;  82.0;eor
       2667;2026060904;    3;  12.5;  80.0;eor
       2667;2026060905;    3;  12.3;  81.0;eor
       2667;2026060906;    3;  12.6;  81.0;eor
       2667;2026060907;    3;  13.9;  74.0;eor
       2667;2026060908;    3;  14.5;  72.0;eor
       2667;2026060909;    3;  15.4;  66.0;eor
       2667;2026060910;    3;  16.4;  59.0;eor
       2667;2026060911;    3;  16.5;  54.0;eor
       2667;2026060912;    3;  17.9;  54.0;eor
       2667;2026060913;    3;  19.1;  42.0;eor
       2667;2026060914;    3;  18.4;  48.0;eor
       2667;2026060915;    3;  17.7;  46.0;eor
       2667;2026060916;    3;  17.0;  51.0;eor
       2667;2026060917;    3;  15.2;  60.0;eor
       2667;2026060918;    3;  15.1;  58.0;eor
       2667;2026060919;    3;  14.2;  68.0;eor
       2667;2026060920;    3;  14.6;  60.0;eor
       2667;2026060921;    3;  13.1;  66.0;eor
       2667;2026060922;    3;  12.9;  69.0;eor
       2667;2026060923;    3;  10.5;  78.0;eor
       2667;2026061000;    3;  10.2;  82.0;eor
       2667;2026061001;    3;   9.5;  83.0;eor
       2667;2026061002;    3;   9.1;  85.0;eor
       2667;2026061003;    3;   9.0;  85.0;eor
       2667;2026061004;    3;   8.7;  87.0;eor
       2667;2026061005;    3;   9.0;  86.0;eor
       2667;2026061006;    3;  10.4;  80.0;eor
       2667;2026061007;    3;  12.3;  71.0;eor
       2667;2026061008;    3;  13.8;  62.0;eor
       2667;2026061009;    3;  15.5;  59.0;eor
       2667;2026061010;    3;  15.8;  57.0;eor
       2667;2026061011;    3;  17.8;  47.0;eor
       2667;2026061012;    3;  18.2;  44.0;eor
       2667;2026061013;    3;  18.9;  41.0;eor
       2667;2026061014;    3;  16.7;  56.0;eor
       2667;2026061015;    3;  17.6;  48.0;eor
       2667;2026061016;    3;  15.8;  51.0;eor
       2667;2026061017;    3;  16.3;  57.0;eor
       2667;2026061018;    3;  13.1;  72.0;eor
       2667;2026061019;    3;  12.7;  78.0;eor
       2667;2026061020;    3;  11.7;  85.0;eor
       2667;2026061021;    3;  10.9;  90.0;eor
       2667;2026061022;    3;  11.3;  90.0;eor
       2667;2026061023;    3;  10.4;  95.0;eor
       2667;2026061100;    3;  10.2;  95.0;eor
       2667;2026061101;    3;   9.6;  94.0;eor
       2667;2026061102;    3;   9.7;  94.0;eor
       2667;2026061103;    3;  10.2;  88.0;eor
       2667;2026061104;    3;   8.9;  93.0;eor
       2667;2026061105;    3;   9.8;  92.0;eor
       2667;2026061106;    3;  10.8;  88.0;eor
       2667;2026061107;    3;  12.2;  81.0;eor
       2667;2026061108;    3;  12.6;  77.0;eor
       2667;2026061109;    3;  14.5;  69.0;eor
       2667;2026061110;    3;  15.3;  63.0;eor
       2667;2026061111;    3;  15.6;  60.0;eor
       2667;2026061112;    3;  17.9;  50.0;eor
       2667;2026061113;    3;  18.3;  49.0;eor
       2667;2026061114;    3;  18.5;  49.0;eor
       2667;2026061115;    3;  18.2;  51.0;eor
       2667;2026061116;    3;  17.5;  48.0;eor
       2667;2026061117;    3;  16.9;  51.0;eor
       2667;2026061118;    3;  14.0;  72.0;eor
       2667;2026061119;    3;  12.1;  88.0;eor
       2667;2026061120;    3;  11.5;  93.0;eor
       2667;2026061121;    3;  11.4;  94.0;eor
       2667;2026061122;    3;  11.4;  94.0;eor
       2667;2026061123;    3;  11.3;  96.0;eor
       2667;2026061200;    3;  11.3;  97.0;eor
       2667;2026061201;    3;  11.7;  96.0;eor
       2667;2026061202;    3;  12.0;  96.0;eor
       2667;2026061203;    3;  12.3;  97.0;eor
       2667;2026061204;    3;  12.6;  97.0;eor
       2667;2026061205;    3;  13.1;  97.0;eor
       2667;2026061206;    3;  13.6;  97.0;eor
       2667;2026061207;    3;  14.3;  96.0;eor
       2667;2026061208;    3;  15.0;  96.0;eor
       2667;2026061209;    3;  15.9;  92.0;eor
       2667;2026061210;    3;  16.7;  90.0;eor
       2667;2026061211;    3;  17.1;  87.0;eor
       2667;2026061212;    3;  17.8;  83.0;eor
       2667;2026061213;    3;  18.4;  83.0;eor
       2667;2026061214;    3;  19.1;  76.0;eor
       2667;2026061215;    3;  18.1;  86.0;eor
       2667;2026061216;    3;  18.0;  80.0;eor
       2667;2026061217;    3;  17.5;  86.0;eor
       2667;2026061218;    3;  18.2;  79.0;eor
       2667;2026061219;    3;  17.8;  78.0;eor
       2667;2026061220;    3;  17.3;  81.0;eor
       2667;2026061221;    3;  17.3;  82.0;eor
       2667;2026061222;    3;  16.8;  84.0;eor
       2667;2026061223;    3;  16.6;  83.0;eor
       2667;2026061300;    3;  16.4;  84.0;eor
       2667;2026061301;    3;  16.3;  83.0;eor
       2667;2026061302;    3;  16.2;  84.0;eor
       2667;2026061303;    3;  15.9;  84.0;eor
       2667;2026061304;    3;  15.3;  85.0;eor
       2667;2026061305;    3;  15.7;  81.0;eor
       2667;2026061306;    3;  16.1;  79.0;eor
       2667;2026061307;    3;  16.9;  74.0;eor
       2667;2026061308;    3;  17.4;  69.0;eor
       2667;2026061309;    3;  18.1;  66.0;eor
       2667;2026061310;    3;  18.7;  59.0;eor
       2667;2026061311;    3;  19.9;  56.0;eor
       2667;2026061312;    3;  19.1;  56.0;eor
       2667;2026061313;    3;  19.1;  55.0;eor
       2667;2026061314;    3;  20.6;  51.0;eor
       2667;2026061315;    3;  19.6;  52.0;eor
       2667;2026061316;    3;  19.7;  52.0;eor
       2667;2026061317;    3;  18.3;  54.0;eor
       2667;2026061318;    3;  17.8;  54.0;eor
       2667;2026061319;    3;  16.1;  59.0;eor
       2667;2026061320;    3;  15.2;  62.0;eor
       2667;2026061321;    3;  13.9;  65.0;eor
       2667;2026061322;    3;  12.2;  71.0;eor
       2667;2026061323;    3;  13.1;  72.0;eor
       2667;2026061400;    3;  12.8;  74.0;eor
       2667;2026061401;    3;  12.8;  75.0;eor
       2667;2026061402;    3;  12.0;  84.0;eor
       2667;2026061403;    3;  11.5;  86.0;eor
       2667;2026061404;    3;  11.5;  88.0;eor
       2667;2026061405;    3;  12.0;  88.0;eor
       2667;2026061406;    3;  14.0;  75.0;eor
       2667;2026061407;    3;  14.5;  68.0;eor
       2667;2026061408;    3;  15.2;  68.0;eor
       2667;2026061409;    3;  15.8;  60.0;eor
       2667;2026061410;    3;  16.1;  61.0;eor
       2667;2026061411;    3;  16.3;  58.0;eor
       2667;2026061412;    3;  17.3;  56.0;eor
       2667;2026061413;    3;  18.4;  54.0;eor
       2667;2026061414;    3;  17.9;  57.0;eor
       2667;2026061415;    3;  18.3;  56.0;eor
       2667;2026061416;    3;  17.8;  55.0;eor
       2667;2026061417;    3;  17.2;  56.0;eor
       2667;2026061418;    3;  16.6;  58.0;eor
       2667;2026061419;    3;  15.3;  60.0;eor
       2667;2026061420;    3;  14.4;  65.0;eor
       2667;2026061421;    3;  12.6;  72.0;eor
       2667;2026061422;    3;  11.8;  76.0;eor
       2667;2026061423;    3;  11.3;  78.0;eor
       2667;2026061500;    3;   9.9;  82.0;eor
       2667;2026061501;    3;   9.6;  84.0;eor
       2667;2026061502;    3;   8.5;  88.0;eor
       2667;2026061503;    3;   7.4;  94.0;eor
       2667;2026061504;    3;   8.8;  93.0;eor
       2667;2026061505;    3;  10.3;  88.0;eor
       2667;2026061506;    3;  12.2;  81.0;eor
       2667;2026061507;    3;  12.5;  77.0;eor
       2667;2026061508;    3;  13.7;  73.0;eor
       2667;2026061509;    3;  14.0;  68.0;eor
       2667;2026061510;    3;  14.2;  67.0;eor
       2667;2026061511;    3;  14.6;  65.0;eor
       2667;2026061512;    3;  15.1;  64.0;eor
       2667;2026061513;    3;  15.5;  63.0;eor
       2667;2026061514;    3;  16.6;  60.0;eor
       2667;2026061515;    3;  17.0;  59.0;eor
       2667;2026061516;    3;  17.7;  58.0;eor
       2667;2026061517;    3;  18.2;  58.0;eor
       2667;2026061518;    3;  17.7;  59.0;eor
       2667;2026061519;    3;  16.3;  67.0;eor
       2667;2026061520;    3;  13.2;  80.0;eor
       2667;2026061521;    3;  11.9;  87.0;eor
       2667;2026061522;    3;  13.8;  75.0;eor
       2667;2026061523;    3;  13.5;  76.0;eor
       2667;2026061600;    3;  12.7;  79.0;eor
       2667;2026061601;    3;  12.7;  79.0;eor
       2667;2026061602;    3;  13.1;  77.0;eor
       2667;2026061603;    3;  13.3;  76.0;eor
       2667;2026061604;    3;  13.2;  77.0;eor
       2667;2026061605;    3;  14.0;  75.0;eor
       2667;2026061606;    3;  14.7;  75.0;eor
       2667;2026061607;    3;  16.6;  72.0;eor
       2667;2026061608;    3;  19.0;  66.0;eor
       2667;2026061609;    3;  21.7;  62.0;eor
       2667;2026061610;    3;  22.2;  58.0;eor
       2667;2026061611;    3;  22.8;  61.0;eor
       2667;2026061612;    3;  23.5;  56.0;eor
       2667;2026061613;    3;  25.0;  53.0;eor
       2667;2026061614;    3;  25.5;  52.0;eor
       2667;2026061615;    3;  25.2;  53.0;eor
       2667;2026061616;    3;  25.3;  54.0;eor
       2667;2026061617;    3;  25.8;  51.0;eor
       2667;2026061618;    3;  24.6;  52.0;eor
       2667;2026061619;    3;  22.8;  57.0;eor
       2667;2026061620;    3;  20.8;  66.0;eor
       2667;2026061621;    3;  18.9;  77.0;eor
       2667;2026061622;    3;  17.6;  84.0;eor
       2667;2026061623;    3;  15.8;  91.0;eor
       2667;2026061700;    3;  15.0;  94.0;eor
       2667;2026061701;    3;  15.0;  94.0;eor
       2667;2026061702;    3;  16.0;  92.0;eor
       2667;2026061703;    3;  15.9;  92.0;eor
       2667;2026061704;    3;  16.0;  92.0;eor
       2667;2026061705;    3;  16.7;  91.0;eor
       2667;2026061706;    3;  17.4;  88.0;eor
       2667;2026061707;    3;  18.5;  77.0;eor
       2667;2026061708;    3;  19.5;  75.0;eor
       2667;2026061709;    3;  21.1;  65.0;eor
       2667;2026061710;    3;  22.1;  60.0;eor
       2667;2026061711;    3;  23.6;  58.0;eor
       2667;2026061712;    3;  24.4;  52.0;eor
       2667;2026061713;    3;  25.5;  52.0;eor
       2667;2026061714;    3;  24.1;  58.0;eor
       2667;2026061715;    3;  25.6;  54.0;eor
       2667;2026061716;    3;  25.3;  56.0;eor
       2667;2026061717;    3;  26.8;  54.0;eor
       2667;2026061718;    3;  26.3;  53.0;eor
       2667;2026061719;    3;  24.1;  63.0;eor
       2667;2026061720;    3;  21.9;  73.0;eor
       2667;2026061721;    3;  19.3;  84.0;eor
       2667;2026061722;    3;  18.3;  88.0;eor
       2667;2026061723;    3;  18.7;  84.0;eor
       2667;2026061800;    3;  17.9;  87.0;eor
       2667;2026061801;    3;  18.8;  83.0;eor
       2667;2026061802;    3;  17.2;  87.0;eor
       2667;2026061803;    3;  16.3;  90.0;eor
       2667;2026061804;    3;  15.8;  92.0;eor
       2667;2026061805;    3;  18.9;  82.0;eor
       2667;2026061806;    3;  21.2;  76.0;eor
       2667;2026061807;    3;  22.9;  68.0;eor
       2667;2026061808;    3;  25.2;  62.0;eor
       2667;2026061809;    3;  27.0;  56.0;eor
       2667;2026061810;    3;  28.5;  50.0;eor
       2667;2026061811;    3;  29.6;  45.0;eor
       2667;2026061812;    3;  30.3;  46.0;eor
       2667;2026061813;    3;  30.4;  43.0;eor
       2667;2026061814;    3;  -999;-999;eor
       2667;2026061815;    3;  -999;-999;eor
       2667;2026061816;    3;  -999;-999;eor
       2667;2026061817;    3;  -999;-999;eor
       2667;2026061818;    3;  -999;-999;eor
       2667;2026061819;    3;  -999;-999;eor
       2667;2026061820;    3;  -999;-999;eor
       2667;2026061821;    3;  -999;-999;eor
       2667;2026061822;    3;  -999;-999;eor
       2667;2026061823;    3;  -999;-999;eor
       2667;2026061900;    3;  -999;-999;eor
       2667;2026061901;    3;  -999;-999;eor
       2667;2026061902;    3;  -999;-999;eor
       2667;2026061903;    3;  -999;-999;eor
       2667;2026061904;    3;  -999;-999;eor
       2667;2026061905;    3;  -999;-999;eor
       2667;2026061906;    3;  -999;-999;eor
       2667;2026061907;    3;  23.6;  69.0;eor
       2667;2026061908;    3;  26.2;  61.0;eor
       2667;2026061909;    3;  28.7;  54.0;eor
       2667;2026061910;    3;  30.1;  52.0;eor
       2667;2026061911;    3;  32.0;  43.0;eor
       2667;2026061912;    3;  33.4;  38.0;eor
       2667;2026061913;    3;  34.1;  38.0;eor
       2667;2026061914;    3;  33.9;  38.0;eor
       2667;2026061915;    3;  34.5;  36.0;eor
       2667;2026061916;    3;  34.5;  37.0;eor
       2667;2026061917;    3;  31.2;  49.0;eor
       2667;2026061918;    3;  21.1;  81.0;eor
       2667;2026061919;    3;  21.4;  83.0;eor
       2667;2026061920;    3;  21.0;  81.0;eor
       2667;2026061921;    3;  20.6;  81.0;eor
       2667;2026061922;    3;  22.0;  70.0;eor
       2667;2026061923;    3;  20.3;  78.0;eor
       2667;2026062000;    3;  19.7;  84.0;eor
       2667;2026062001;    3;  20.6;  77.0;eor
       2667;2026062002;    3;  21.8;  72.0;eor
       2667;2026062003;    3;  22.1;  70.0;eor
       2667;2026062004;    3;  21.4;  74.0;eor
       2667;2026062005;    3;  22.3;  70.0;eor
       2667;2026062006;    3;  23.0;  69.0;eor
       2667;2026062007;    3;  25.1;  61.0;eor
       2667;2026062008;    3;  26.1;  61.0;eor
       2667;2026062009;    3;  27.5;  59.0;eor
       2667;2026062010;    3;  29.0;  50.0;eor
       2667;2026062011;    3;  30.8;  49.0;eor
       2667;2026062012;    3;  32.1;  44.0;eor
       2667;2026062013;    3;  32.9;  43.0;eor
       2667;2026062014;    3;  32.4;  48.0;eor
       2667;2026062015;    3;  31.7;  53.0;eor
       2667;2026062016;    3;  32.0;  52.0;eor
       2667;2026062017;    3;  31.2;  48.0;eor
       2667;2026062018;    3;  30.6;  51.0;eor
       2667;2026062019;    3;  28.4;  60.0;eor
       2667;2026062020;    3;  26.1;  72.0;eor
       2667;2026062021;    3;  24.5;  78.0;eor
       2667;2026062022;    3;  23.2;  84.0;eor
       2667;2026062023;    3;  22.8;  86.0;eor
       2667;2026062100;    3;  22.7;  87.0;eor
       2667;2026062101;    3;  23.2;  76.0;eor
       2667;2026062102;    3;  21.9;  81.0;eor
       2667;2026062103;    3;  20.2;  90.0;eor
       2667;2026062104;    3;  20.0;  92.0;eor
       2667;2026062105;    3;  19.1;  95.0;eor
       2667;2026062106;    3;  20.0;  92.0;eor
       2667;2026062107;    3;  20.9;  86.0;eor
       2667;2026062108;    3;  22.2;  81.0;eor
       2667;2026062109;    3;  23.5;  78.0;eor
       2667;2026062110;    3;  25.6;  74.0;eor
       2667;2026062111;    3;  27.5;  68.0;eor
       2667;2026062112;    3;  29.6;  60.0;eor
       2667;2026062113;    3;  31.0;  52.0;eor
       2667;2026062114;    3;  31.4;  47.0;eor
       2667;2026062115;    3;  31.5;  48.0;eor
       2667;2026062116;    3;  31.6;  46.0;eor
       2667;2026062117;    3;  31.1;  53.0;eor
       2667;2026062118;    3;  30.3;  61.0;eor
       2667;2026062119;    3;  28.8;  66.0;eor
       2667;2026062120;    3;  26.5;  73.0;eor
       2667;2026062121;    3;  25.4;  73.0;eor
       2667;2026062122;    3;  24.4;  73.0;eor
       2667;2026062123;    3;  22.2;  84.0;eor
       2667;2026062200;    3;  20.7;  90.0;eor
       2667;2026062201;    3;  20.1;  91.0;eor
       2667;2026062202;    3;  19.5;  93.0;eor
       2667;2026062203;    3;  18.8;  95.0;eor
       2667;2026062204;    3;  18.7;  96.0;eor
       2667;2026062205;    3;  19.5;  92.0;eor
       2667;2026062206;    3;  22.5;  81.0;eor
       2667;2026062207;    3;  24.1;  71.0;eor
       2667;2026062208;    3;  25.4;  70.0;eor
       2667;2026062209;    3;  26.9;  67.0;eor
       2667;2026062210;    3;  28.7;  64.0;eor
       2667;2026062211;    3;  29.2;  56.0;eor
       2667;2026062212;    3;  29.8;  55.0;eor
       2667;2026062213;    3;  31.0;  50.0;eor
       2667;2026062214;    3;  31.1;  48.0;eor
       2667;2026062215;    3;  30.4;  51.0;eor
       2667;2026062216;    3;  30.2;  50.0;eor
       2667;2026062217;    3;  29.6;  52.0;eor
       2667;2026062218;    3;  28.9;  56.0;eor
       2667;2026062219;    3;  27.1;  61.0;eor
       2667;2026062220;    3;  25.1;  68.0;eor
       2667;2026062221;    3;  23.0;  74.0;eor
       2667;2026062222;    3;  21.6;  82.0;eor
       2667;2026062223;    3;  19.6;  88.0;eor
       2667;2026062300;    3;  19.3;  91.0;eor
       2667;2026062301;    3;  18.8;  93.0;eor
       2667;2026062302;    3;  18.3;  95.0;eor
       2667;2026062303;    3;  17.9;  96.0;eor
       2667;2026062304;    3;  16.8;  98.0;eor
       2667;2026062305;    3;  18.0;  96.0;eor
       2667;2026062306;    3;  21.2;  85.0;eor
       2667;2026062307;    3;  22.2;  83.0;eor
       2667;2026062308;    3;  23.5;  76.0;eor
       2667;2026062309;    3;  25.5;  73.0;eor
       2667;2026062310;    3;  25.5;  68.0;eor
       2667;2026062311;    3;  26.9;  62.0;eor
       2667;2026062312;    3;  27.2;  58.0;eor
       2667;2026062313;    3;  27.3;  59.0;eor
       2667;2026062314;    3;  27.8;  55.0;eor
       2667;2026062315;    3;  29.3;  52.0;eor
       2667;2026062316;    3;  29.3;  49.0;eor
       2667;2026062317;    3;  29.3;  50.0;eor
       2667;2026062318;    3;  28.8;  54.0;eor
       2667;2026062319;    3;  27.1;  64.0;eor
       2667;2026062320;    3;  23.8;  72.0;eor
       2667;2026062321;    3;  21.7;  83.0;eor
       2667;2026062322;    3;  20.8;  86.0;eor
       2667;2026062323;    3;  19.5;  92.0;eor
       2667;2026062400;    3;  19.7;  87.0;eor
       2667;2026062401;    3;  18.1;  94.0;eor
       2667;2026062402;    3;  17.6;  95.0;eor
       2667;2026062403;    3;  17.3;  96.0;eor
       2667;2026062404;    3;  17.2;  95.0;eor
       2667;2026062405;    3;  18.3;  92.0;eor
       2667;2026062406;    3;  21.7;  81.0;eor
       2667;2026062407;    3;  24.3;  74.0;eor
       2667;2026062408;    3;  27.1;  67.0;eor
       2667;2026062409;    3;  28.5;  60.0;eor
       2667;2026062410;    3;  30.4;  53.0;eor
       2667;2026062411;    3;  31.8;  46.0;eor
       2667;2026062412;    3;  32.0;  46.0;eor
       2667;2026062413;    3;  33.2;  41.0;eor
       2667;2026062414;    3;  33.6;  38.0;eor
       2667;2026062415;    3;  34.1;  36.0;eor
       2667;2026062416;    3;  34.0;  37.0;eor
       2667;2026062417;    3;  33.6;  40.0;eor
       2667;2026062418;    3;  32.6;  47.0;eor
       2667;2026062419;    3;  29.4;  66.0;eor
       2667;2026062420;    3;  26.2;  74.0;eor
       2667;2026062421;    3;  24.7;  83.0;eor
       2667;2026062422;    3;  23.2;  89.0;eor
       2667;2026062423;    3;  23.1;  89.0;eor
       2667;2026062500;    3;  22.2;  91.0;eor
       2667;2026062501;    3;  21.9;  91.0;eor
       2667;2026062502;    3;  21.1;  93.0;eor
       2667;2026062503;    3;  20.3;  95.0;eor
       2667;2026062504;    3;  20.5;  95.0;eor
       2667;2026062505;    3;  22.5;  85.0;eor
       2667;2026062506;    3;  26.1;  76.0;eor
       2667;2026062507;    3;  27.4;  65.0;eor
       2667;2026062508;    3;  29.4;  59.0;eor
       2667;2026062509;    3;  30.8;  54.0;eor
       2667;2026062510;    3;  32.8;  46.0;eor
       2667;2026062511;    3;  33.9;  44.0;eor
       2667;2026062512;    3;  34.2;  42.0;eor
       2667;2026062513;    3;  34.4;  42.0;eor
       2667;2026062514;    3;  34.3;  39.0;eor
       2667;2026062515;    3;  35.1;  37.0;eor
       2667;2026062516;    3;  34.7;  39.0;eor
       2667;2026062517;    3;  34.4;  41.0;eor
       2667;2026062518;    3;  32.2;  48.0;eor
       2667;2026062519;    3;  31.0;  54.0;eor
       2667;2026062520;    3;  29.2;  59.0;eor
       2667;2026062521;    3;  28.1;  63.0;eor
       2667;2026062522;    3;  26.7;  68.0;eor
       2667;2026062523;    3;  26.8;  67.0;eor
       2667;2026062600;    3;  25.6;  70.0;eor
       2667;2026062601;    3;  25.3;  71.0;eor
       2667;2026062602;    3;  23.8;  78.0;eor
       2667;2026062603;    3;  21.6;  86.0;eor
       2667;2026062604;    3;  22.2;  83.0;eor
       2667;2026062605;    3;  24.1;  75.0;eor
       2667;2026062606;    3;  26.0;  69.0;eor
       2667;2026062607;    3;  27.9;  62.0;eor
       2667;2026062608;    3;  29.7;  56.0;eor
       2667;2026062609;    3;  31.4;  52.0;eor
       2667;2026062610;    3;  33.5;  49.0;eor
       2667;2026062611;    3;  34.3;  42.0;eor
       2667;2026062612;    3;  35.6;  36.0;eor
       2667;2026062613;    3;  36.2;  36.0;eor
       2667;2026062614;    3;  36.6;  38.0;eor
       2667;2026062615;    3;  36.9;  37.0;eor
       2667;2026062616;    3;  36.7;  37.0;eor
       2667;2026062617;    3;  36.4;  38.0;eor
       2667;2026062618;    3;  33.0;  49.0;eor
       2667;2026062619;    3;  32.4;  48.0;eor
       2667;2026062620;    3;  32.2;  47.0;eor
       2667;2026062621;    3;  30.3;  53.0;eor
       2667;2026062622;    3;  26.8;  67.0;eor
       2667;2026062623;    3;  25.0;  77.0;eor
       2667;2026062700;    3;  27.1;  67.0;eor
       2667;2026062701;    3;  25.9;  72.0;eor
       2667;2026062702;    3;  24.5;  79.0;eor
       2667;2026062703;    3;  23.9;  83.0;eor
       2667;2026062704;    3;  22.3;  91.0;eor
       2667;2026062705;    3;  24.4;  83.0;eor
       2667;2026062706;    3;  26.7;  73.0;eor
       2667;2026062707;    3;  28.1;  64.0;eor
       2667;2026062708;    3;  29.4;  64.0;eor
       2667;2026062709;    3;  30.9;  61.0;eor
       2667;2026062710;    3;  32.7;  56.0;eor
       2667;2026062711;    3;  34.3;  48.0;eor
       2667;2026062712;    3;  35.4;  48.0;eor
       2667;2026062713;    3;  37.1;  43.0;eor
       2667;2026062714;    3;  37.7;  35.0;eor
       2667;2026062715;    3;  37.0;  40.0;eor
       2667;2026062716;    3;  36.5;  41.0;eor
       2667;2026062717;    3;  34.4;  45.0;eor
       2667;2026062718;    3;  32.6;  44.0;eor
       2667;2026062719;    3;  30.3;  50.0;eor
       2667;2026062720;    3;  30.6;  49.0;eor
       2667;2026062721;    3;  28.8;  52.0;eor
       2667;2026062722;    3;  29.9;  45.0;eor
       2667;2026062723;    3;  29.8;  44.0;eor
       2667;2026062800;    3;  29.9;  43.0;eor
       2667;2026062801;    3;  24.6;  63.0;eor
       2667;2026062802;    3;  25.2;  66.0;eor
       2667;2026062803;    3;  23.3;  65.0;eor
       2667;2026062804;    3;  21.8;  72.0;eor
       2667;2026062805;    3;  22.0;  77.0;eor
       2667;2026062806;    3;  23.5;  73.0;eor
       2667;2026062807;    3;  26.3;  56.0;eor
       2667;2026062808;    3;  27.7;  53.0;eor
       2667;2026062809;    3;  29.3;  42.0;eor
       2667;2026062810;    3;  30.7;  40.0;eor
       2667;2026062811;    3;  31.9;  35.0;eor
       2667;2026062812;    3;  32.6;  32.0;eor
       2667;2026062813;    3;  33.1;  34.0;eor
       2667;2026062814;    3;  32.7;  37.0;eor
       2667;2026062815;    3;  30.7;  45.0;eor
       2667;2026062816;    3;  30.1;  46.0;eor
       2667;2026062817;    3;  30.5;  47.0;eor
       2667;2026062818;    3;  27.6;  58.0;eor
       2667;2026062819;    3;  26.0;  66.0;eor
       2667;2026062820;    3;  23.9;  72.0;eor
       2667;2026062821;    3;  23.1;  77.0;eor
       2667;2026062822;    3;  22.9;  82.0;eor
       2667;2026062823;    3;  22.6;  79.0;eor
       2667;2026062900;    3;  22.1;  78.0;eor
       2667;2026062901;    3;  21.8;  79.0;eor
       2667;2026062902;    3;  22.2;  76.0;eor
       2667;2026062903;    3;  21.2;  81.0;eor
       2667;2026062904;    3;  20.8;  82.0;eor
       2667;2026062905;    3;  20.5;  82.0;eor
       2667;2026062906;    3;  21.4;  77.0;eor
       2667;2026062907;    3;  21.7;  72.0;eor
       2667;2026062908;    3;  21.6;  66.0;eor
       2667;2026062909;    3;  21.7;  67.0;eor
       2667;2026062910;    3;  21.8;  62.0;eor
       2667;2026062911;    3;  23.1;  58.0;eor
       2667;2026062912;    3;  25.1;  53.0;eor
       2667;2026062913;    3;  26.7;  50.0;eor
       2667;2026062914;    3;  27.3;  39.0;eor
       2667;2026062915;    3;  27.1;  39.0;eor
       2667;2026062916;    3;  27.4;  37.0;eor
       2667;2026062917;    3;  27.5;  37.0;eor
       2667;2026062918;    3;  26.5;  36.0;eor
       2667;2026062919;    3;  25.0;  47.0;eor
       2667;2026062920;    3;  21.3;  60.0;eor
       2667;2026062921;    3;  19.6;  66.0;eor
       2667;2026062922;    3;  17.6;  75.0;eor
       2667;2026062923;    3;  17.6;  75.0;eor
       2667;2026063000;    3;  16.3;  82.0;eor
       2667;2026063001;    3;  15.5;  86.0;eor
       2667;2026063002;    3;  15.5;  88.0;eor
       2667;2026063003;    3;  14.9;  93.0;eor
       2667;2026063004;    3;  14.8;  92.0;eor
       2667;2026063005;    3;  16.8;  85.0;eor
       2667;2026063006;    3;  19.3;  75.0;eor
       2667;2026063007;    3;  20.2;  68.0;eor
       2667;2026063008;    3;  22.0;  64.0;eor
       2667;2026063009;    3;  23.6;  59.0;eor
       2667;2026063010;    3;  25.4;  55.0;eor
       2667;2026063011;    3;  26.6;  48.0;eor
       2667;2026063012;    3;  26.4;  51.0;eor
       2667;2026063013;    3;  27.1;  46.0;eor
       2667;2026063014;    3;  26.1;  53.0;eor
       2667;2026063015;    3;  24.8;  59.0;eor
       2667;2026063016;    3;  23.8;  66.0;eor
       2667;2026063017;    3;  23.5;  63.0;eor
       2667;2026063018;    3;  22.7;  63.0;eor
       2667;2026063019;    3;  22.2;  65.0;eor
       2667;2026063020;    3;  20.4;  72.0;eor
       2667;2026063021;    3;  20.9;  69.0;eor
       2667;2026063022;    3;  19.8;  74.0;eor
       2667;2026063023;    3;  18.3;  81.0;eor
       2667;2026070100;    3;  16.9;  86.0;eor
       2667;2026070101;    3;  16.0;  89.0;eor
       2667;2026070102;    3;  15.3;  91.0;eor
       2667;2026070103;    3;  14.2;  93.0;eor
       2667;2026070104;    3;  14.7;  96.0;eor
       2667;2026070105;    3;  16.6;  89.0;eor
       2667;2026070106;    3;  18.0;  84.0;eor
       2667;2026070107;    3;  20.2;  68.0;eor
       2667;2026070108;    3;  21.1;  65.0;eor
       2667;2026070109;    3;  22.6;  56.0;eor
       2667;2026070110;    3;  21.8;  49.0;eor
       2667;2026070111;    3;  23.8;  43.0;eor
       2667;2026070112;    3;  24.4;  41.0;eor
       2667;2026070113;    3;  24.3;  39.0;eor
       2667;2026070114;    3;  24.0;  40.0;eor
       2667;2026070115;    3;  26.1;  33.0;eor
       2667;2026070116;    3;  26.0;  32.0;eor
       2667;2026070117;    3;  25.6;  34.0;eor
       2667;2026070118;    3;  24.6;  39.0;eor
       2667;2026070119;    3;  22.8;  47.0;eor
       2667;2026070120;    3;  20.9;  54.0;eor
       2667;2026070121;    3;  18.9;  64.0;eor
       2667;2026070122;    3;  17.2;  71.0;eor
       2667;2026070123;    3;  17.0;  72.0;eor
       2667;2026070200;    3;  16.1;  75.0;eor
       2667;2026070201;    3;  14.4;  82.0;eor
       2667;2026070202;    3;  13.8;  86.0;eor
       2667;2026070203;    3;  13.6;  88.0;eor
       2667;2026070204;    3;  13.5;  88.0;eor
       2667;2026070205;    3;  15.1;  83.0;eor
       2667;2026070206;    3;  18.0;  75.0;eor
       2667;2026070207;    3;  20.6;  63.0;eor
       2667;2026070208;    3;  22.5;  55.0;eor
       2667;2026070209;    3;  24.0;  51.0;eor
       2667;2026070210;    3;  23.7;  48.0;eor
       2667;2026070211;    3;  25.5;  46.0;eor
       2667;2026070212;    3;  26.5;  40.0;eor
       2667;2026070213;    3;  23.8;  48.0;eor
       2667;2026070214;    3;  20.2;  70.0;eor
       2667;2026070215;    3;  21.0;  65.0;eor
       2667;2026070216;    3;  20.9;  68.0;eor
       2667;2026070217;    3;  19.1;  83.0;eor
       2667;2026070218;    3;  20.2;  73.0;eor
       2667;2026070219;    3;  19.6;  76.0;eor
       2667;2026070220;    3;  18.1;  63.0;eor
       2667;2026070221;    3;  16.5;  67.0;eor
       2667;2026070222;    3;  14.2;  76.0;eor
       2667;2026070223;    3;  13.0;  81.0;eor
       2667;2026070300;    3;  11.9;  87.0;eor
       2667;2026070301;    3;  11.1;  91.0;eor
       2667;2026070302;    3;  10.5;  94.0;eor
       2667;2026070303;    3;  10.3;  95.0;eor
       2667;2026070304;    3;  10.0;  95.0;eor
       2667;2026070305;    3;  12.2;  89.0;eor
       2667;2026070306;    3;  15.3;  74.0;eor
       2667;2026070307;    3;  16.8;  68.0;eor
       2667;2026070308;    3;  17.6;  59.0;eor
       2667;2026070309;    3;  20.1;  52.0;eor
       2667;2026070310;    3;  21.2;  45.0;eor
       2667;2026070311;    3;  21.9;  44.0;eor
       2667;2026070312;    3;  21.3;  44.0;eor
       2667;2026070313;    3;  21.6;  43.0;eor
       2667;2026070314;    3;  22.2;  42.0;eor
       2667;2026070315;    3;  23.6;  38.0;eor
       2667;2026070316;    3;  24.0;  37.0;eor
       2667;2026070317;    3;  23.4;  39.0;eor
       2667;2026070318;    3;  22.6;  40.0;eor
       2667;2026070319;    3;  21.7;  43.0;eor
       2667;2026070320;    3;  18.7;  55.0;eor
       2667;2026070321;    3;  17.4;  60.0;eor
       2667;2026070322;    3;  15.9;  67.0;eor
       2667;2026070323;    3;  14.9;  69.0;eor
       2667;2026070400;    3;  13.8;  71.0;eor
       2667;2026070401;    3;  12.2;  78.0;eor
       2667;2026070402;    3;  10.6;  86.0;eor
       2667;2026070403;    3;   9.4;  89.0;eor
       2667;2026070404;    3;   9.2;  91.0;eor
       2667;2026070405;    3;  10.9;  85.0;eor
       2667;2026070406;    3;  14.6;  75.0;eor
       2667;2026070407;    3;  16.8;  62.0;eor
       2667;2026070408;    3;  19.0;  53.0;eor
       2667;2026070409;    3;  20.9;  48.0;eor
       2667;2026070410;    3;  23.6;  42.0;eor
       2667;2026070411;    3;  25.5;  38.0;eor
       2667;2026070412;    3;  26.2;  30.0;eor
       2667;2026070413;    3;  26.5;  31.0;eor
       2667;2026070414;    3;  28.0;  29.0;eor
       2667;2026070415;    3;  27.8;  30.0;eor
       2667;2026070416;    3;  27.3;  34.0;eor
       2667;2026070417;    3;  25.6;  41.0;eor
       2667;2026070418;    3;  24.6;  47.0;eor
       2667;2026070419;    3;  23.4;  51.0;eor
       2667;2026070420;    3;  22.5;  56.0;eor
       2667;2026070421;    3;  22.0;  58.0;eor
       2667;2026070422;    3;  21.6;  60.0;eor
       2667;2026070423;    3;  21.1;  62.0;eor
       2667;2026070500;    1;  20.0;  68.0;eor
       2667;2026070501;    1;  19.7;  70.0;eor
       2667;2026070502;    1;  20.0;  69.0;eor
       2667;2026070503;    1;  19.4;  72.0;eor
       2667;2026070504;    1;  18.4;  82.0;eor
       2667;2026070505;    1;  18.4;  87.0;eor
       2667;2026070506;    1;  18.8;  84.0;eor
       2667;2026070507;    1;  19.5;  79.0;eor
       2667;2026070508;    1;  20.4;  69.0;eor
       2667;2026070509;    1;  21.8;  64.0;eor
       2667;2026070510;    1;  21.0;  66.0;eor
       2667;2026070511;    1;  21.6;  62.0;eor
       2667;2026070512;    1;  20.4;  73.0;eor
       2667;2026070513;    1;  21.8;  62.0;eor
       2667;2026070514;    1;  21.8;  62.0;eor
       2667;2026070515;    1;  22.4;  59.0;eor
       2667;2026070516;    1;  22.0;  58.0;eor
       2667;2026070517;    1;  22.4;  56.0;eor
       2667;2026070518;    1;  21.7;  60.0;eor
       2667;2026070519;    1;  20.9;  64.0;eor
       2667;2026070520;    1;  19.7;  68.0;eor
       2667;2026070521;    1;  18.5;  71.0;eor
       2667;2026070522;    1;  18.5;  73.0;eor
       2667;2026070523;    1;  17.7;  77.0;eor
       2667;2026070600;    1;  18.2;  76.0;eor
       2667;2026070601;    1;  17.1;  81.0;eor
       2667;2026070602;    1;  16.6;  84.0;eor
       2667;2026070603;    1;  15.8;  88.0;eor
       2667;2026070604;    1;  15.8;  87.0;eor
       2667;2026070605;    1;  16.2;  85.0;eor
       2667;2026070606;    1;  17.8;  79.0;eor
       2667;2026070607;    1;  19.0;  74.0;eor
       2667;2026070608;    1;  21.0;  67.0;eor
       2667;2026070609;    1;  23.2;  60.0;eor
       2667;2026070610;    1;  25.9;  51.0;eor
       2667;2026070611;    1;  25.9;  49.0;eor
       2667;2026070612;    1;  27.6;  41.0;eor
       2667;2026070613;    1;  27.5;  38.0;eor
       2667;2026070614;    1;  27.8;  37.0;eor
       2667;2026070615;    1;  27.5;  38.0;eor
       2667;2026070616;    1;  28.7;  39.0;eor
       2667;2026070617;    1;  28.3;  40.0;eor
       2667;2026070618;    1;  28.4;  38.0;eor
       2667;2026070619;    1;  27.4;  42.0;eor
       2667;2026070620;    1;  25.4;  45.0;eor
       2667;2026070621;    1;  22.1;  56.0;eor
       2667;2026070622;    1;  22.2;  56.0;eor
       2667;2026070623;    1;  21.7;  56.0;eor
       2667;2026070700;    1;  20.9;  54.0;eor
       2667;2026070701;    1;  19.0;  59.0;eor
       2667;2026070702;    1;  16.7;  68.0;eor
       2667;2026070703;    1;  16.6;  66.0;eor
       2667;2026070704;    1;  17.1;  63.0;eor
       2667;2026070705;    1;  17.5;  64.0;eor
       2667;2026070706;    1;  19.3;  67.0;eor
       2667;2026070707;    1;  21.4;  54.0;eor
       2667;2026070708;    1;  24.0;  43.0;eor
       2667;2026070709;    1;  26.2;  34.0;eor
       2667;2026070710;    1;  27.5;  33.0;eor
       2667;2026070711;    1;  28.3;  32.0;eor
       2667;2026070712;    1;  29.2;  29.0;eor
       2667;2026070713;    1;  30.0;  27.0;eor
       2667;2026070714;    1;  29.2;  34.0;eor
       2667;2026070715;    1;  29.2;  33.0;eor
       2667;2026070716;    1;  28.7;  36.0;eor
       2667;2026070717;    1;  27.7;  36.0;eor
       2667;2026070718;    1;  27.0;  38.0;eor
       2667;2026070719;    1;  25.9;  42.0;eor
       2667;2026070720;    1;  23.4;  52.0;eor
       2667;2026070721;    1;  21.8;  59.0;eor
       2667;2026070722;    1;  21.2;  60.0;eor
       2667;2026070723;    1;  20.5;  64.0;eor
       2667;2026070800;    1;  19.6;  68.0;eor
       2667;2026070801;    1;  19.6;  68.0;eor
       2667;2026070802;    1;  19.9;  68.0;eor
       2667;2026070803;    1;  19.7;  68.0;eor
       2667;2026070804;    1;  19.6;  69.0;eor
       2667;2026070805;    1;  19.3;  70.0;eor
       2667;2026070806;    1;  19.4;  72.0;eor
       2667;2026070807;    1;  20.0;  69.0;eor
       2667;2026070808;    1;  19.3;  72.0;eor
       2667;2026070809;    1;  19.9;  70.0;eor
       2667;2026070810;    1;  19.9;  70.0;eor
       2667;2026070811;    1;  21.1;  66.0;eor
       2667;2026070812;    1;  21.1;  66.0;eor
       2667;2026070813;    1;  21.5;  65.0;eor
       2667;2026070814;    1;  22.2;  63.0;eor
       2667;2026070815;    1;  22.9;  62.0;eor
       2667;2026070816;    1;  22.2;  63.0;eor
       2667;2026070817;    1;  21.8;  63.0;eor
       2667;2026070818;    1;  22.0;  63.0;eor
       2667;2026070819;    1;  21.1;  68.0;eor
       2667;2026070820;    1;  20.3;  72.0;eor
       2667;2026070821;    1;  19.6;  76.0;eor
       2667;2026070822;    1;  17.4;  84.0;eor
       2667;2026070823;    1;  16.4;  89.0;eor
       2667;2026070900;    1;  17.3;  86.0;eor
       2667;2026070901;    1;  15.4;  92.0;eor
       2667;2026070902;    1;  14.3;  95.0;eor
       2667;2026070903;    1;  14.0;  96.0;eor
       2667;2026070904;    1;  13.0;  96.0;eor
       2667;2026070905;    1;  14.2;  94.0;eor
       2667;2026070906;    1;  17.9;  79.0;eor
       2667;2026070907;    1;  19.0;  74.0;eor
       2667;2026070908;    1;  20.4;  67.0;eor
       2667;2026070909;    1;  21.0;  64.0;eor
       2667;2026070910;    1;  21.3;  61.0;eor
       2667;2026070911;    1;  22.2;  60.0;eor
       2667;2026070912;    1;  22.7;  57.0;eor
       2667;2026070913;    1;  24.5;  52.0;eor
       2667;2026070914;    1;  24.8;  50.0;eor
       2667;2026070915;    1;  25.2;  50.0;eor
       2667;2026070916;    1;  25.0;  52.0;eor
       2667;2026070917;    1;  24.7;  53.0;eor
       2667;2026070918;    1;  23.0;  55.0;eor
       2667;2026070919;    1;  21.9;  59.0;eor
       2667;2026070920;    1;  19.4;  69.0;eor
       2667;2026070921;    1;  17.2;  77.0;eor
       2667;2026070922;    1;  15.8;  83.0;eor
       2667;2026070923;    1;  14.8;  87.0;eor
       2667;2026071000;    1;  14.1;  90.0;eor
       2667;2026071001;    1;  14.4;  88.0;eor
       2667;2026071002;    1;  13.2;  93.0;eor
       2667;2026071003;    1;  11.5;  95.0;eor
       2667;2026071004;    1;  12.2;  96.0;eor
       2667;2026071005;    1;  13.5;  92.0;eor
       2667;2026071006;    1;  16.6;  81.0;eor
       2667;2026071007;    1;  19.9;  69.0;eor
       2667;2026071008;    1;  21.6;  62.0;eor
       2667;2026071009;    1;  23.4;  56.0;eor
       2667;2026071010;    1;  25.7;  47.0;eor
       2667;2026071011;    1;  27.9;  41.0;eor
       2667;2026071012;    1;  28.5;  36.0;eor
       2667;2026071013;    1;  29.9;  35.0;eor
       2667;2026071014;    1;  29.2;  36.0;eor
       2667;2026071015;    1;  31.0;  33.0;eor
       2667;2026071016;    1;  29.5;  35.0;eor
       2667;2026071017;    1;  28.6;  37.0;eor
       2667;2026071018;    1;  27.4;  41.0;eor
       2667;2026071019;    1;  26.0;  45.0;eor
       2667;2026071020;    1;  22.4;  56.0;eor
       2667;2026071021;    1;  19.9;  66.0;eor
       2667;2026071022;    1;  18.6;  71.0;eor
       2667;2026071023;    1;  16.8;  78.0;eor
       2667;2026071100;    1;  16.2;  80.0;eor
       2667;2026071101;    1;  14.7;  87.0;eor
       2667;2026071102;    1;  14.5;  89.0;eor
       2667;2026071103;    1;  13.6;  92.0;eor
       2667;2026071104;    1;  13.5;  92.0;eor
       2667;2026071105;    1;  13.3;  93.0;eor
       2667;2026071106;    1;  17.9;  77.0;eor
       2667;2026071107;    1;  22.0;  62.0;eor
       2667;2026071108;    1;  24.6;  56.0;eor
       2667;2026071109;    1;  26.4;  46.0;eor
       2667;2026071110;    1;  27.7;  41.0;eor
       2667;2026071111;    1;  27.6;  40.0;eor
       2667;2026071112;    1;  29.4;  38.0;eor
       2667;2026071113;    1;  29.6;  38.0;eor
       2667;2026071114;    1;  30.8;  38.0;eor
       2667;2026071115;    1;  31.8;  35.0;eor
       2667;2026071116;    1;  31.0;  35.0;eor
       2667;2026071117;    1;  31.1;  35.0;eor
       2667;2026071118;    1;  29.8;  38.0;eor
       2667;2026071119;    1;  28.0;  39.0;eor
       2667;2026071120;    1;  25.8;  43.0;eor
       2667;2026071121;    1;  24.3;  46.0;eor
       2667;2026071122;    1;  22.7;  52.0;eor
       2667;2026071123;    1;  21.1;  58.0;eor
       2667;2026071200;    1;  19.8;  62.0;eor
       2667;2026071201;    1;  18.0;  70.0;eor
       2667;2026071202;    1;  16.0;  78.0;eor
       2667;2026071203;    1;  15.5;  80.0;eor
       2667;2026071204;    1;  14.3;  85.0;eor
       2667;2026071205;    1;  15.8;  81.0;eor
       2667;2026071206;    1;  21.0;  64.0;eor
       2667;2026071207;    1;  23.7;  51.0;eor
       2667;2026071208;    1;  25.3;  46.0;eor
       2667;2026071209;    1;  27.8;  38.0;eor
       2667;2026071210;    1;  28.9;  35.0;eor
       2667;2026071211;    1;  30.1;  33.0;eor
       2667;2026071212;    1;  30.0;  33.0;eor
       2667;2026071213;    1;  32.2;  32.0;eor
       2667;2026071214;    1;  31.2;  34.0;eor
       2667;2026071215;    1;  31.1;  34.0;eor
       2667;2026071216;    1;  31.2;  35.0;eor
       2667;2026071217;    1;  31.4;  34.0;eor
       2667;2026071218;    1;  30.2;  37.0;eor
       2667;2026071219;    1;  28.6;  41.0;eor
       2667;2026071220;    1;  25.9;  49.0;eor
       2667;2026071221;    1;  23.8;  55.0;eor
       2667;2026071222;    1;  22.7;  59.0;eor
       2667;2026071223;    1;  20.6;  67.0;eor
       2667;2026071300;    1;  21.3;  58.0;eor
       2667;2026071301;    1;  18.4;  71.0;eor
       2667;2026071302;    1;  17.7;  71.0;eor
       2667;2026071303;    1;  16.5;  74.0;eor
       2667;2026071304;    1;  17.2;  71.0;eor
       2667;2026071305;    1;  17.4;  74.0;eor
       2667;2026071306;    1;  19.8;  64.0;eor
       2667;2026071307;    1;  21.6;  58.0;eor
       2667;2026071308;    1;  25.3;  47.0;eor
       2667;2026071309;    1;  26.6;  44.0;eor
       2667;2026071310;    1;  28.8;  41.0;eor
       2667;2026071311;    1;  29.9;  38.0;eor
       2667;2026071312;    1;  31.6;  36.0;eor
       2667;2026071313;    1;  30.8;  34.0;eor
       2667;2026071314;    1;  32.5;  30.0;eor
       2667;2026071315;    1;  32.3;  29.0;eor
       2667;2026071316;    1;  32.0;  36.0;eor
       2667;2026071317;    1;  31.9;  33.0;eor
       2667;2026071318;    1;  30.0;  40.0;eor
       2667;2026071319;    1;  28.4;  45.0;eor
       2667;2026071320;    1;  26.3;  50.0;eor
       2667;2026071321;    1;  25.9;  51.0;eor
       2667;2026071322;    1;  24.5;  55.0;eor
       2667;2026071323;    1;  23.1;  60.0;eor
       2667;2026071400;    1;  20.3;  71.0;eor
       2667;2026071401;    1;  18.7;  78.0;eor
       2667;2026071402;    1;  18.1;  78.0;eor
       2667;2026071403;    1;  17.7;  80.0;eor
       2667;2026071404;    1;  20.7;  67.0;eor
       2667;2026071405;    1;  19.0;  73.0;eor
       2667;2026071406;    1;  20.8;  71.0;eor
       2667;2026071407;    1;  23.9;  58.0;eor
       2667;2026071408;    1;  26.2;  51.0;eor
       2667;2026071409;    1;  26.7;  49.0;eor
       2667;2026071410;    1;  29.2;  37.0;eor
       2667;2026071411;    1;  30.7;  34.0;eor
       2667;2026071412;    1;  31.0;  34.0;eor
       2667;2026071413;    1;  31.7;  32.0;eor
       2667;2026071414;    1;  32.4;  31.0;eor
       2667;2026071415;    1;  30.9;  32.0;eor
       2667;2026071416;    1;  30.2;  34.0;eor
       2667;2026071417;    1;  29.8;  35.0;eor
       2667;2026071418;    1;  28.5;  37.0;eor
       2667;2026071419;    1;  27.0;  41.0;eor
       2667;2026071420;    1;  24.6;  48.0;eor
       2667;2026071421;    1;  23.3;  54.0;eor
       2667;2026071422;    1;  21.1;  66.0;eor
       2667;2026071423;    1;  20.7;  70.0;eor
       2667;2026071500;    1;  20.4;  71.0;eor
       2667;2026071501;    1;  20.3;  69.0;eor
       2667;2026071502;    1;  18.6;  75.0;eor
       2667;2026071503;    1;  17.4;  80.0;eor
       2667;2026071504;    1;  18.9;  74.0;eor
       2667;2026071505;    1;  17.3;  79.0;eor
       2667;2026071506;    1;  21.2;  63.0;eor
       2667;2026071507;    1;  23.6;  55.0;eor
       2667;2026071508;    1;  24.9;  48.0;eor
       2667;2026071509;    1;  26.4;  44.0;eor
       2667;2026071510;    1;  27.6;  41.0;eor
       2667;2026071511;    1;  27.6;  39.0;eor
       2667;2026071512;    1;  27.3;  39.0;eor
       2667;2026071513;    1;  27.7;  36.0;eor
       2667;2026071514;    1;  30.2;  31.0;eor
       2667;2026071515;    1;  29.3;  31.0;eor
       2667;2026071516;    1;  29.3;  31.0;eor
       2667;2026071517;    1;  29.4;  34.0;eor
       2667;2026071518;    1;  28.1;  37.0;eor
       2667;2026071519;    1;  26.6;  41.0;eor
       2667;2026071520;    1;  24.4;  45.0;eor
       2667;2026071521;    1;  23.2;  46.0;eor
       2667;2026071522;    1;  22.2;  48.0;eor
       2667;2026071523;    1;  20.6;  53.0;eor
       2667;2026071600;    1;  18.5;  61.0;eor
       2667;2026071601;    1;  16.3;  70.0;eor
       2667;2026071602;    1;  15.4;  74.0;eor
       2667;2026071603;    1;  15.3;  73.0;eor
       2667;2026071604;    1;  14.5;  77.0;eor
       2667;2026071605;    1;  15.3;  77.0;eor
       2667;2026071606;    1;  19.3;  65.0;eor
       2667;2026071607;    1;  21.9;  52.0;eor
       2667;2026071608;    1;  24.5;  44.0;eor
       2667;2026071609;    1;  26.2;  42.0;eor
       2667;2026071610;    1;  27.3;  41.0;eor
       2667;2026071611;    1;  28.1;  36.0;eor
       2667;2026071612;    1;  19.6;  78.0;eor
       2667;2026071613;    1;  23.0;  63.0;eor
       2667;2026071614;    1;  24.7;  56.0;eor
       2667;2026071615;    1;  26.5;  45.0;eor
       2667;2026071616;    1;  27.3;  44.0;eor
       2667;2026071617;    1;  27.3;  42.0;eor
       2667;2026071618;    1;  27.2;  42.0;eor
       2667;2026071619;    1;  26.6;  45.0;eor
       2667;2026071620;    1;  23.9;  55.0;eor
       2667;2026071621;    1;  21.0;  68.0;eor
       2667;2026071622;    1;  19.3;  74.0;eor
       2667;2026071623;    1;  18.8;  77.0;eor
       2667;2026071700;    1;  17.2;  82.0;eor
       2667;2026071701;    1;  16.5;  83.0;eor
       2667;2026071702;    1;  16.4;  86.0;eor
       2667;2026071703;    1;  15.7;  90.0;eor
       2667;2026071704;    1;  14.3;  94.0;eor
       2667;2026071705;    1;  15.7;  92.0;eor
       2667;2026071706;    1;  18.1;  83.0;eor
       2667;2026071707;    1;  18.8;  79.0;eor
       2667;2026071708;    1;  19.0;  78.0;eor
       2667;2026071709;    1;  21.2;  68.0;eor
       2667;2026071710;    1;  22.4;  64.0;eor
       2667;2026071711;    1;  25.0;  52.0;eor
       2667;2026071712;    1;  26.0;  46.0;eor
       2667;2026071713;    1;  27.3;  41.0;eor
       2667;2026071714;    1;  28.1;  35.0;eor
       2667;2026071715;    1;  28.1;  33.0;eor
       2667;2026071716;    1;  28.8;  29.0;eor
       2667;2026071717;    1;  27.6;  37.0;eor
       2667;2026071718;    1;  25.8;  45.0;eor
       2667;2026071719;    1;  24.6;  48.0;eor
       2667;2026071720;    1;  22.7;  54.0;eor
       2667;2026071721;    1;  21.2;  62.0;eor
       2667;2026071722;    1;  20.5;  67.0;eor
       2667;2026071723;    1;  19.5;  72.0;eor
       2667;2026071800;    1;  18.6;  75.0;eor
       2667;2026071801;    1;  18.2;  78.0;eor
       2667;2026071802;    1;  17.4;  81.0;eor
       2667;2026071803;    1;  17.3;  81.0;eor
       2667;2026071804;    1;  17.4;  81.0;eor
       2667;2026071805;    1;  17.9;  80.0;eor
       2667;2026071806;    1;  18.1;  78.0;eor
       2667;2026071807;    1;  18.9;  73.0;eor
       2667;2026071808;    1;  19.5;  68.0;eor
       2667;2026071809;    1;  19.5;  66.0;eor
       2667;2026071810;    1;  20.5;  60.0;eor
       2667;2026071811;    1;  22.3;  54.0;eor
       2667;2026071812;    1;  21.5;  56.0;eor
       2667;2026071813;    1;  23.0;  54.0;eor
       2667;2026071814;    1;  23.3;  52.0;eor
       2667;2026071815;    1;  24.1;  47.0;eor
       2667;2026071816;    1;  23.7;  47.0;eor
       2667;2026071817;    1;  22.7;  53.0;eor
       2667;2026071818;    1;  20.8;  55.0;eor
       2667;2026071819;    1;  19.6;  57.0;eor
       2667;2026071820;    1;  18.9;  57.0;eor
       2667;2026071821;    1;  18.3;  61.0;eor
       2667;2026071822;    1;  16.9;  68.0;eor
       2667;2026071823;    1;  16.4;  69.0;eor
       2667;2026071900;    1;  14.7;  75.0;eor
       2667;2026071901;    1;  14.7;  77.0;eor
       2667;2026071902;    1;  13.9;  81.0;eor
       2667;2026071903;    1;  12.6;  85.0;eor
       2667;2026071904;    1;  12.3;  85.0;eor
       2667;2026071905;    1;  13.4;  81.0;eor
       2667;2026071906;    1;  15.6;  71.0;eor
       2667;2026071907;    1;  16.0;  66.0;eor
       2667;2026071908;    1;  17.3;  56.0;eor
       2667;2026071909;    1;  17.7;  53.0;eor
       2667;2026071910;    1;  19.0;  47.0;eor
       2667;2026071911;    1;  19.4;  47.0;eor
       2667;2026071912;    1;  19.5;  47.0;eor
       2667;2026071913;    1;  20.5;  41.0;eor
       2667;2026071914;    1;  20.9;  44.0;eor
       2667;2026071915;    1;  22.5;  36.0;eor
       2667;2026071916;    1;  21.9;  37.0;eor
       2667;2026071917;    1;  21.8;  40.0;eor
       2667;2026071918;    1;  19.9;  42.0;eor
       2667;2026071919;    1;  18.9;  44.0;eor
       2667;2026071920;    1;  16.7;  50.0;eor
       2667;2026071921;    1;  15.1;  55.0;eor
       2667;2026071922;    1;  13.8;  62.0;eor
       2667;2026071923;    1;  12.0;  71.0;eor
       2667;2026072000;    1;  10.5;  78.0;eor
       2667;2026072001;    1;  10.1;  82.0;eor
       2667;2026072002;    1;   9.3;  85.0;eor
       2667;2026072003;    1;   9.4;  86.0;eor
       2667;2026072004;    1;  10.4;  83.0;eor
       2667;2026072005;    1;  11.7;  82.0;eor
       2667;2026072006;    1;  13.4;  75.0;eor
       2667;2026072007;    1;  15.6;  65.0;eor
       2667;2026072008;    1;  16.6;  61.0;eor
       2667;2026072009;    1;  17.5;  56.0;eor
       2667;2026072010;    1;  18.0;  53.0;eor
       2667;2026072011;    1;  18.1;  53.0;eor
       2667;2026072012;    1;  17.9;  55.0;eor
       2667;2026072013;    1;  19.0;  50.0;eor
       2667;2026072014;    1;  16.8;  63.0;eor
       2667;2026072015;    1;  17.7;  59.0;eor
       2667;2026072016;    1;  18.8;  54.0;eor
       2667;2026072017;    1;  18.8;  54.0;eor
       2667;2026072018;    1;  18.7;  55.0;eor
       2667;2026072019;    1;  18.7;  55.0;eor
       2667;2026072020;    1;  15.3;  68.0;eor
       2667;2026072021;    1;  12.6;  76.0;eor
       2667;2026072022;    1;  12.8;  75.0;eor
       2667;2026072023;    1;  12.3;  80.0;eor
       2667;2026072100;    1;  10.2;  86.0;eor
       2667;2026072101;    1;  10.2;  88.0;eor
       2667;2026072102;    1;   9.7;  88.0;eor
       2667;2026072103;    1;   9.1;  90.0;eor
       2667;2026072104;    1;   7.7;  92.0;eor
       2667;2026072105;    1;   8.8;  94.0;eor
       2667;2026072106;    1;  12.8;  79.0;eor
       2667;2026072107;    1;  15.1;  70.0;eor
       2667;2026072108;    1;  16.2;  66.0;eor
       2667;2026072109;    1;  16.7;  60.0;eor
       2667;2026072110;    1;  18.9;  54.0;eor
       2667;2026072111;    1;  20.7;  47.0;eor
       2667;2026072112;    1;  21.2;  44.0;eor
       2667;2026072113;    1;  22.6;  38.0;eor
       2667;2026072114;    1;  24.1;  35.0;eor
       2667;2026072115;    1;  23.1;  33.0;eor
       2667;2026072116;    1;  24.0;  32.0;eor
       2667;2026072117;    1;  23.7;  34.0;eor
       2667;2026072118;    1;  23.4;  37.0;eor
       2667;2026072119;    1;  21.5;  39.0;eor
       2667;2026072120;    1;  19.6;  47.0;eor
       2667;2026072121;    1;  18.3;  54.0;eor
       2667;2026072122;    1;  16.7;  61.0;eor
       2667;2026072123;    1;  14.6;  71.0;eor
       2667;2026072200;    1;  13.1;  77.0;eor
       2667;2026072201;    1;  12.7;  80.0;eor
       2667;2026072202;    1;  11.4;  84.0;eor
       2667;2026072203;    1;  11.1;  86.0;eor
       2667;2026072204;    1;  10.9;  86.0;eor
       2667;2026072205;    1;  11.6;  87.0;eor
       2667;2026072206;    1;  13.7;  80.0;eor
       2667;2026072207;    1;  15.4;  76.0;eor
       2667;2026072208;    1;  16.5;  69.0;eor
       2667;2026072209;    1;  16.9;  67.0;eor
       2667;2026072210;    1;  18.6;  62.0;eor
       2667;2026072211;    1;  19.5;  61.0;eor
       2667;2026072212;    1;  20.0;  56.0;eor
       2667;2026072213;    1;  20.3;  53.0;eor
       2667;2026072214;    1;  20.3;  55.0;eor
       2667;2026072215;    1;  18.0;  69.0;eor
       2667;2026072216;    1;  19.9;  58.0;eor
       2667;2026072217;    1;  20.1;  62.0;eor
       2667;2026072218;    1;  18.1;  71.0;eor
       2667;2026072219;    1;  18.6;  68.0;eor
       2667;2026072220;    1;  17.1;  66.0;eor
       2667;2026072221;    1;  16.6;  67.0;eor
       2667;2026072222;    1;  15.5;  72.0;eor
       2667;2026072223;    1;  15.5;  74.0;eor
       2667;2026072300;    1;  15.0;  74.0;eor
       2667;2026072301;    1;  14.8;  75.0;eor
       2667;2026072302;    1;  15.1;  74.0;eor
       2667;2026072303;    1;  15.1;  75.0;eor
       2667;2026072304;    1;  15.2;  69.0;eor
       2667;2026072305;    1;  15.5;  66.0;eor
       2667;2026072306;    1;  15.8;  66.0;eor
       2667;2026072307;    1;  16.7;  61.0;eor
       2667;2026072308;    1;  17.2;  57.0;eor
       2667;2026072309;    1;  17.8;  59.0;eor
       2667;2026072310;    1;  18.9;  55.0;eor
       2667;2026072311;    1;  19.2;  51.0;eor
       2667;2026072312;    1;  21.7;  45.0;eor
       2667;2026072313;    1;  22.2;  45.0;eor
       2667;2026072314;    1;  22.7;  43.0;eor
       2667;2026072315;    1;  23.7;  40.0;eor
       2667;2026072316;    1;  22.9;  41.0;eor
       2667;2026072317;    1;  22.5;  41.0;eor
       2667;2026072318;    1;  21.6;  44.0;eor
       2667;2026072319;    1;  20.3;  48.0;eor
       2667;2026072320;    1;  17.8;  57.0;eor
       2667;2026072321;    1;  16.5;  62.0;eor
       2667;2026072322;    1;  14.5;  70.0;eor
       2667;2026072323;    1;  13.0;  77.0;eor
       2667;2026072400;    1;  11.2;  82.0;eor
       2667;2026072401;    1;  11.7;  85.0;eor
       2667;2026072402;    1;  10.7;  88.0;eor
       2667;2026072403;    1;  11.3;  86.0;eor
       2667;2026072404;    1;  11.6;  87.0;eor
       2667;2026072405;    1;  12.3;  85.0;eor
       2667;2026072406;    1;  14.4;  73.0;eor
       2667;2026072407;    1;  15.2;  72.0;eor
       2667;2026072408;    1;  16.1;  66.0;eor
       2667;2026072409;    1;  16.8;  62.0;eor
       2667;2026072410;    1;  17.2;  62.0;eor
       2667;2026072411;    1;  19.5;  52.0;eor
       2667;2026072412;    1;  20.2;  52.0;eor
       2667;2026072413;    1;  21.1;  47.0;eor
       2667;2026072414;    1;  22.2;  43.0;eor
       2667;2026072415;    1;  23.2;  41.0;eor
       2667;2026072416;    1;  24.4;  37.0;eor
       2667;2026072417;    1;  23.7;  40.0;eor
       2667;2026072418;    1;  22.8;  44.0;eor
       2667;2026072419;    1;  20.7;  56.0;eor
       2667;2026072420;    1;  18.1;  60.0;eor
       2667;2026072421;    1;  15.0;  70.0;eor
       2667;2026072422;    1;  14.4;  75.0;eor
       2667;2026072423;    1;  13.5;  80.0;eor
       2667;2026072500;    1;  11.9;  85.0;eor
       2667;2026072501;    1;  11.6;  88.0;eor
       2667;2026072502;    1;  10.5;  89.0;eor
       2667;2026072503;    1;  11.1;  90.0;eor
       2667;2026072504;    1;  11.2;  89.0;eor
       2667;2026072505;    1;  10.4;  91.0;eor
       2667;2026072506;    1;  14.8;  77.0;eor
       2667;2026072507;    1;  16.2;  69.0;eor
       2667;2026072508;    1;  19.0;  58.0;eor
       2667;2026072509;    1;  21.9;  49.0;eor
       2667;2026072510;    1;  23.7;  42.0;eor
       2667;2026072511;    1;  25.6;  39.0;eor
       2667;2026072512;    1;  26.3;  36.0;eor
       2667;2026072513;    1;  27.7;  30.0;eor
       2667;2026072514;    1;  28.3;  30.0;eor
       2667;2026072515;    1;  28.2;  33.0;eor
       2667;2026072516;    1;  28.7;  33.0;eor
       2667;2026072517;    1;  27.9;  35.0;eor
       2667;2026072518;    1;  27.1;  37.0;eor
       2667;2026072519;    1;  26.5;  38.0;eor
       2667;2026072520;    1;  22.6;  49.0;eor
       2667;2026072521;    1;  21.2;  56.0;eor
       2667;2026072522;    1;  19.6;  63.0;eor
       2667;2026072523;    1;  17.6;  71.0;eor
       2667;2026072600;    1;  16.7;  74.0;eor
       2667;2026072601;    1;  16.0;  77.0;eor
       2667;2026072602;    1;  14.2;  81.0;eor
       2667;2026072603;    1;  15.5;  81.0;eor
       2667;2026072604;    1;  15.8;  78.0;eor
       2667;2026072605;    1;  15.6;  78.0;eor
       2667;2026072606;    1;  18.7;  64.0;eor
       2667;2026072607;    1;  20.6;  56.0;eor
       2667;2026072608;    1;  21.3;  52.0;eor
       2667;2026072609;    1;  23.3;  47.0;eor
       2667;2026072610;    1;  25.1;  40.0;eor
       2667;2026072611;    1;  23.7;  43.0;eor
       2667;2026072612;    1;  23.6;  48.0;eor
       2667;2026072613;    1;  23.3;  54.0;eor
       2667;2026072614;    1;  22.7;  60.0;eor
       2667;2026072615;    1;  22.6;  60.0;eor
       2667;2026072616;    1;  22.5;  63.0;eor
       2667;2026072617;    1;  22.7;  63.0;eor
       2667;2026072618;    1;  19.5;  87.0;eor
       2667;2026072619;    1;  19.9;  80.0;eor
       2667;2026072620;    1;  18.1;  84.0;eor
       2667;2026072621;    1;  17.2;  92.0;eor
       2667;2026072622;    1;  18.4;  88.0;eor
       2667;2026072623;    1;  17.4;  90.0;eor
       2667;2026072700;    1;  18.0;  84.0;eor
       2667;2026072701;    1;  16.6;  92.0;eor
       2667;2026072702;    1;  16.3;  90.0;eor
       2667;2026072703;    1;  16.5;  89.0;eor
       2667;2026072704;    1;  16.8;  85.0;eor
       2667;2026072705;    1;  17.2;  84.0;eor
       2667;2026072706;    1;  17.7;  83.0;eor
       2667;2026072707;    1;  18.1;  79.0;eor
       2667;2026072708;    1;  18.2;  78.0;eor
       2667;2026072709;    1;  20.2;  64.0;eor
       2667;2026072710;    1;  20.2;  62.0;eor
       2667;2026072711;    1;  21.4;  58.0;eor
       2667;2026072712;    1;  22.1;  51.0;eor
       2667;2026072713;    1;  22.6;  50.0;eor
       2667;2026072714;    1;  22.9;  45.0;eor
       2667;2026072715;    1;  22.8;  46.0;eor
       2667;2026072716;    1;  23.0;  45.0;eor
       2667;2026072717;    1;  23.3;  46.0;eor
       2667;2026072718;    1;  22.3;  48.0;eor
       2667;2026072719;    1;  20.9;  52.0;eor
       2667;2026072720;    1;  19.0;  60.0;eor
       2667;2026072721;    1;  17.9;  63.0;eor
       2667;2026072722;    1;  16.7;  70.0;eor
       2667;2026072723;    1;  14.5;  81.0;eor
       2667;2026072800;    1;  14.0;  81.0;eor
       2667;2026072801;    1;  12.0;  89.0;eor
       2667;2026072802;    1;  11.1;  92.0;eor
       2667;2026072803;    1;  10.4;  93.0;eor
       2667;2026072804;    1;  10.8;  95.0;eor
       2667;2026072805;    1;  11.1;  89.0;eor
       2667;2026072806;    1;  15.0;  78.0;eor
       2667;2026072807;    1;  17.6;  68.0;eor
       2667;2026072808;    1;  20.7;  56.0;eor
       2667;2026072809;    1;  22.7;  45.0;eor
       2667;2026072810;    1;  23.6;  42.0;eor
       2667;2026072811;    1;  24.8;  41.0;eor
       2667;2026072812;    1;  26.8;  38.0;eor
       2667;2026072813;    1;  27.1;  36.0;eor
       2667;2026072814;    1;  28.2;  34.0;eor
       2667;2026072815;    1;  29.5;  31.0;eor
       2667;2026072816;    1;  28.8;  33.0;eor
       2667;2026072817;    1;  28.5;  32.0;eor
       2667;2026072818;    1;  27.8;  36.0;eor
       2667;2026072819;    1;  25.0;  45.0;eor
       2667;2026072820;    1;  23.6;  49.0;eor
       2667;2026072821;    1;  21.3;  57.0;eor
       2667;2026072822;    1;  21.6;  55.0;eor
       2667;2026072823;    1;  20.7;  57.0;eor
       2667;2026072900;    1;  18.6;  63.0;eor
       2667;2026072901;    1;  16.7;  69.0;eor
       2667;2026072902;    1;  18.4;  61.0;eor
       2667;2026072903;    1;  19.2;  56.0;eor
       2667;2026072904;    1;  18.7;  58.0;eor
       2667;2026072905;    1;  19.0;  58.0;eor
       2667;2026072906;    1;  21.0;  53.0;eor
       2667;2026072907;    1;  24.3;  47.0;eor
       2667;2026072908;    1;  25.9;  41.0;eor
       2667;2026072909;    1;  27.7;  38.0;eor
       2667;2026072910;    1;  29.5;  35.0;eor
       2667;2026072911;    1;  31.5;  31.0;eor
       2667;2026072912;    1;  32.6;  27.0;eor
       2667;2026072913;    1;  33.7;  25.0;eor
       2667;2026072914;    1;  34.5;  24.0;eor
       2667;2026072915;    1;  36.2;  24.0;eor
       2667;2026072916;    1;  35.8;  23.0;eor
       2667;2026072917;    1;  35.0;  24.0;eor
       2667;2026072918;    1;  34.1;  27.0;eor
       2667;2026072919;    1;  30.1;  37.0;eor
       2667;2026072920;    1;  25.3;  52.0;eor
       2667;2026072921;    1;  22.7;  60.0;eor
       2667;2026072922;    1;  23.6;  56.0;eor
       2667;2026072923;    1;  19.5;  72.0;eor
       2667;2026073000;    1;  20.7;  68.0;eor
       2667;2026073001;    1;  18.7;  73.0;eor
       2667;2026073002;    1;  18.0;  77.0;eor
       2667;2026073003;    1;  18.6;  72.0;eor
       2667;2026073004;    1;  21.3;  57.0;eor
       2667;2026073005;    1;  21.6;  54.0;eor
       2667;2026073006;    1;  23.5;  49.0;eor
       2667;2026073007;    1;  25.9;  45.0;eor
       2667;2026073008;    1;  28.3;  39.0;eor
       2667;2026073009;    1;  31.6;  32.0;eor
       2667;2026073010;    1;  36.2;  24.0;eor
       2667;2026073011;    1;  36.4;  21.0;eor
       2667;2026073012;    1;  27.9;  47.0;eor
       2667;2026073013;    1;  25.6;  53.0;eor
       2667;2026073014;    1;  27.3;  46.0;eor
       2667;2026073015;    1;  25.4;  50.0;eor
       2667;2026073016;    1;  23.5;  61.0;eor
       2667;2026073017;    1;  23.6;  61.0;eor
       2667;2026073018;    1;  23.8;  63.0;eor
       2667;2026073019;    1;  22.2;  68.0;eor
       2667;2026073020;    1;  20.1;  75.0;eor
       2667;2026073021;    1;  18.2;  86.0;eor
       2667;2026073022;    1;  17.0;  90.0;eor
       2667;2026073023;    1;  16.8;  92.0;eor
       2667;2026073100;    1;  16.4;  94.0;eor
       2667;2026073101;    1;  15.9;  93.0;eor
       2667;2026073102;    1;  15.5;  95.0;eor
       2667;2026073103;    1;  15.7;  95.0;eor
       2667;2026073104;    1;  16.3;  93.0;eor
       2667;2026073105;    1;  16.0;  94.0;eor
       2667;2026073106;    1;  17.8;  89.0;eor
       2667;2026073107;    1;  19.6;  83.0;eor
       2667;2026073108;    1;  22.2;  68.0;eor
       2667;2026073109;    1;  24.0;  60.0;eor
       2667;2026073110;    1;  25.9;  51.0;eor
       2667;2026073111;    1;  28.9;  45.0;eor
       2667;2026073112;    1;  28.2;  46.0;eor
       2667;2026073113;    1;  28.7;  45.0;eor
       2667;2026073114;    1;  30.2;  42.0;eor
       2667;2026073115;    1;  28.2;  52.0;eor
       2667;2026073116;    1;  28.3;  51.0;eor
       2667;2026073117;    1;  26.9;  53.0;eor
       2667;2026073118;    1;  26.7;  53.0;eor
       2667;2026073119;    1;  25.2;  57.0;eor
       2667;2026073120;    1;  23.6;  61.0;eor
       2667;2026073121;    1;  22.4;  67.0;eor
       2667;2026073122;    1;  20.9;  73.0;eor
       2667;2026073123;    1;  19.8;  77.0;eor
       2667;2026080100;    1;  19.8;  75.0;eor
       2667;2026080101;    1;  18.4;  77.0;eor
       2667;2026080102;    1;  17.6;  80.0;eor
       2667;2026080103;    1;  16.9;  81.0;eor
       2667;2026080104;    1;  16.5;  82.0;eor
       2667;2026080105;    1;  16.1;  84.0;eor
       2667;2026080106;    1;  17.3;  78.0;eor
       2667;2026080107;    1;  17.9;  72.0;eor
       2667;2026080108;    1;  20.2;  57.0;eor
       2667;2026080109;    1;  22.6;  45.0;eor
       2667;2026080110;    1;  23.1;  41.0;eor
       2667;2026080111;    1;  24.6;  37.0;eor
       2667;2026080112;    1;  25.9;  33.0;eor
       2667;2026080113;    1;  25.9;  28.0;eor
       2667;2026080114;    1;  26.2;  29.0;eor
       2667;2026080115;    1;  26.4;  27.0;eor
       2667;2026080116;    1;  26.5;  28.0;eor
       2667;2026080117;    1;  25.5;  28.0;eor
       2667;2026080118;    1;  24.1;  32.0;eor
       2667;2026080119;    1;  22.1;  37.0;eor
       2667;2026080120;    1;  19.0;  46.0;eor
       2667;2026080121;    1;  17.7;  50.0;eor
       2667;2026080122;    1;  17.9;  49.0;eor
       2667;2026080123;    1;  16.4;  55.0;eor
       2667;2026080200;    1;  13.9;  66.0;eor
       2667;2026080201;    1;  15.9;  60.0;eor
       2667;2026080202;    1;  12.4;  75.0;eor
       2667;2026080203;    1;  13.0;  72.0;eor
       2667;2026080204;    1;  13.6;  73.0;eor
       2667;2026080205;    1;  14.5;  72.0;eor
       2667;2026080206;    1;  18.6;  59.0;eor
       2667;2026080207;    1;  20.7;  55.0;eor
       2667;2026080208;    1;  22.3;  52.0;eor
       2667;2026080209;    1;  24.5;  47.0;eor
       2667;2026080210;    1;  26.0;  42.0;eor
       2667;2026080211;    1;  28.1;  38.0;eor
       2667;2026080212;    1;  28.4;  35.0;eor
       2667;2026080213;    1;  29.1;  34.0;eor
       2667;2026080214;    1;  28.6;  34.0;eor
       2667;2026080215;    1;  29.5;  33.0;eor
       2667;2026080216;    1;  30.2;  31.0;eor
       2667;2026080217;    1;  30.1;  31.0;eor
       2667;2026080218;    1;  29.4;  33.0;eor
       2667;2026080219;    1;  26.8;  39.0;eor
       2667;2026080220;    1;  24.8;  44.0;eor
       2667;2026080221;    1;  24.5;  43.0;eor
       2667;2026080222;    1;  24.0;  42.0;eor
       2667;2026080223;    1;  23.5;  43.0;eor
       2667;2026080300;    1;  22.7;  43.0;eor
       2667;2026080301;    1;  21.4;  46.0;eor
       2667;2026080302;    1;  20.7;  48.0;eor
       2667;2026080303;    1;  20.5;  48.0;eor
       2667;2026080304;    1;  19.1;  53.0;eor
       2667;2026080305;    1;  17.9;  61.0;eor
       2667;2026080306;    1;  22.0;  51.0;eor
       2667;2026080307;    1;  23.8;  50.0;eor
       2667;2026080308;    1;  25.3;  49.0;eor
       2667;2026080309;    1;  27.8;  47.0;eor
       2667;2026080310;    1;  29.5;  43.0;eor
       2667;2026080311;    1;  30.3;  41.0;eor
       2667;2026080312;    1;  32.1;  39.0;eor
       2667;2026080313;    1;  33.0;  34.0;eor
       2667;2026080314;    1;  35.0;  31.0;eor
       2667;2026080315;    1;  34.5;  30.0;eor
       2667;2026080316;    1;  35.1;  31.0;eor
       2667;2026080317;    1;  34.1;  34.0;eor
       2667;2026080318;    1;  32.1;  38.0;eor
       2667;2026080319;    1;  30.3;  39.0;eor
       2667;2026080320;    1;  25.0;  67.0;eor
       2667;2026080321;    1;  26.4;  55.0;eor
       2667;2026080322;    1;  23.5;  68.0;eor
       2667;2026080323;    1;  21.2;  85.0;eor
       2667;2026080400;    1;  20.7;  89.0;eor
       2667;2026080401;    1;  20.7;  86.0;eor
       2667;2026080402;    1;  20.0;  91.0;eor
       2667;2026080403;    1;  20.1;  93.0;eor
       2667;2026080404;    1;  19.7;  90.0;eor
       2667;2026080405;    1;  19.6;  92.0;eor
       2667;2026080406;    1;  20.6;  88.0;eor
       2667;2026080407;    1;  22.8;  78.0;eor
       2667;2026080408;    1;  24.3;  70.0;eor
       2667;2026080409;    1;  26.8;  62.0;eor
       2667;2026080410;    1;  28.4;  53.0;eor
       2667;2026080411;    1;  29.3;  49.0;eor
       2667;2026080412;    1;  30.9;  43.0;eor
       2667;2026080413;    1;  31.1;  42.0;eor
       2667;2026080414;    1;  31.4;  42.0;eor
       2667;2026080415;    1;  32.8;  39.0;eor
       2667;2026080416;    1;  32.7;  37.0;eor
       2667;2026080417;    1;  32.0;  40.0;eor
       2667;2026080418;    1;  29.2;  48.0;eor
       2667;2026080419;    1;  26.7;  58.0;eor
       2667;2026080420;    1;  25.4;  61.0;eor
       2667;2026080421;    1;  23.9;  68.0;eor
       2667;2026080422;    1;  22.8;  74.0;eor
       2667;2026080423;    1;  21.9;  76.0;eor
       2667;2026080500;    1;  20.5;  82.0;eor
       2667;2026080501;    1;  21.4;  77.0;eor
       2667;2026080502;    1;  21.5;  75.0;eor
       2667;2026080503;    1;  19.6;  82.0;eor
       2667;2026080504;    1;  19.3;  85.0;eor
       2667;2026080505;    1;  19.4;  85.0;eor
       2667;2026080506;    1;  22.5;  73.0;eor
       2667;2026080507;    1;  24.2;  65.0;eor
       2667;2026080508;    1;  24.6;  62.0;eor
       2667;2026080509;    1;  26.1;  58.0;eor
       2667;2026080510;    1;  27.6;  51.0;eor
       2667;2026080511;    1;  27.5;  50.0;eor
       2667;2026080512;    1;  31.0;  41.0;eor
       2667;2026080513;    1;  30.4;  42.0;eor
       2667;2026080514;    1;  29.0;  44.0;eor
       2667;2026080515;    1;  30.0;  36.0;eor
       2667;2026080516;    1;  29.5;  38.0;eor
       2667;2026080517;    1;  29.3;  40.0;eor
       2667;2026080518;    1;  27.4;  45.0;eor
       2667;2026080519;    1;  26.4;  47.0;eor
       2667;2026080520;    1;  25.4;  47.0;eor
       2667;2026080521;    1;  24.5;  49.0;eor
       2667;2026080522;    1;  23.4;  50.0;eor
       2667;2026080523;    1;  22.7;  50.0;eor
       2667;2026080600;    1;  22.0;  47.0;eor
       2667;2026080601;    1;  21.1;  48.0;eor
       2667;2026080602;    1;  20.3;  50.0;eor
       2667;2026080603;    1;  19.3;  52.0;eor
       2667;2026080604;    1;  16.7;  60.0;eor
       2667;2026080605;    1;  16.3;  61.0;eor
       2667;2026080606;    1;  17.6;  59.0;eor
       2667;2026080607;    1;  18.1;  63.0;eor
       2667;2026080608;    1;  19.5;  58.0;eor
       2667;2026080609;    1;  21.7;  54.0;eor
       2667;2026080610;    1;  22.6;  47.0;eor
       2667;2026080611;    1;  23.6;  43.0;eor
       2667;2026080612;    1;  23.3;  39.0;eor
       2667;2026080613;    1;  24.8;  39.0;eor
       2667;2026080614;    1;  23.8;  35.0;eor
       2667;2026080615;    1;  24.0;  33.0;eor
       2667;2026080616;    1;  24.1;  34.0;eor
       2667;2026080617;    1;  24.2;  31.0;eor
       2667;2026080618;    1;  22.3;  41.0;eor
       2667;2026080619;    1;  21.0;  46.0;eor
       2667;2026080620;    1;  20.1;  48.0;eor
       2667;2026080621;    1;  18.6;  49.0;eor
       2667;2026080622;    1;  16.5;  57.0;eor
       2667;2026080623;    1;  14.7;  65.0;eor
       2667;2026080700;    1;  12.3;  74.0;eor
       2667;2026080701;    1;  11.2;  77.0;eor
       2667;2026080702;    1;  11.3;  79.0;eor
       2667;2026080703;    1;   9.8;  83.0;eor
       2667;2026080704;    1;   8.6;  87.0;eor
       2667;2026080705;    1;   7.5;  90.0;eor
       2667;2026080706;    1;  12.5;  81.0;eor
       2667;2026080707;    1;  15.9;  60.0;eor
       2667;2026080708;    1;  18.8;  50.0;eor
       2667;2026080709;    1;  19.3;  47.0;eor
       2667;2026080710;    1;  21.5;  44.0;eor
       2667;2026080711;    1;  22.3;  40.0;eor
       2667;2026080712;    1;  21.8;  40.0;eor
       2667;2026080713;    1;  22.9;  36.0;eor
       2667;2026080714;    1;  23.3;  36.0;eor
       2667;2026080715;    1;  22.6;  37.0;eor
       2667;2026080716;    1;  23.7;  36.0;eor
       2667;2026080717;    1;  22.2;  40.0;eor
       2667;2026080718;    1;  21.3;  46.0;eor
       2667;2026080719;    1;  20.1;  50.0;eor
       2667;2026080720;    1;  17.4;  59.0;eor
       2667;2026080721;    1;  15.5;  65.0;eor
       2667;2026080722;    1;  14.3;  71.0;eor
       2667;2026080723;    1;  13.7;  74.0;eor
       2667;2026080800;    1;  12.6;  77.0;eor
       2667;2026080801;    1;  11.3;  82.0;eor
       2667;2026080802;    1;  10.8;  87.0;eor
       2667;2026080803;    1;   9.5;  91.0;eor
       2667;2026080804;    1;   8.9;  92.0;eor
       2667;2026080805;    1;   8.8;  92.0;eor
       2667;2026080806;    1;  11.5;  83.0;eor
       2667;2026080807;    1;  15.8;  67.0;eor
       2667;2026080808;    1;  19.3;  55.0;eor
       2667;2026080809;    1;  22.0;  46.0;eor
       2667;2026080810;    1;  24.5;  40.0;eor
       2667;2026080811;    1;  25.2;  35.0;eor
       2667;2026080812;    1;  25.7;  32.0;eor
       2667;2026080813;    1;  27.3;  29.0;eor
       2667;2026080814;    1;  28.6;  27.0;eor
       2667;2026080815;    1;  28.6;  26.0;eor
       2667;2026080816;    1;  29.7;  26.0;eor
       2667;2026080817;    1;  29.1;  25.0;eor
       2667;2026080818;    1;  27.8;  31.0;eor
       2667;2026080819;    1;  24.4;  39.0;eor
       2667;2026080820;    1;  22.0;  45.0;eor
       2667;2026080821;    1;  21.9;  49.0;eor
       2667;2026080822;    1;  18.5;  59.0;eor
       2667;2026080823;    1;  17.5;  64.0;eor
       2667;2026080900;    1;  15.0;  73.0;eor
       2667;2026080901;    1;  17.3;  60.0;eor
       2667;2026080902;    1;  14.3;  70.0;eor
       2667;2026080903;    1;  14.9;  68.0;eor
       2667;2026080904;    1;  16.2;  63.0;eor
       2667;2026080905;    1;  15.8;  67.0;eor
       2667;2026080906;    1;  17.5;  65.0;eor
       2667;2026080907;    1;  22.3;  48.0;eor
       2667;2026080908;    1;  24.1;  41.0;eor
       2667;2026080909;    1;  26.3;  36.0;eor
       2667;2026080910;    1;  27.9;  32.0;eor
       2667;2026080911;    1;  29.8;  29.0;eor
       2667;2026080912;    1;  29.3;  28.0;eor
       2667;2026080913;    1;  29.5;  28.0;eor
       2667;2026080914;    1;  31.1;  24.0;eor
       2667;2026080915;    1;  30.5;  22.0;eor
       2667;2026080916;    1;  29.7;  23.0;eor
       2667;2026080917;    1;  28.7;  26.0;eor
       2667;2026080918;    1;  27.4;  30.0;eor
       2667;2026080919;    1;  26.1;  31.0;eor
       2667;2026080920;    1;  24.6;  35.0;eor
       2667;2026080921;    1;  24.7;  37.0;eor
       2667;2026080922;    1;  22.0;  45.0;eor
       2667;2026080923;    1;  18.8;  55.0;eor
       2667;2026081000;    1;  17.2;  62.0;eor
       2667;2026081001;    1;  19.9;  52.0;eor
       2667;2026081002;    1;  16.5;  65.0;eor
       2667;2026081003;    1;  14.9;  71.0;eor
       2667;2026081004;    1;  15.6;  67.0;eor
       2667;2026081005;    1;  15.0;  70.0;eor
       2667;2026081006;    1;  19.7;  54.0;eor
       2667;2026081007;    1;  22.2;  50.0;eor
       2667;2026081008;    1;  25.2;  40.0;eor
       2667;2026081009;    1;  27.2;  36.0;eor
       2667;2026081010;    1;  28.9;  33.0;eor
       2667;2026081011;    1;  29.5;  31.0;eor
       2667;2026081012;    1;  30.6;  28.0;eor
       2667;2026081013;    1;  30.3;  29.0;eor
       2667;2026081014;    1;  30.2;  33.0;eor
       2667;2026081015;    1;  29.3;  38.0;eor
       2667;2026081016;    1;  27.3;  40.0;eor
       2667;2026081017;    1;  26.7;  38.0;eor
       2667;2026081018;    1;  25.6;  41.0;eor
       2667;2026081019;    1;  23.8;  49.0;eor
       2667;2026081020;    1;  21.6;  58.0;eor
       2667;2026081021;    1;  19.7;  64.0;eor
       2667;2026081022;    1;  17.8;  68.0;eor
       2667;2026081023;    1;  16.6;  73.0;eor
       2667;2026081100;    1;  15.6;  77.0;eor
       2667;2026081101;    1;  14.4;  79.0;eor
       2667;2026081102;    1;  13.3;  83.0;eor
       2667;2026081103;    1;  13.4;  80.0;eor
       2667;2026081104;    1;  11.0;  87.0;eor
       2667;2026081105;    1;  10.5;  90.0;eor
       2667;2026081106;    1;  14.8;  74.0;eor
       2667;2026081107;    1;  18.1;  60.0;eor
       2667;2026081108;    1;  20.0;  52.0;eor
       2667;2026081109;    1;  21.6;  40.0;eor
       2667;2026081110;    1;  23.5;  34.0;eor
       2667;2026081111;    1;  24.1;  29.0;eor
       2667;2026081112;    1;  26.0;  26.0;eor
       2667;2026081113;    1;  26.3;  28.0;eor
       2667;2026081114;    1;  27.0;  25.0;eor
       2667;2026081115;    1;  27.4;  26.0;eor
       2667;2026081116;    1;  26.8;  26.0;eor
       2667;2026081117;    1;  26.0;  28.0;eor
       2667;2026081118;    1;  24.6;  31.0;eor
       2667;2026081119;    1;  22.1;  37.0;eor
       2667;2026081120;    1;  18.9;  45.0;eor
       2667;2026081121;    1;  18.9;  45.0;eor
       2667;2026081122;    1;  16.9;  52.0;eor
       2667;2026081123;    1;  13.8;  64.0;eor
       2667;2026081200;    1;  13.3;  66.0;eor
       2667;2026081201;    1;  11.3;  73.0;eor
       2667;2026081202;    1;  12.5;  70.0;eor
       2667;2026081203;    1;  10.8;  77.0;eor
       2667;2026081204;    1;   9.9;  80.0;eor
       2667;2026081205;    1;  10.1;  81.0;eor
       2667;2026081206;    1;  14.0;  68.0;eor
       2667;2026081207;    1;  19.0;  52.0;eor
       2667;2026081208;    1;  21.6;  43.0;eor
       2667;2026081209;    1;  23.5;  36.0;eor
       2667;2026081210;    1;  25.3;  31.0;eor
       2667;2026081211;    1;  28.0;  25.0;eor
       2667;2026081212;    1;  28.5;  23.0;eor
       2667;2026081213;    1;  30.4;  20.0;eor
       2667;2026081214;    1;  30.7;  18.0;eor
       2667;2026081215;    1;  31.0;  19.0;eor
       2667;2026081216;    1;  31.5;  18.0;eor
       2667;2026081217;    1;  31.5;  19.0;eor
       2667;2026081218;    1;  29.7;  22.0;eor
       2667;2026081219;    1;  24.8;  34.0;eor
       2667;2026081220;    1;  23.3;  37.0;eor
       2667;2026081221;    1;  22.5;  35.0;eor
       2667;2026081222;    1;  21.8;  34.0;eor
       2667;2026081223;    1;  20.5;  36.0;eor
       2667;2026081300;    1;  18.7;  41.0;eor
       2667;2026081301;    1;  13.5;  60.0;eor
       2667;2026081302;    1;  14.5;  55.0;eor
       2667;2026081303;    1;  14.7;  53.0;eor
       2667;2026081304;    1;  11.0;  69.0;eor
       2667;2026081305;    1;  14.3;  56.0;eor
       2667;2026081306;    1;  17.6;  57.0;eor
       2667;2026081307;    1;  21.8;  37.0;eor
       2667;2026081308;    1;  24.8;  35.0;eor
       2667;2026081309;    1;  26.7;  29.0;eor
       2667;2026081310;    1;  30.0;  24.0;eor
       2667;2026081311;    1;  31.9;  20.0;eor
       2667;2026081312;    1;  32.2;  19.0;eor
       2667;2026081313;    1;  33.6;  18.0;eor
       2667;2026081314;    1;  33.7;  17.0;eor
       2667;2026081315;    1;  34.6;  17.0;eor
       2667;2026081316;    1;  34.4;  17.0;eor
       2667;2026081317;    1;  33.8;  18.0;eor
       2667;2026081318;    1;  32.8;  19.0;eor
       2667;2026081319;    1;  29.4;  24.0;eor
       2667;2026081320;    1;  27.9;  26.0;eor
       2667;2026081321;    1;  26.3;  28.0;eor
       2667;2026081322;    1;  25.8;  29.0;eor
       2667;2026081323;    1;  23.5;  33.0;eor
       2667;2026081400;    1;  22.6;  35.0;eor
       2667;2026081401;    1;  22.0;  36.0;eor
       2667;2026081402;    1;  21.3;  39.0;eor
       2667;2026081403;    1;  21.0;  39.0;eor
       2667;2026081404;    1;  20.2;  41.0;eor
       2667;2026081405;    1;  19.8;  42.0;eor
       2667;2026081406;    1;  21.7;  38.0;eor
       2667;2026081407;    1;  24.6;  34.0;eor
       2667;2026081408;    1;  26.7;  30.0;eor
       2667;2026081409;    1;  29.0;  28.0;eor
       2667;2026081410;    1;  31.5;  24.0;eor
       2667;2026081411;    1;  34.1;  20.0;eor
       2667;2026081412;    1;  35.5;  17.0;eor
       2667;2026081413;    1;  36.1;  17.0;eor
       2667;2026081414;    1;  36.5;  17.0;eor
       2667;2026081415;    1;  36.4;  18.0;eor
       2667;2026081416;    1;  35.9;  19.0;eor
       2667;2026081417;    1;  35.2;  19.0;eor
       2667;2026081418;    1;  32.5;  22.0;eor
       2667;2026081419;    1;  29.9;  28.0;eor
       2667;2026081420;    1;  28.1;  31.0;eor
       2667;2026081421;    1;  24.4;  40.0;eor
       2667;2026081422;    1;  21.1;  50.0;eor
       2667;2026081423;    1;  19.8;  57.0;eor
       2667;2026081500;    1;  20.4;  51.0;eor
       2667;2026081501;    1;  18.1;  59.0;eor
       2667;2026081502;    1;  17.0;  62.0;eor
       2667;2026081503;    1;  16.5;  66.0;eor
       2667;2026081504;    1;  15.8;  68.0;eor
       2667;2026081505;    1;  17.1;  64.0;eor
       2667;2026081506;    1;  19.1;  57.0;eor
       2667;2026081507;    1;  23.5;  47.0;eor
       2667;2026081508;    1;  24.2;  43.0;eor
       2667;2026081509;    1;  26.9;  37.0;eor
       2667;2026081510;    1;  30.3;  31.0;eor
       2667;2026081511;    1;  32.3;  27.0;eor
       2667;2026081512;    1;  32.6;  29.0;eor
       2667;2026081513;    1;  30.2;  33.0;eor
       2667;2026081514;    1;  28.7;  39.0;eor
       2667;2026081515;    1;  27.8;  43.0;eor
       2667;2026081516;    1;  28.4;  41.0;eor
       2667;2026081517;    1;  28.5;  40.0;eor
       2667;2026081518;    1;  25.9;  49.0;eor
       2667;2026081519;    1;  24.7;  55.0;eor
       2667;2026081520;    1;  23.2;  59.0;eor
       2667;2026081521;    1;  22.5;  61.0;eor
       2667;2026081522;    1;  22.0;  64.0;eor
       2667;2026081523;    1;  22.0;  64.0;eor
       2667;2026081600;    1;  20.6;  71.0;eor
       2667;2026081601;    1;  19.5;  77.0;eor
       2667;2026081602;    1;  18.1;  81.0;eor
       2667;2026081603;    1;  17.8;  85.0;eor
       2667;2026081604;    1;  16.6;  91.0;eor
       2667;2026081605;    1;  16.6;  92.0;eor
       2667;2026081606;    1;  18.0;  89.0;eor
       2667;2026081607;    1;  19.9;  77.0;eor
       2667;2026081608;    1;  21.8;  69.0;eor
       2667;2026081609;    1;  22.8;  62.0;eor
       2667;2026081610;    1;  24.9;  54.0;eor
       2667;2026081611;    1;  26.5;  49.0;eor
       2667;2026081612;    1;  27.7;  45.0;eor
       2667;2026081613;    1;  28.7;  42.0;eor
       2667;2026081614;    1;  27.8;  44.0;eor
       2667;2026081615;    1;  27.6;  43.0;eor
       2667;2026081616;    1;  25.7;  48.0;eor
       2667;2026081617;    1;  25.0;  50.0;eor
       2667;2026081618;    1;  24.2;  51.0;eor
       2667;2026081619;    1;  21.7;  58.0;eor
       2667;2026081620;    1;  20.2;  61.0;eor
       2667;2026081621;    1;  18.7;  66.0;eor
       2667;2026081622;    1;  17.7;  71.0;eor
       2667;2026081623;    1;  16.8;  74.0;eor
       2667;2026081700;    1;  15.8;  77.0;eor
       2667;2026081701;    1;  15.0;  80.0;eor
       2667;2026081702;    1;  14.9;  81.0;eor
       2667;2026081703;    1;  14.6;  82.0;eor
       2667;2026081704;    1;  15.0;  81.0;eor
       2667;2026081705;    1;  14.6;  91.0;eor
       2667;2026081706;    1;  14.5;  94.0;eor
       2667;2026081707;    1;  15.8;  83.0;eor
       2667;2026081708;    1;  16.2;  80.0;eor
       2667;2026081709;    1;  16.7;  81.0;eor
       2667;2026081710;    1;  15.6;  91.0;eor
       2667;2026081711;    1;  15.1;  94.0;eor
       2667;2026081712;    1;  16.8;  90.0;eor
       2667;2026081713;    1;  18.3;  79.0;eor
       2667;2026081714;    1;  18.7;  76.0;eor
       2667;2026081715;    1;  19.0;  72.0;eor
       2667;2026081716;    1;  18.3;  79.0;eor
       2667;2026081717;    1;  19.2;  75.0;eor
       2667;2026081718;    1;  18.6;  76.0;eor
       2667;2026081719;    1;  18.0;  77.0;eor
       2667;2026081720;    1;  17.9;  77.0;eor
       2667;2026081721;    1;  17.7;  77.0;eor
       2667;2026081722;    1;  17.0;  85.0;eor
       2667;2026081723;    1;  16.8;  82.0;eor
       2667;2026081800;    1;  16.1;  84.0;eor
       2667;2026081801;    1;  15.7;  88.0;eor
       2667;2026081802;    1;  14.3;  89.0;eor
       2667;2026081803;    1;  15.3;  93.0;eor
       2667;2026081804;    1;  15.6;  90.0;eor
       2667;2026081805;    1;  15.4;  92.0;eor
       2667;2026081806;    1;  15.4;  94.0;eor
       2667;2026081807;    1;  15.7;  94.0;eor
       2667;2026081808;    1;  15.9;  95.0;eor
       2667;2026081809;    1;  16.6;  94.0;eor
       2667;2026081810;    1;  17.6;  94.0;eor
       2667;2026081811;    1;  18.1;  91.0;eor
       2667;2026081812;    1;  18.7;  84.0;eor
       2667;2026081813;    1;  18.7;  88.0;eor
       2667;2026081814;    1;  18.5;  91.0;eor
       2667;2026081815;    1;  18.3;  95.0;eor
       2667;2026081816;    1;  19.1;  91.0;eor
       2667;2026081817;    1;  19.7;  88.0;eor
       2667;2026081818;    1;  19.3;  89.0;eor
       2667;2026081819;    1;  18.4;  91.0;eor
       2667;2026081820;    1;  18.3;  90.0;eor
       2667;2026081821;    1;  17.7;  94.0;eor
       2667;2026081822;    1;  17.0;  96.0;eor
       2667;2026081823;    1;  17.3;  94.0;eor
       2667;2026081900;    1;  17.4;  95.0;eor
       2667;2026081901;    1;  17.5;  95.0;eor
       2667;2026081902;    1;  18.1;  93.0;eor
       2667;2026081903;    1;  18.0;  93.0;eor
       2667;2026081904;    1;  17.7;  94.0;eor
       2667;2026081905;    1;  18.1;  92.0;eor
       2667;2026081906;    1;  18.1;  93.0;eor
       2667;2026081907;    1;  18.9;  83.0;eor
       2667;2026081908;    1;  18.8;  80.0;eor
       2667;2026081909;    1;  19.3;  77.0;eor
       2667;2026081910;    1;  21.0;  71.0;eor
       2667;2026081911;    1;  21.6;  65.0;eor
       2667;2026081912;    1;  21.3;  66.0;eor
       2667;2026081913;    1;  21.6;  64.0;eor
       2667;2026081914;    1;  21.6;  64.0;eor
       2667;2026081915;    1;  21.0;  69.0;eor
       2667;2026081916;    1;  18.3;  84.0;eor
       2667;2026081917;    1;  16.4;  92.0;eor
       2667;2026081918;    1;  15.8;  97.0;eor
       2667;2026081919;    1;  15.9;  97.0;eor
       2667;2026081920;    1;  15.9;  98.0;eor
       2667;2026081921;    1;  15.9;  97.0;eor
       2667;2026081922;    1;  15.9;  97.0;eor
       2667;2026081923;    1;  16.2;  96.0;eor
       2667;2026082000;    1;  16.1;  94.0;eor
       2667;2026082001;    1;  16.2;  95.0;eor
       2667;2026082002;    1;  16.4;  92.0;eor
       2667;2026082003;    1;  16.4;  93.0;eor
       2667;2026082004;    1;  15.4;  95.0;eor
       2667;2026082005;    1;  14.7;  97.0;eor
       2667;2026082006;    1;  15.5;  94.0;eor
       2667;2026082007;    1;  17.1;  85.0;eor
       2667;2026082008;    1;  19.1;  77.0;eor
       2667;2026082009;    1;  20.9;  63.0;eor
       2667;2026082010;    1;  21.9;  55.0;eor
       2667;2026082011;    1;  21.5;  53.0;eor
       2667;2026082012;    1;  22.3;  48.0;eor
       2667;2026082013;    1;  23.2;  42.0;eor
       2667;2026082014;    1;  23.4;  42.0;eor
       2667;2026082015;    1;  24.6;  41.0;eor
       2667;2026082016;    1;  23.1;  45.0;eor
       2667;2026082017;    1;  21.1;  54.0;eor
       2667;2026082018;    1;  17.8;  76.0;eor
       2667;2026082019;    1;  16.8;  85.0;eor
       2667;2026082020;    1;  16.8;  83.0;eor
       2667;2026082021;    1;  17.0;  83.0;eor
       2667;2026082022;    1;  15.6;  89.0;eor
       2667;2026082023;    1;  15.4;  87.0;eor
       2667;2026082100;    1;  15.3;  84.0;eor
       2667;2026082101;    1;  14.2;  89.0;eor
       2667;2026082102;    1;  13.2;  90.0;eor
       2667;2026082103;    1;  13.5;  90.0;eor
       2667;2026082104;    1;  13.4;  89.0;eor
       2667;2026082105;    1;  13.0;  89.0;eor
       2667;2026082106;    1;  12.8;  92.0;eor
       2667;2026082107;    1;  17.4;  71.0;eor
       2667;2026082108;    1;  19.6;  64.0;eor
       2667;2026082109;    1;  19.8;  62.0;eor
       2667;2026082110;    1;  20.5;  58.0;eor
       2667;2026082111;    1;  20.6;  57.0;eor
       2667;2026082112;    1;  21.1;  53.0;eor
       2667;2026082113;    1;  21.4;  52.0;eor
       2667;2026082114;    1;  21.9;  50.0;eor
       2667;2026082115;    1;  22.5;  47.0;eor
       2667;2026082116;    1;  20.8;  59.0;eor
       2667;2026082117;    1;  19.8;  64.0;eor
       2667;2026082118;    1;  18.7;  69.0;eor
       2667;2026082119;    1;  18.0;  75.0;eor
       2667;2026082120;    1;  14.2;  93.0;eor
       2667;2026082121;    1;  14.0;  96.0;eor
       2667;2026082122;    1;  13.9;  95.0;eor
       2667;2026082123;    1;  13.9;  94.0;eor
       2667;2026082200;    1;  13.8;  95.0;eor
       2667;2026082201;    1;  13.8;  92.0;eor
       2667;2026082202;    1;  13.7;  97.0;eor
       2667;2026082203;    1;  12.0;  96.0;eor
       2667;2026082204;    1;  11.9;  97.0;eor
       2667;2026082205;    1;  12.4;  96.0;eor
       2667;2026082206;    1;  13.0;  96.0;eor
       2667;2026082207;    1;  14.5;  93.0;eor
       2667;2026082208;    1;  15.7;  85.0;eor
       2667;2026082209;    1;  17.0;  89.0;eor
       2667;2026082210;    1;  17.7;  73.0;eor
       2667;2026082211;    1;  17.3;  73.0;eor
       2667;2026082212;    1;  16.8;  77.0;eor
       2667;2026082213;    1;  16.2;  79.0;eor
       2667;2026082214;    1;  15.6;  88.0;eor
       2667;2026082215;    1;  18.5;  76.0;eor
       2667;2026082216;    1;  18.8;  68.0;eor
       2667;2026082217;    1;  17.8;  70.0;eor
       2667;2026082218;    1;  16.5;  83.0;eor
       2667;2026082219;    1;  14.7;  91.0;eor
       2667;2026082220;    1;  13.6;  95.0;eor
       2667;2026082221;    1;  12.5;  95.0;eor
       2667;2026082222;    1;  11.7;  94.0;eor
       2667;2026082223;    1;  10.7;  95.0;eor
       2667;2026082300;    1;  10.2;  97.0;eor
       2667;2026082301;    1;   9.8;  97.0;eor
       2667;2026082302;    1;   9.3;  98.0;eor
       2667;2026082303;    1;   9.6;  98.0;eor
       2667;2026082304;    1;   9.7;  97.0;eor
       2667;2026082305;    1;  10.1;  97.0;eor
       2667;2026082306;    1;  11.3;  93.0;eor
       2667;2026082307;    1;  13.1;  85.0;eor
       2667;2026082308;    1;  14.8;  76.0;eor
       2667;2026082309;    1;  16.5;  64.0;eor
       2667;2026082310;    1;  17.6;  59.0;eor
       2667;2026082311;    1;  17.7;  51.0;eor
       2667;2026082312;    1;  18.5;  54.0;eor
       2667;2026082313;    1;  18.3;  52.0;eor
       2667;2026082314;    1;  19.2;  47.0;eor
       2667;2026082315;    1;  19.1;  49.0;eor
       2667;2026082316;    1;  19.6;  47.0;eor
       2667;2026082317;    1;  19.6;  48.0;eor
       2667;2026082318;    1;  18.6;  52.0;eor
       2667;2026082319;    1;  14.5;  74.0;eor
       2667;2026082320;    1;  12.7;  81.0;eor
       2667;2026082321;    1;  11.2;  90.0;eor
       2667;2026082322;    1;  10.1;  94.0;eor
       2667;2026082323;    1;   9.7;  95.0;eor
       2667;2026082400;    1;   9.0;  94.0;eor
       2667;2026082401;    1;   8.3;  96.0;eor
       2667;2026082402;    1;   8.9;  95.0;eor
       2667;2026082403;    1;   7.7;  94.0;eor
       2667;2026082404;    1;   7.0;  97.0;eor
       2667;2026082405;    1;   7.9;  96.0;eor
       2667;2026082406;    1;   8.9;  89.0;eor
       2667;2026082407;    1;  11.7;  85.0;eor
       2667;2026082408;    1;  15.6;  67.0;eor
       2667;2026082409;    1;  18.2;  55.0;eor
       2667;2026082410;    1;  19.5;  48.0;eor
       2667;2026082411;    1;  20.2;  46.0;eor
       2667;2026082412;    1;  20.9;  46.0;eor
       2667;2026082413;    1;  22.3;  41.0;eor
       2667;2026082414;    1;  22.3;  41.0;eor
       2667;2026082415;    1;  23.5;  37.0;eor
       2667;2026082416;    1;  23.8;  37.0;eor
       2667;2026082417;    1;  22.5;  45.0;eor
       2667;2026082418;    1;  21.4;  43.0;eor
       2667;2026082419;    1;  17.4;  61.0;eor
       2667;2026082420;    1;  14.8;  72.0;eor
       2667;2026082421;    1;  15.6;  66.0;eor
       2667;2026082422;    1;  15.7;  65.0;eor
       2667;2026082423;    1;  15.7;  65.0;eor
       2667;2026082500;    1;  14.7;  68.0;eor
       2667;2026082501;    1;  14.5;  70.0;eor
       2667;2026082502;    1;  13.5;  73.0;eor
       2667;2026082503;    1;  12.0;  80.0;eor
       2667;2026082504;    1;  10.7;  85.0;eor
       2667;2026082505;    1;  10.5;  88.0;eor
       2667;2026082506;    1;  10.6;  91.0;eor
       2667;2026082507;    1;  14.0;  77.0;eor
       2667;2026082508;    1;  16.9;  63.0;eor
       2667;2026082509;    1;  19.4;  53.0;eor
       2667;2026082510;    1;  21.6;  49.0;eor
       2667;2026082511;    1;  21.2;  54.0;eor
       2667;2026082512;    1;  20.7;  56.0;eor
       2667;2026082513;    1;  20.3;  53.0;eor
       2667;2026082514;    1;  19.4;  65.0;eor
       2667;2026082515;    1;  19.4;  71.0;eor
       2667;2026082516;    1;  19.5;  70.0;eor
       2667;2026082517;    1;  18.9;  76.0;eor
       2667;2026082518;    1;  18.3;  71.0;eor
       2667;2026082519;    1;  17.5;  75.0;eor
       2667;2026082520;    1;  16.2;  83.0;eor
       2667;2026082521;    1;  15.8;  85.0;eor
       2667;2026082522;    1;  14.9;  90.0;eor
       2667;2026082523;    1;  13.3;  95.0;eor
       2667;2026082600;    1;  12.9;  96.0;eor
       2667;2026082601;    1;  13.8;  93.0;eor
       2667;2026082602;    1;  13.1;  97.0;eor
       2667;2026082603;    1;  12.4;  97.0;eor
       2667;2026082604;    1;  13.0;  96.0;eor
       2667;2026082605;    1;  14.7;  94.0;eor
       2667;2026082606;    1;  15.4;  90.0;eor
       2667;2026082607;    1;  17.0;  84.0;eor
       2667;2026082608;    1;  18.1;  77.0;eor
       2667;2026082609;    1;  19.5;  71.0;eor
       2667;2026082610;    1;  20.9;  64.0;eor
       2667;2026082611;    1;  20.9;  65.0;eor
       2667;2026082612;    1;  22.9;  60.0;eor
       2667;2026082613;    1;  24.0;  57.0;eor
       2667;2026082614;    1;  25.6;  53.0;eor
       2667;2026082615;    1;  26.3;  53.0;eor
       2667;2026082616;    1;  25.8;  54.0;eor
       2667;2026082617;    1;  25.8;  56.0;eor
       2667;2026082618;    1;  24.3;  60.0;eor
       2667;2026082619;    1;  22.9;  65.0;eor
       2667;2026082620;    1;  21.9;  67.0;eor
       2667;2026082621;    1;  20.7;  70.0;eor
       2667;2026082622;    1;  19.8;  74.0;eor
       2667;2026082623;    1;  18.7;  80.0;eor
       2667;2026082700;    1;  18.6;  80.0;eor
       2667;2026082701;    1;  17.9;  82.0;eor
       2667;2026082702;    1;  17.3;  85.0;eor
       2667;2026082703;    1;  16.7;  85.0;eor
       2667;2026082704;    1;  16.2;  87.0;eor
       2667;2026082705;    1;  16.1;  89.0;eor
       2667;2026082706;    1;  16.9;  87.0;eor
       2667;2026082707;    1;  19.9;  77.0;eor
       2667;2026082708;    1;  21.4;  71.0;eor
       2667;2026082709;    1;  23.8;  65.0;eor
       2667;2026082710;    1;  26.1;  58.0;eor
       2667;2026082711;    1;  26.9;  55.0;eor
       2667;2026082712;    1;  28.9;  49.0;eor
       2667;2026082713;    1;  28.8;  51.0;eor
       2667;2026082714;    1;  29.5;  50.0;eor
       2667;2026082715;    1;  29.9;  47.0;eor
       2667;2026082716;    1;  30.4;  47.0;eor
       2667;2026082717;    1;  29.2;  50.0;eor
       2667;2026082718;    1;  26.6;  64.0;eor
       2667;2026082719;    1;  26.1;  61.0;eor
       2667;2026082720;    1;  24.4;  68.0;eor
       2667;2026082721;    1;  25.5;  59.0;eor
       2667;2026082722;    1;  23.4;  68.0;eor
       2667;2026082723;    1;  25.5;  57.0;eor
       2667;2026082800;    1;  21.4;  78.0;eor
       2667;2026082801;    1;  20.1;  85.0;eor
       2667;2026082802;    1;  19.9;  87.0;eor
       2667;2026082803;    1;  20.2;  87.0;eor
       2667;2026082804;    1;  19.8;  91.0;eor
       2667;2026082805;    1;  18.8;  95.0;eor
       2667;2026082806;    1;  19.6;  91.0;eor
       2667;2026082807;    1;  19.8;  91.0;eor
       2667;2026082808;    1;  20.3;  90.0;eor
       2667;2026082809;    1;  20.8;  90.0;eor
       2667;2026082810;    1;  21.6;  81.0;eor
       2667;2026082811;    1;  21.5;  85.0;eor
       2667;2026082812;    1;  23.1;  67.0;eor
       2667;2026082813;    1;  23.2;  59.0;eor
       2667;2026082814;    1;  23.5;  47.0;eor
       2667;2026082815;    1;  24.5;  43.0;eor
       2667;2026082816;    1;  23.3;  46.0;eor
       2667;2026082817;    1;  20.8;  60.0;eor
       2667;2026082818;    1;  18.2;  79.0;eor
       2667;2026082819;    1;  17.4;  80.0;eor
       2667;2026082820;    1;  17.1;  77.0;eor
       2667;2026082821;    1;  17.2;  76.0;eor
       2667;2026082822;    1;  14.2;  87.0;eor
       2667;2026082823;    1;  14.5;  85.0;eor
       2667;2026082900;    1;  14.8;  85.0;eor
       2667;2026082901;    1;  14.3;  85.0;eor
       2667;2026082902;    1;  15.3;  81.0;eor
       2667;2026082903;    1;  13.7;  88.0;eor
       2667;2026082904;    1;  14.0;  89.0;eor
       2667;2026082905;    1;  14.0;  88.0;eor
       2667;2026082906;    1;  14.9;  86.0;eor
       2667;2026082907;    1;  17.2;  78.0;eor
       2667;2026082908;    1;  19.8;  68.0;eor
       2667;2026082909;    1;  21.3;  60.0;eor
       2667;2026082910;    1;  22.5;  53.0;eor
       2667;2026082911;    1;  23.4;  51.0;eor
       2667;2026082912;    1;  23.9;  48.0;eor
       2667;2026082913;    1;  23.5;  49.0;eor
       2667;2026082914;    1;  23.1;  52.0;eor
       2667;2026082915;    1;  21.7;  60.0;eor
       2667;2026082916;    1;  21.3;  67.0;eor
       2667;2026082917;    1;  20.9;  67.0;eor
       2667;2026082918;    1;  17.9;  90.0;eor
       2667;2026082919;    1;  17.9;  89.0;eor
       2667;2026082920;    1;  19.3;  78.0;eor
       2667;2026082921;    1;  19.0;  78.0;eor
       2667;2026082922;    1;  18.7;  80.0;eor
       2667;2026082923;    1;  18.4;  81.0;eor
       2667;2026083000;    1;  19.2;  78.0;eor
       2667;2026083001;    1;  19.3;  78.0;eor
       2667;2026083002;    1;  18.9;  80.0;eor
       2667;2026083003;    1;  19.3;  76.0;eor
       2667;2026083004;    1;  19.5;  68.0;eor
       2667;2026083005;    1;  18.7;  67.0;eor
       2667;2026083006;    1;  18.4;  74.0;eor
       2667;2026083007;    1;  19.3;  67.0;eor
       2667;2026083008;    1;  20.1;  63.0;eor
       2667;2026083009;    1;  20.2;  61.0;eor
       2667;2026083010;    1;  20.9;  60.0;eor
       2667;2026083011;    1;  21.8;  57.0;eor
       2667;2026083012;    1;  23.0;  53.0;eor
       2667;2026083013;    1;  24.1;  48.0;eor
       2667;2026083014;    1;  24.0;  48.0;eor
       2667;2026083015;    1;  24.0;  47.0;eor
       2667;2026083016;    1;  23.5;  49.0;eor
       2667;2026083017;    1;  22.9;  52.0;eor
       2667;2026083018;    1;  21.9;  54.0;eor
       2667;2026083019;    1;  19.0;  66.0;eor
       2667;2026083020;    1;  19.3;  66.0;eor
       2667;2026083021;    1;  19.4;  66.0;eor
       2667;2026083022;    1;  17.7;  72.0;eor
       2667;2026083023;    1;  18.2;  69.0;eor
       2667;2026083100;    1;  18.7;  67.0;eor
       2667;2026083101;    1;  18.4;  69.0;eor
       2667;2026083102;    1;  18.4;  74.0;eor
       2667;2026083103;    1;  16.9;  90.0;eor
       2667;2026083104;    1;  16.2;  92.0;eor
       2667;2026083105;    1;  15.6;  91.0;eor
       2667;2026083106;    1;  16.1;  88.0;eor
       2667;2026083107;    1;  18.0;  80.0;eor
       2667;2026083108;    1;  19.2;  71.0;eor
       2667;2026083109;    1;  19.6;  63.0;eor
       2667;2026083110;    1;  21.2;  61.0;eor
       2667;2026083111;    1;  20.5;  58.0;eor
       2667;2026083112;    1;  20.3;  66.0;eor
       2667;2026083113;    1;  21.0;  56.0;eor
       2667;2026083114;    1;  20.6;  62.0;eor
       2667;2026083115;    1;  18.0;  76.0;eor
       2667;2026083116;    1;  19.1;  66.0;eor
       2667;2026083117;    1;  18.8;  68.0;eor
       2667;2026083118;    1;  18.6;  71.0;eor
       2667;2026083119;    1;  17.5;  78.0;eor
       2667;2026083120;    1;  16.2;  83.0;eor
       2667;2026083121;    1;  16.2;  80.0;eor
       2667;2026083122;    1;  14.8;  86.0;eor
       2667;2026083123;    1;  16.1;  82.0;eor
       2667;2026090100;    1;  14.7;  88.0;eor
       2667;2026090101;    1;  13.6;  93.0;eor
       2667;2026090102;    1;  13.4;  95.0;eor
       2667;2026090103;    1;  14.6;  91.0;eor
       2667;2026090104;    1;  14.4;  92.0;eor
       2667;2026090105;    1;  14.9;  88.0;eor
       2667;2026090106;    1;  15.3;  85.0;eor
       2667;2026090107;    1;  15.9;  82.0;eor
       2667;2026090108;    1;  17.2;  79.0;eor
       2667;2026090109;    1;  18.3;  73.0;eor
       2667;2026090110;    1;  19.0;  73.0;eor
       2667;2026090111;    1;  20.1;  66.0;eor
       2667;2026090112;    1;  21.3;  60.0;eor
       2667;2026090113;    1;  20.5;  58.0;eor
       2667;2026090114;    1;  21.0;  60.0;eor
       2667;2026090115;    1;  21.7;  58.0;eor
       2667;2026090116;    1;  21.5;  56.0;eor
       2667;2026090117;    1;  20.4;  64.0;eor
       2667;2026090118;    1;  18.9;  72.0;eor
       2667;2026090119;    1;  16.5;  81.0;eor
       2667;2026090120;    1;  15.1;  89.0;eor
       2667;2026090121;    1;  13.3;  93.0;eor
       2667;2026090122;    1;  13.0;  96.0;eor
       2667;2026090123;    1;  13.0;  97.0;eor
       2667;2026090200;    1;  12.6;  98.0;eor
       2667;2026090201;    1;  12.0;  96.0;eor
       2667;2026090202;    1;  10.8;  96.0;eor
       2667;2026090203;    1;  13.4;  93.0;eor
       2667;2026090204;    1;  12.3;  93.0;eor
       2667;2026090205;    1;  13.5;  91.0;eor
       2667;2026090206;    1;  13.5;  94.0;eor
       2667;2026090207;    1;  14.4;  87.0;eor
       2667;2026090208;    1;  16.5;  78.0;eor
       2667;2026090209;    1;  18.5;  64.0;eor
       2667;2026090210;    1;  19.6;  54.0;eor
       2667;2026090211;    1;  21.5;  48.0;eor
       2667;2026090212;    1;  20.7;  50.0;eor
       2667;2026090213;    1;  21.0;  54.0;eor
       2667;2026090214;    1;  21.1;  50.0;eor
       2667;2026090215;    1;  22.2;  46.0;eor
       2667;2026090216;    1;  22.4;  47.0;eor
       2667;2026090217;    1;  21.5;  49.0;eor
       2667;2026090218;    1;  19.2;  59.0;eor
       2667;2026090219;    1;  17.0;  71.0;eor
       2667;2026090220;    1;  17.0;  70.0;eor
       2667;2026090221;    1;  16.7;  71.0;eor
       2667;2026090222;    1;  16.1;  73.0;eor
       2667;2026090223;    1;  15.7;  75.0;eor
       2667;2026090300;    1;  15.5;  74.0;eor
       2667;2026090301;    1;  15.6;  73.0;eor
       2667;2026090302;    1;  15.6;  73.0;eor
       2667;2026090303;    1;  16.5;  69.0;eor
       2667;2026090304;    1;  16.5;  69.0;eor
       2667;2026090305;    1;  16.1;  70.0;eor
       2667;2026090306;    1;  17.3;  65.0;eor
       2667;2026090307;    1;  18.4;  63.0;eor
       2667;2026090308;    1;  19.9;  58.0;eor
       2667;2026090309;    1;  20.8;  56.0;eor
       2667;2026090310;    1;  19.6;  71.0;eor
       2667;2026090311;    1;  18.1;  86.0;eor
       2667;2026090312;    1;  19.9;  80.0;eor
       2667;2026090313;    1;  22.7;  65.0;eor
       2667;2026090314;    1;  22.2;  64.0;eor
       2667;2026090315;    1;  22.9;  64.0;eor
       2667;2026090316;    1;  23.0;  66.0;eor
       2667;2026090317;    1;  22.6;  66.0;eor
       2667;2026090318;    1;  22.1;  69.0;eor
       2667;2026090319;    1;  20.9;  75.0;eor
       2667;2026090320;    1;  19.7;  80.0;eor
       2667;2026090321;    1;  20.0;  81.0;eor
       2667;2026090322;    1;  19.8;  84.0;eor
       2667;2026090323;    1;  20.9;  80.0;eor
       2667;2026090400;    1;  20.0;  89.0;eor
       2667;2026090401;    1;  19.7;  90.0;eor
       2667;2026090402;    1;  20.5;  81.0;eor
       2667;2026090403;    1;  19.3;  86.0;eor
       2667;2026090404;    1;  19.4;  86.0;eor
       2667;2026090405;    1;  19.7;  84.0;eor
       2667;2026090406;    1;  19.9;  85.0;eor
       2667;2026090407;    1;  19.9;  88.0;eor
       2667;2026090408;    1;  21.2;  82.0;eor
       2667;2026090409;    1;  22.5;  78.0;eor
       2667;2026090410;    1;  24.2;  69.0;eor
       2667;2026090411;    1;  26.2;  59.0;eor
       2667;2026090412;    1;  26.3;  55.0;eor
       2667;2026090413;    1;  26.1;  58.0;eor
       2667;2026090414;    1;  25.7;  56.0;eor
       2667;2026090415;    1;  25.5;  58.0;eor
       2667;2026090416;    1;  25.0;  60.0;eor
       2667;2026090417;    1;  17.2;  91.0;eor
       2667;2026090418;    1;  15.4;  94.0;eor
       2667;2026090419;    1;  15.7;  95.0;eor
       2667;2026090420;    1;  16.7;  93.0;eor
       2667;2026090421;    1;  16.8;  94.0;eor
       2667;2026090422;    1;  17.5;  91.0;eor
       2667;2026090423;    1;  17.5;  90.0;eor
       2667;2026090500;    1;  16.6;  86.0;eor
       2667;2026090501;    1;  16.0;  88.0;eor
       2667;2026090502;    1;  15.8;  91.0;eor
       2667;2026090503;    1;  15.1;  90.0;eor
       2667;2026090504;    1;  13.7;  91.0;eor
       2667;2026090505;    1;  14.1;  93.0;eor
       2667;2026090506;    1;  15.1;  90.0;eor
       2667;2026090507;    1;  15.7;  86.0;eor
       2667;2026090508;    1;  16.9;  79.0;eor
       2667;2026090509;    1;  17.8;  68.0;eor
       2667;2026090510;    1;  19.5;  60.0;eor
       2667;2026090511;    1;  20.4;  58.0;eor
       2667;2026090512;    1;  20.5;  54.0;eor
       2667;2026090513;    1;  20.2;  55.0;eor
       2667;2026090514;    1;  22.0;  50.0;eor
       2667;2026090515;    1;  21.7;  50.0;eor
       2667;2026090516;    1;  20.3;  54.0;eor
       2667;2026090517;    1;  20.7;  51.0;eor
       2667;2026090518;    1;  18.7;  57.0;eor
       2667;2026090519;    1;  16.9;  62.0;eor
       2667;2026090520;    1;  15.7;  70.0;eor
       2667;2026090521;    1;  13.4;  81.0;eor
       2667;2026090522;    1;  12.7;  83.0;eor
       2667;2026090523;    1;  11.3;  89.0;eor
       2667;2026090600;    1;  10.0;  95.0;eor
       2667;2026090601;    1;   9.6;  95.0;eor
       2667;2026090602;    1;   8.5;  96.0;eor
       2667;2026090603;    1;   8.3;  97.0;eor
       2667;2026090604;    1;   8.3;  97.0;eor
       2667;2026090605;    1;   7.9;  98.0;eor
       2667;2026090606;    1;   8.2;  95.0;eor
       2667;2026090607;    1;  12.6;  83.0;eor
       2667;2026090608;    1;  15.2;  74.0;eor
       2667;2026090609;    1;  17.3;  63.0;eor
       2667;2026090610;    1;  18.7;  53.0;eor
       2667;2026090611;    1;  20.6;  48.0;eor
       2667;2026090612;    1;  21.2;  46.0;eor
       2667;2026090613;    1;  22.3;  45.0;eor
       2667;2026090614;    1;  23.4;  46.0;eor
       2667;2026090615;    1;  23.6;  43.0;eor
       2667;2026090616;    1;  23.0;  47.0;eor
       2667;2026090617;    1;  22.3;  50.0;eor
       2667;2026090618;    1;  20.6;  55.0;eor
       2667;2026090619;    1;  19.8;  54.0;eor
       2667;2026090620;    1;  19.3;  57.0;eor
       2667;2026090621;    1;  18.9;  56.0;eor
       2667;2026090622;    1;  18.7;  55.0;eor
       2667;2026090623;    1;  18.8;  54.0;eor
       2667;2026090700;    1;  18.4;  56.0;eor
       2667;2026090701;    1;  18.5;  55.0;eor
       2667;2026090702;    1;  18.8;  54.0;eor
       2667;2026090703;    1;  18.6;  55.0;eor
       2667;2026090704;    1;  17.8;  61.0;eor
       2667;2026090705;    1;  16.6;  66.0;eor
       2667;2026090706;    1;  17.2;  64.0;eor
       2667;2026090707;    1;  19.1;  59.0;eor
       2667;2026090708;    1;  21.2;  55.0;eor
       2667;2026090709;    1;  23.3;  51.0;eor
       2667;2026090710;    1;  25.1;  48.0;eor
       2667;2026090711;    1;  27.5;  44.0;eor
       2667;2026090712;    1;  29.3;  40.0;eor
       2667;2026090713;    1;  30.4;  37.0;eor
       2667;2026090714;    1;  30.6;  40.0;eor
       2667;2026090715;    1;  30.7;  40.0;eor
       2667;2026090716;    1;  30.3;  42.0;eor
       2667;2026090717;    1;  29.4;  45.0;eor
       2667;2026090718;    1;  21.5;  86.0;eor
       2667;2026090719;    1;  24.1;  63.0;eor
       2667;2026090720;    1;  23.9;  64.0;eor
       2667;2026090721;    1;  22.9;  67.0;eor
       2667;2026090722;    1;  22.3;  69.0;eor
       2667;2026090723;    1;  20.5;  76.0;eor
       2667;2026090800;    1;  18.6;  85.0;eor
       2667;2026090801;    1;  18.5;  85.0;eor
       2667;2026090802;    1;  17.8;  90.0;eor
       2667;2026090803;    1;  17.2;  92.0;eor
       2667;2026090804;    1;  16.9;  93.0;eor
       2667;2026090805;    1;  17.4;  92.0;eor
       2667;2026090806;    1;  17.9;  90.0;eor
       2667;2026090807;    1;  18.4;  88.0;eor
       2667;2026090808;    1;  20.2;  78.0;eor
       2667;2026090809;    1;  21.5;  76.0;eor
       2667;2026090810;    1;  23.1;  67.0;eor
       2667;2026090811;    1;  25.5;  55.0;eor
       2667;2026090812;    1;  26.1;  48.0;eor
       2667;2026090813;    1;  27.2;  46.0;eor
       2667;2026090814;    1;  28.1;  42.0;eor
       2667;2026090815;    1;  28.0;  43.0;eor
       2667;2026090816;    1;  27.0;  42.0;eor
       2667;2026090817;    1;  25.2;  44.0;eor
       2667;2026090818;    1;  25.0;  45.0;eor
       2667;2026090819;    1;  24.0;  50.0;eor
       2667;2026090820;    1;  23.5;  52.0;eor
       2667;2026090821;    1;  23.0;  53.0;eor
       2667;2026090822;    1;  18.9;  72.0;eor
       2667;2026090823;    1;  17.1;  74.0;eor
       2667;2026090900;    1;  14.9;  93.0;eor
       2667;2026090901;    1;  13.9;  86.0;eor
       2667;2026090902;    1;  13.5;  84.0;eor
       2667;2026090903;    1;  13.0;  84.0;eor
       2667;2026090904;    1;  12.8;  84.0;eor
       2667;2026090905;    1;  12.7;  84.0;eor
       2667;2026090906;    1;  13.3;  81.0;eor
       2667;2026090907;    1;  14.3;  79.0;eor
       2667;2026090908;    1;  15.4;  71.0;eor
       2667;2026090909;    1;  16.5;  63.0;eor
       2667;2026090910;    1;  17.9;  57.0;eor
       2667;2026090911;    1;  17.9;  55.0;eor
       2667;2026090912;    1;  18.2;  53.0;eor
       2667;2026090913;    1;  18.5;  52.0;eor
       2667;2026090914;    1;  18.2;  53.0;eor
       2667;2026090915;    1;  15.9;  69.0;eor
       2667;2026090916;    1;  17.4;  67.0;eor
       2667;2026090917;    1;  16.8;  66.0;eor
       2667;2026090918;    1;  15.9;  66.0;eor
       2667;2026090919;    1;  14.5;  73.0;eor
       2667;2026090920;    1;  14.1;  79.0;eor
       2667;2026090921;    1;  14.3;  77.0;eor
       2667;2026090922;    1;  13.6;  81.0;eor
       2667;2026090923;    1;  12.7;  86.0;eor
       2667;2026091000;    1;  13.5;  85.0;eor
       2667;2026091001;    1;  13.1;  87.0;eor
       2667;2026091002;    1;  12.7;  90.0;eor
       2667;2026091003;    1;  13.3;  87.0;eor
       2667;2026091004;    1;  12.2;  93.0;eor
       2667;2026091005;    1;  12.0;  94.0;eor
       2667;2026091006;    1;  11.3;  96.0;eor
       2667;2026091007;    1;  13.4;  89.0;eor
       2667;2026091008;    1;  15.8;  74.0;eor
       2667;2026091009;    1;  16.4;  65.0;eor
       2667;2026091010;    1;  17.1;  55.0;eor
       2667;2026091011;    1;  18.5;  50.0;eor
       2667;2026091012;    1;  17.2;  55.0;eor
       2667;2026091013;    1;  19.2;  48.0;eor
       2667;2026091014;    1;  18.6;  47.0;eor
       2667;2026091015;    1;  18.8;  46.0;eor
       2667;2026091016;    1;  19.6;  43.0;eor
       2667;2026091017;    1;  18.7;  47.0;eor
       2667;2026091018;    1;  14.9;  68.0;eor
       2667;2026091019;    1;  12.7;  74.0;eor
       2667;2026091020;    1;  10.3;  83.0;eor
       2667;2026091021;    1;  11.0;  84.0;eor
       2667;2026091022;    1;  12.3;  76.0;eor
       2667;2026091023;    1;  11.6;  79.0;eor
       2667;2026091100;    1;   9.5;  86.0;eor
       2667;2026091101;    1;   8.9;  89.0;eor
       2667;2026091102;    1;   9.6;  84.0;eor
       2667;2026091103;    1;   8.8;  88.0;eor
       2667;2026091104;    1;   8.3;  90.0;eor
       2667;2026091105;    1;   8.9;  92.0;eor
       2667;2026091106;    1;   9.3;  89.0;eor
       2667;2026091107;    1;  13.2;  71.0;eor
       2667;2026091108;    1;  14.5;  68.0;eor
       2667;2026091109;    1;  17.0;  59.0;eor
       2667;2026091110;    1;  19.8;  50.0;eor
       2667;2026091111;    1;  21.2;  43.0;eor
       2667;2026091112;    1;  21.4;  43.0;eor
       2667;2026091113;    1;  21.0;  48.0;eor
       2667;2026091114;    1;  20.6;  51.0;eor
       2667;2026091115;    1;  17.2;  76.0;eor
       2667;2026091116;    1;  15.6;  93.0;eor
       2667;2026091117;    1;  15.8;  93.0;eor
       2667;2026091118;    1;  15.6;  95.0;eor
       2667;2026091119;    1;  15.4;  96.0;eor
       2667;2026091120;    1;  15.2;  96.0;eor
       2667;2026091121;    1;  14.9;  96.0;eor
       2667;2026091122;    1;  14.9;  96.0;eor
       2667;2026091123;    1;  14.5;  97.0;eor
       2667;2026091200;    1;  13.9;  97.0;eor
       2667;2026091201;    1;  13.4;  97.0;eor
       2667;2026091202;    1;  13.4;  97.0;eor
       2667;2026091203;    1;  13.3;  97.0;eor
       2667;2026091204;    1;  12.7;  96.0;eor
       2667;2026091205;    1;  13.7;  96.0;eor
       2667;2026091206;    1;  14.2;  96.0;eor
       2667;2026091207;    1;  15.2;  95.0;eor
       2667;2026091208;    1;  16.7;  88.0;eor
       2667;2026091209;    1;  17.8;  79.0;eor
       2667;2026091210;    1;  19.3;  73.0;eor
       2667;2026091211;    1;  20.5;  66.0;eor
       2667;2026091212;    1;  20.7;  59.0;eor
       2667;2026091213;    1;  22.0;  57.0;eor
       2667;2026091214;    1;  21.9;  59.0;eor
       2667;2026091215;    1;  21.6;  60.0;eor
       2667;2026091216;    1;  20.9;  62.0;eor
       2667;2026091217;    1;  20.8;  59.0;eor
       2667;2026091218;    1;  19.6;  60.0;eor
       2667;2026091219;    1;  17.3;  68.0;eor
       2667;2026091220;    1;  16.9;  74.0;eor
       2667;2026091221;    1;  17.5;  70.0;eor
       2667;2026091222;    1;  16.8;  73.0;eor
       2667;2026091223;    1;  17.6;  72.0;eor
       2667;2026091300;    1;  17.6;  72.0;eor
       2667;2026091301;    1;  17.6;  72.0;eor
       2667;2026091302;    1;  15.6;  93.0;eor
       2667;2026091303;    1;  15.6;  96.0;eor
       2667;2026091304;    1;  15.4;  96.0;eor
       2667;2026091305;    1;  15.4;  95.0;eor
       2667;2026091306;    1;  15.6;  95.0;eor
       2667;2026091307;    1;  15.9;  95.0;eor
       2667;2026091308;    1;  16.4;  92.0;eor
       2667;2026091309;    1;  16.6;  94.0;eor
       2667;2026091310;    1;  16.9;  94.0;eor
       2667;2026091311;    1;  17.4;  94.0;eor
       2667;2026091312;    1;  17.4;  95.0;eor
       2667;2026091313;    1;  17.3;  97.0;eor
       2667;2026091314;    1;  17.2;  98.0;eor
       2667;2026091315;    1;  17.7;  96.0;eor
       2667;2026091316;    1;  17.9;  93.0;eor
       2667;2026091317;    1;  17.9;  93.0;eor
       2667;2026091318;    1;  17.8;  94.0;eor
       2667;2026091319;    1;  17.1;  96.0;eor
       2667;2026091320;    1;  16.8;  97.0;eor
       2667;2026091321;    1;  16.4;  97.0;eor
       2667;2026091322;    1;  16.3;  97.0;eor
       2667;2026091323;    1;  16.6;  97.0;eor
       2667;2026091400;    1;  16.6;  97.0;eor
       2667;2026091401;    1;  16.6;  98.0;eor
       2667;2026091402;    1;  16.5;  98.0;eor
       2667;2026091403;    1;  16.7;  97.0;eor
       2667;2026091404;    1;  16.5;  98.0;eor
       2667;2026091405;    1;  16.5;  98.0;eor
       2667;2026091406;    1;  16.5;  98.0;eor
       2667;2026091407;    1;  17.2;  94.0;eor
       2667;2026091408;    1;  18.2;  93.0;eor
       2667;2026091409;    1;  19.3;  84.0;eor
       2667;2026091410;    1;  19.9;  84.0;eor
       2667;2026091411;    1;  21.0;  75.0;eor
       2667;2026091412;    1;  22.5;  70.0;eor
       2667;2026091413;    1;  22.5;  71.0;eor
       2667;2026091414;    1;  23.0;  67.0;eor
       2667;2026091415;    1;  22.9;  68.0;eor
       2667;2026091416;    1;  22.7;  71.0;eor
       2667;2026091417;    1;  21.1;  79.0;eor
       2667;2026091418;    1;  18.8;  90.0;eor
       2667;2026091419;    1;  18.0;  92.0;eor
       2667;2026091420;    1;  16.7;  97.0;eor
       2667;2026091421;    1;  16.4;  97.0;eor
       2667;2026091422;    1;  16.4;  98.0;eor
       2667;2026091423;    1;  16.9;  96.0;eor
       2667;2026091500;    1;  15.6;  97.0;eor
       2667;2026091501;    1;  17.3;  93.0;eor
       2667;2026091502;    1;  17.9;  91.0;eor
       2667;2026091503;    1;  17.3;  93.0;eor
       2667;2026091504;    1;  17.3;  92.0;eor
       2667;2026091505;    1;  17.2;  92.0;eor
       2667;2026091506;    1;  17.1;  92.0;eor
       2667;2026091507;    1;  18.7;  84.0;eor
       2667;2026091508;    1;  21.0;  75.0;eor
       2667;2026091509;    1;  22.9;  67.0;eor
       2667;2026091510;    1;  25.0;  63.0;eor
       2667;2026091511;    1;  26.0;  57.0;eor
       2667;2026091512;    1;  27.7;  52.0;eor
       2667;2026091513;    1;  26.7;  52.0;eor
       2667;2026091514;    1;  28.2;  46.0;eor
       2667;2026091515;    1;  28.5;  47.0;eor
       2667;2026091516;    1;  28.2;  46.0;eor
       2667;2026091517;    1;  26.7;  52.0;eor
       2667;2026091518;    1;  23.8;  63.0;eor
       2667;2026091519;    1;  22.4;  67.0;eor
       2667;2026091520;    1;  22.7;  65.0;eor
       2667;2026091521;    1;  21.3;  70.0;eor
       2667;2026091522;    1;  20.7;  78.0;eor
       2667;2026091523;    1;  20.0;  78.0;eor
