STATIONS_ID;MESS_DATUM;QN_3;   F;   D;eor
        603;2025031500;   10;   2.0; 360;eor
        603;2025031501;   10;   1.8;  10;eor
        603;2025031502;   10;   2.0; 350;eor
        603;2025031503;   10;   2.8;  10;eor
        603;2025031504;   10;   2.3;  10;eor
        603;2025031505;   10;   2.4;  10;eor
        603;2025031506;   10;   2.2; 350;eor
        603;2025031507;   10;   2.4; 350;eor
        603;2025031508;   10;   2.3; 330;eor
        603;2025031509;   10;   2.4; 330;eor
        603;2025031510;   10;   3.6;  40;eor
        603;2025031511;   10;   4.8;  40;eor
        603;2025031512;   10;   5.2;  40;eor
        603;2025031513;   10;   5.2;  40;eor
        603;2025031514;   10;   5.4;  40;eor
        603;2025031515;   10;   6.4;  70;eor
        603;2025031516;   10;   6.8;  80;eor
        603;2025031517;   10;   6.8;  50;eor
        603;2025031518;   10;   5.4;  30;eor
        603;2025031519;   10;   5.8;  30;eor
        603;2025031520;   10;   5.2;  30;eor
        603;2025031521;   10;   5.0;  40;eor
        603;2025031522;   10;   4.1;  40;eor
        603;2025031523;   10;   3.1;  40;eor
        603;2025031600;   10;   3.7;  50;eor
        603;2025031601;   10;   3.4;  40;eor
        603;2025031602;   10;   2.4;  20;eor
        603;2025031603;   10;   0.8;  10;eor
        603;2025031604;   10;   1.0; 340;eor
        603;2025031605;   10;   0.3; 150;eor
        603;2025031606;   10;   0.9; 350;eor
        603;2025031607;   10;   0.3; 130;eor
        603;2025031608;   10;   0.7;  40;eor
        603;2025031609;   10;   1.8;  40;eor
        603;2025031610;   10;   2.3;  30;eor
        603;2025031611;   10;   2.2;  30;eor
        603;2025031612;   10;   2.0;  30;eor
        603;2025031613;   10;   2.3;  20;eor
        603;2025031614;   10;   4.3;  20;eor
        603;2025031615;   10;   4.1;  10;eor
        603;2025031616;   10;   5.1;  10;eor
        603;2025031617;   10;   4.7;  10;eor
        603;2025031618;   10;   3.9;  10;eor
        603;2025031619;   10;   3.6; 360;eor
        603;2025031620;   10;   2.9;  10;eor
        603;2025031621;   10;   1.7;  10;eor
        603;2025031622;   10;   1.8; 360;eor
        603;2025031623;   10;   2.0;  20;eor
        603;2025031700;   10;   0.8; 130;eor
        603;2025031701;   10;   1.7; 280;eor
        603;2025031702;   10;   1.2; 270;eor
        603;2025031703;   10;   0.8; 230;eor
        603;2025031704;   10;   0.9; 250;eor
        603;2025031705;   10;   0.4; 170;eor
        603;2025031706;   10;   0.5; 280;eor
        603;2025031707;   10;   0.2;  40;eor
        603;2025031708;   10;   0.7;  90;eor
        603;2025031709;   10;   0.9;  40;eor
        603;2025031710;   10;   2.4;  50;eor
        603;2025031711;   10;   4.3;  70;eor
        603;2025031712;   10;   5.0;  90;eor
        603;2025031713;   10;   5.6;  70;eor
        603;2025031714;   10;   4.8;  80;eor
        603;2025031715;   10;   4.5;  80;eor
        603;2025031716;   10;   4.8;  90;eor
        603;2025031717;   10;   5.1;  90;eor
        603;2025031718;   10;   4.6;  90;eor
        603;2025031719;   10;   4.0; 100;eor
        603;2025031720;   10;   4.3; 100;eor
        603;2025031721;   10;   4.7; 100;eor
        603;2025031722;   10;   4.0; 100;eor
        603;2025031723;   10;   3.9; 100;eor
        603;2025031800;   10;   3.0; 100;eor
        603;2025031801;   10;   2.4; 100;eor
        603;2025031802;   10;   3.5;  90;eor
        603;2025031803;   10;   3.5; 110;eor
        603;2025031804;   10;   2.9; 100;eor
        603;2025031805;   10;   2.2; 110;eor
        603;2025031806;   10;   1.2;  80;eor
        603;2025031807;   10;   2.5; 100;eor
        603;2025031808;   10;   3.8; 110;eor
        603;2025031809;   10;   6.1; 120;eor
        603;2025031810;   10;   6.7; 120;eor
        603;2025031811;   10;   5.8; 110;eor
        603;2025031812;   10;   6.2; 110;eor
        603;2025031813;   10;   6.3; 120;eor
        603;2025031814;   10;   5.7; 120;eor
        603;2025031815;   10;   6.1; 120;eor
        603;2025031816;   10;   5.5; 120;eor
        603;2025031817;   10;   5.2; 110;eor
        603;2025031818;   10;   4.3; 110;eor
        603;2025031819;   10;   1.7; 100;eor
        603;2025031820;   10;   1.3; 120;eor
        603;2025031821;   10;   2.4; 120;eor
        603;2025031822;   10;   1.3; 130;eor
        603;2025031823;   10;   1.5; 140;eor
        603;2025031900;   10;   1.2; 100;eor
        603;2025031901;   10;   2.5; 100;eor
        603;2025031902;   10;   2.0; 100;eor
        603;2025031903;   10;   2.1; 100;eor
        603;2025031904;   10;   2.1; 100;eor
        603;2025031905;   10;   3.9; 100;eor
        603;2025031906;   10;   3.5; 120;eor
        603;2025031907;   10;   2.2; 100;eor
        603;2025031908;   10;   3.1; 110;eor
        603;2025031909;   10;   3.1; 110;eor
        603;2025031910;   10;   3.7; 110;eor
        603;2025031911;   10;   3.2; 130;eor
        603;2025031912;   10;   4.2; 110;eor
        603;2025031913;   10;   3.5; 110;eor
        603;2025031914;   10;   3.8; 110;eor
        603;2025031915;   10;   4.2; 110;eor
        603;2025031916;   10;   4.3; 110;eor
        603;2025031917;   10;   4.2; 130;eor
        603;2025031918;   10;   2.6; 140;eor
        603;2025031919;   10;   2.6; 150;eor
        603;2025031920;   10;   2.6; 170;eor
        603;2025031921;   10;   4.2; 190;eor
        603;2025031922;   10;   4.6; 180;eor
        603;2025031923;   10;   3.7; 170;eor
        603;2025032000;   10;   5.1; 180;eor
        603;2025032001;   10;   2.0; 130;eor
        603;2025032002;   10;   1.3;  30;eor
        603;2025032003;   10;   1.1;  40;eor
        603;2025032004;   10;   0.8;  10;eor
        603;2025032005;   10;   0.9; 200;eor
        603;2025032006;   10;   0.8;  50;eor
        603;2025032007;   10;   0.7; 340;eor
        603;2025032008;   10;   0.9; 340;eor
        603;2025032009;   10;   1.8; 210;eor
        603;2025032010;   10;   3.0; 210;eor
        603;2025032011;   10;   3.6; 220;eor
        603;2025032012;   10;   3.3; 210;eor
        603;2025032013;   10;   3.7; 200;eor
        603;2025032014;   10;   3.0; 190;eor
        603;2025032015;   10;   2.3; 210;eor
        603;2025032016;   10;   2.4; 170;eor
        603;2025032017;   10;   1.7; 180;eor
        603;2025032018;   10;   1.2;  80;eor
        603;2025032019;   10;   1.2; 170;eor
        603;2025032020;   10;   3.4; 180;eor
        603;2025032021;   10;   3.6; 220;eor
        603;2025032022;   10;   3.0; 200;eor
        603;2025032023;   10;   1.3; 150;eor
        603;2025032100;   10;   0.6; 100;eor
        603;2025032101;   10;   0.8;  60;eor
        603;2025032102;   10;   1.3;  50;eor
        603;2025032103;   10;   0.7;  90;eor
        603;2025032104;   10;   0.9; 130;eor
        603;2025032105;   10;   1.4; 110;eor
        603;2025032106;   10;   2.1; 110;eor
        603;2025032107;   10;   2.9; 100;eor
        603;2025032108;   10;   2.8; 110;eor
        603;2025032109;   10;   6.0; 110;eor
        603;2025032110;   10;   6.8; 120;eor
        603;2025032111;   10;   7.4; 120;eor
        603;2025032112;   10;   6.9; 120;eor
        603;2025032113;   10;   7.4; 130;eor
        603;2025032114;   10;   7.2; 130;eor
        603;2025032115;   10;   7.1; 140;eor
        603;2025032116;   10;   6.8; 140;eor
        603;2025032117;   10;   6.0; 120;eor
        603;2025032118;   10;   5.3; 110;eor
        603;2025032119;   10;   4.0; 110;eor
        603;2025032120;   10;   4.8; 120;eor
        603;2025032121;   10;   5.2; 120;eor
        603;2025032122;   10;   5.2; 110;eor
        603;2025032123;   10;   4.3; 110;eor
        603;2025032200;   10;   4.6; 100;eor
        603;2025032201;   10;   4.3; 100;eor
        603;2025032202;   10;   2.3; 120;eor
        603;2025032203;   10;   2.2; 130;eor
        603;2025032204;   10;   2.6; 130;eor
        603;2025032205;   10;   2.5; 110;eor
        603;2025032206;   10;   2.3; 130;eor
        603;2025032207;   10;   1.1; 120;eor
        603;2025032208;   10;   4.0; 130;eor
        603;2025032209;   10;   5.5; 130;eor
        603;2025032210;   10;   4.2; 140;eor
        603;2025032211;   10;   4.0; 140;eor
        603;2025032212;   10;   4.3; 140;eor
        603;2025032213;   10;   4.5; 130;eor
        603;2025032214;   10;   4.2; 130;eor
        603;2025032215;   10;   4.1; 130;eor
        603;2025032216;   10;   2.6; 130;eor
        603;2025032217;   10;   4.3; 110;eor
        603;2025032218;   10;   4.7; 130;eor
        603;2025032219;   10;   4.5; 120;eor
        603;2025032220;   10;   3.5; 150;eor
        603;2025032221;   10;   4.2; 120;eor
        603;2025032222;   10;   4.6; 240;eor
        603;2025032223;   10;   2.1;  90;eor
        603;2025032300;   10;   1.6; 100;eor
        603;2025032301;   10;   3.3; 250;eor
        603;2025032302;   10;   2.2; 190;eor
        603;2025032303;   10;   1.6; 110;eor
        603;2025032304;   10;   2.5;  80;eor
        603;2025032305;   10;   1.6;  90;eor
        603;2025032306;   10;   1.1; 130;eor
        603;2025032307;   10;   2.5; 120;eor
        603;2025032308;   10;   1.9; 120;eor
        603;2025032309;   10;   1.4; 100;eor
        603;2025032310;   10;   2.9; 140;eor
        603;2025032311;   10;   2.2; 130;eor
        603;2025032312;   10;   3.1; 160;eor
        603;2025032313;   10;   3.7; 150;eor
        603;2025032314;   10;   2.7; 160;eor
        603;2025032315;   10;   2.6; 200;eor
        603;2025032316;   10;   3.0; 220;eor
        603;2025032317;   10;   3.7; 240;eor
        603;2025032318;   10;   1.8; 270;eor
        603;2025032319;   10;   1.5; 250;eor
        603;2025032320;   10;   2.0; 220;eor
        603;2025032321;   10;   3.5; 220;eor
        603;2025032322;   10;   3.2; 230;eor
        603;2025032323;   10;   3.9; 230;eor
        603;2025032400;   10;   3.5; 230;eor
        603;2025032401;   10;   3.2; 240;eor
        603;2025032402;   10;   2.8; 240;eor
        603;2025032403;   10;   3.3; 240;eor
        603;2025032404;   10;   3.1; 240;eor
        603;2025032405;   10;   2.9; 230;eor
        603;2025032406;   10;   3.4; 230;eor
        603;2025032407;   10;   0.6;  30;eor
        603;2025032408;   10;   0.7; 190;eor
        603;2025032409;   10;   2.0; 250;eor
        603;2025032410;   10;   2.5; 280;eor
        603;2025032411;   10;   2.8; 310;eor
        603;2025032412;   10;   2.6; 300;eor
        603;2025032413;   10;   3.0; 300;eor
        603;2025032414;   10;   2.8; 310;eor
        603;2025032415;   10;   3.4; 320;eor
        603;2025032416;   10;   4.5; 360;eor
        603;2025032417;   10;   3.2; 330;eor
        603;2025032418;   10;   3.0; 300;eor
        603;2025032419;   10;   1.8; 320;eor
        603;2025032420;   10;   1.5; 290;eor
        603;2025032421;   10;   2.6; 260;eor
        603;2025032422;   10;   2.4; 260;eor
        603;2025032423;   10;   2.6; 290;eor
        603;2025032500;   10;   2.9; 290;eor
        603;2025032501;   10;   2.6; 290;eor
        603;2025032502;   10;   2.6; 280;eor
        603;2025032503;   10;   2.6; 290;eor
        603;2025032504;   10;   2.2; 320;eor
        603;2025032505;   10;   1.8; 310;eor
        603;2025032506;   10;   2.9; 290;eor
        603;2025032507;   10;   2.6; 290;eor
        603;2025032508;   10;   2.0; 290;eor
        603;2025032509;   10;   2.1; 290;eor
        603;2025032510;   10;   2.1; 300;eor
        603;2025032511;   10;   2.5; 290;eor
        603;2025032512;   10;   2.5; 280;eor
        603;2025032513;   10;   3.2; 300;eor
        603;2025032514;   10;   3.0; 310;eor
        603;2025032515;   10;   2.7; 330;eor
        603;2025032516;   10;   2.3; 340;eor
        603;2025032517;   10;   2.6; 340;eor
        603;2025032518;   10;   2.0; 320;eor
        603;2025032519;   10;   0.9; 280;eor
        603;2025032520;   10;   1.3; 270;eor
        603;2025032521;   10;   1.9; 270;eor
        603;2025032522;   10;   1.9; 310;eor
        603;2025032523;   10;   2.1; 320;eor
        603;2025032600;   10;   2.2; 310;eor
        603;2025032601;   10;   2.2; 300;eor
        603;2025032602;   10;   2.7; 310;eor
        603;2025032603;   10;   2.4; 310;eor
        603;2025032604;   10;   2.1; 320;eor
        603;2025032605;   10;   2.4; 330;eor
        603;2025032606;   10;   1.8; 320;eor
        603;2025032607;   10;   2.8; 320;eor
        603;2025032608;   10;   3.2; 340;eor
        603;2025032609;   10;   3.3; 340;eor
        603;2025032610;   10;   3.4; 360;eor
        603;2025032611;   10;   3.4; 350;eor
        603;2025032612;   10;   2.6; 340;eor
        603;2025032613;   10;   3.2; 350;eor
        603;2025032614;   10;   3.4;  10;eor
        603;2025032615;   10;   3.5;  10;eor
        603;2025032616;   10;   2.9; 350;eor
        603;2025032617;   10;   2.8; 360;eor
        603;2025032618;   10;   2.3;  10;eor
        603;2025032619;   10;   2.2;  10;eor
        603;2025032620;   10;   2.1;  10;eor
        603;2025032621;   10;   2.5;  10;eor
        603;2025032622;   10;   2.3;  20;eor
        603;2025032623;   10;   1.3;  30;eor
        603;2025032700;   10;   0.5;  60;eor
        603;2025032701;   10;   0.4; 130;eor
        603;2025032702;   10;   0.5; 140;eor
        603;2025032703;   10;   0.6;  70;eor
        603;2025032704;   10;   0.5;  90;eor
        603;2025032705;   10;   0.4;  20;eor
        603;2025032706;   10;   0.2;  10;eor
        603;2025032707;   10;   0.5; 180;eor
        603;2025032708;   10;   0.8;  50;eor
        603;2025032709;   10;   1.1;  40;eor
        603;2025032710;   10;   1.0; 130;eor
        603;2025032711;   10;   1.4;  70;eor
        603;2025032712;   10;   1.4;  30;eor
        603;2025032713;   10;   1.6;  20;eor
        603;2025032714;   10;   1.3;  60;eor
        603;2025032715;   10;   1.5;  30;eor
        603;2025032716;   10;   2.1;  40;eor
        603;2025032717;   10;   1.4;  40;eor
        603;2025032718;   10;   1.1; 350;eor
        603;2025032719;   10;   1.5; 300;eor
        603;2025032720;   10;   0.7; 310;eor
        603;2025032721;   10;   0.4; 130;eor
        603;2025032722;   10;   1.0; 140;eor
        603;2025032723;   10;   1.5; 210;eor
        603;2025032800;   10;   0.6; 200;eor
        603;2025032801;   10;   0.7;  90;eor
        603;2025032802;   10;   0.4;  10;eor
        603;2025032803;   10;   0.4;  10;eor
        603;2025032804;   10;   0.7; 200;eor
        603;2025032805;   10;   0.5; 100;eor
        603;2025032806;   10;   0.4;  20;eor
        603;2025032807;   10;   0.9; 130;eor
        603;2025032808;   10;   1.8; 230;eor
        603;2025032809;   10;   1.2; 190;eor
        603;2025032810;   10;   3.2; 220;eor
        603;2025032811;   10;   3.4; 210;eor
        603;2025032812;   10;   2.9; 190;eor
        603;2025032813;   10;   1.6;  50;eor
        603;2025032814;   10;   2.2;  90;eor
        603;2025032815;   10;   2.0;  30;eor
        603;2025032816;   10;   2.3; 340;eor
        603;2025032817;   10;   2.1; 340;eor
        603;2025032818;   10;   3.5; 310;eor
        603;2025032819;   10;   3.4; 300;eor
        603;2025032820;   10;   2.5; 300;eor
        603;2025032821;   10;   2.0; 290;eor
        603;2025032822;   10;   1.3; 290;eor
        603;2025032823;   10;   1.2; 320;eor
        603;2025032900;   10;   1.5; 300;eor
        603;2025032901;   10;   2.0; 330;eor
        603;2025032902;   10;   2.5; 330;eor
        603;2025032903;   10;   3.2; 330;eor
        603;2025032904;   10;   4.1; 320;eor
        603;2025032905;   10;   3.9; 330;eor
        603;2025032906;   10;   3.4; 330;eor
        603;2025032907;   10;   2.9; 320;eor
        603;2025032908;   10;   4.3; 330;eor
        603;2025032909;   10;   4.3; 330;eor
        603;2025032910;   10;   4.2; 340;eor
        603;2025032911;   10;   4.3; 330;eor
        603;2025032912;   10;   4.1; 330;eor
        603;2025032913;   10;   4.7; 330;eor
        603;2025032914;   10;   4.4; 320;eor
        603;2025032915;   10;   4.1; 330;eor
        603;2025032916;   10;   4.5; 310;eor
        603;2025032917;   10;   3.9; 310;eor
        603;2025032918;   10;   2.9; 320;eor
        603;2025032919;   10;   1.9; 300;eor
        603;2025032920;   10;   1.8; 290;eor
        603;2025032921;   10;   2.0; 270;eor
        603;2025032922;   10;   2.7; 260;eor
        603;2025032923;   10;   3.8; 240;eor
        603;2025033000;   10;   4.3; 220;eor
        603;2025033001;   10;   3.7; 220;eor
        603;2025033002;   10;   4.9; 200;eor
        603;2025033003;   10;   5.9; 200;eor
        603;2025033004;   10;   5.4; 200;eor
        603;2025033005;   10;   4.7; 200;eor
        603;2025033006;   10;   5.1; 210;eor
        603;2025033007;   10;   4.4; 210;eor
        603;2025033008;   10;   6.2; 250;eor
        603;2025033009;   10;   7.3; 250;eor
        603;2025033010;   10;   6.8; 260;eor
        603;2025033011;   10;   6.8; 260;eor
        603;2025033012;   10;   6.3; 260;eor
        603;2025033013;   10;   6.0; 280;eor
        603;2025033014;   10;   6.6; 290;eor
        603;2025033015;   10;   6.0; 300;eor
        603;2025033016;   10;   6.4; 290;eor
        603;2025033017;   10;   5.8; 300;eor
        603;2025033018;   10;   5.7; 300;eor
        603;2025033019;   10;   5.2; 290;eor
        603;2025033020;   10;   4.3; 300;eor
        603;2025033021;   10;   4.7; 310;eor
        603;2025033022;   10;   4.5; 300;eor
        603;2025033023;   10;   4.2; 310;eor
        603;2025033100;   10;   3.5; 310;eor
        603;2025033101;   10;   4.4; 320;eor
        603;2025033102;   10;   4.2; 320;eor
        603;2025033103;   10;   3.9; 320;eor
        603;2025033104;   10;   4.1; 340;eor
        603;2025033105;   10;   3.2; 320;eor
        603;2025033106;   10;   3.1; 320;eor
        603;2025033107;   10;   3.4; 320;eor
        603;2025033108;   10;   3.4; 320;eor
        603;2025033109;   10;   3.0; 330;eor
        603;2025033110;   10;   3.5; 340;eor
        603;2025033111;   10;   3.4; 330;eor
        603;2025033112;   10;   3.6; 310;eor
        603;2025033113;   10;   3.8; 320;eor
        603;2025033114;   10;   3.8; 310;eor
        603;2025033115;   10;   3.4; 330;eor
        603;2025033116;   10;   3.7; 350;eor
        603;2025033117;   10;   2.9; 360;eor
        603;2025033118;   10;   2.7;  10;eor
        603;2025033119;   10;   2.5; 350;eor
        603;2025033120;   10;   2.1;  10;eor
        603;2025033121;   10;   0.8; 100;eor
        603;2025033122;   10;   1.0; 120;eor
        603;2025033123;   10;   0.5;  60;eor
        603;2025040100;   10;   1.1;  60;eor
        603;2025040101;   10;   0.9;  90;eor
        603;2025040102;   10;   0.9; 120;eor
        603;2025040103;   10;   0.3; 100;eor
        603;2025040104;   10;   0.6;  30;eor
        603;2025040105;   10;   1.4;  60;eor
        603;2025040106;   10;   1.6;  50;eor
        603;2025040107;   10;   1.9;  50;eor
        603;2025040108;   10;   1.6;  60;eor
        603;2025040109;   10;   6.2;  70;eor
        603;2025040110;   10;   6.0;  80;eor
        603;2025040111;   10;   6.9;  80;eor
        603;2025040112;   10;   7.8;  70;eor
        603;2025040113;   10;   8.1;  90;eor
        603;2025040114;   10;   7.8;  90;eor
        603;2025040115;   10;   7.8;  80;eor
        603;2025040116;   10;   6.8;  90;eor
        603;2025040117;   10;   6.5;  80;eor
        603;2025040118;   10;   6.5;  80;eor
        603;2025040119;   10;   3.8;  80;eor
        603;2025040120;   10;   4.2;  70;eor
        603;2025040121;   10;   3.1;  80;eor
        603;2025040122;   10;   2.5;  70;eor
        603;2025040123;   10;   1.1;  60;eor
        603;2025040200;   10;   1.0; 100;eor
        603;2025040201;   10;   2.2;  70;eor
        603;2025040202;   10;   2.1;  80;eor
        603;2025040203;   10;   1.7;  70;eor
        603;2025040204;   10;   3.1;  80;eor
        603;2025040205;   10;   2.8;  70;eor
        603;2025040206;   10;   2.4;  80;eor
        603;2025040207;   10;   3.3;  70;eor
        603;2025040208;   10;   4.8;  70;eor
        603;2025040209;   10;   7.0;  90;eor
        603;2025040210;   10;   7.3;  90;eor
        603;2025040211;   10;   8.4;  90;eor
        603;2025040212;   10;   9.8;  90;eor
        603;2025040213;   10;   9.4;  90;eor
        603;2025040214;   10;   9.7; 100;eor
        603;2025040215;   10;   8.7;  90;eor
        603;2025040216;   10;   7.4;  90;eor
        603;2025040217;   10;   8.0;  90;eor
        603;2025040218;   10;   6.0;  90;eor
        603;2025040219;   10;   4.9;  80;eor
        603;2025040220;   10;   5.4;  90;eor
        603;2025040221;   10;   5.0;  90;eor
        603;2025040222;   10;   6.6;  90;eor
        603;2025040223;   10;   6.1;  90;eor
        603;2025040300;   10;   4.8;  90;eor
        603;2025040301;   10;   4.0;  90;eor
        603;2025040302;   10;   2.9;  90;eor
        603;2025040303;   10;   2.7; 110;eor
        603;2025040304;   10;   3.5;  90;eor
        603;2025040305;   10;   2.3;  90;eor
        603;2025040306;   10;   2.8; 100;eor
        603;2025040307;   10;   2.5;  90;eor
        603;2025040308;   10;   5.4; 100;eor
        603;2025040309;   10;   7.0; 120;eor
        603;2025040310;   10;   6.7; 110;eor
        603;2025040311;   10;   6.9; 110;eor
        603;2025040312;   10;   6.8; 120;eor
        603;2025040313;   10;   7.0; 110;eor
        603;2025040314;   10;   5.0; 110;eor
        603;2025040315;   10;   5.5; 100;eor
        603;2025040316;   10;   5.0; 110;eor
        603;2025040317;   10;   4.5; 110;eor
        603;2025040318;   10;   3.5; 110;eor
        603;2025040319;   10;   2.5; 120;eor
        603;2025040320;   10;   2.5; 140;eor
        603;2025040321;   10;   1.8; 150;eor
        603;2025040322;   10;   1.7; 110;eor
        603;2025040323;   10;   1.6; 100;eor
        603;2025040400;   10;   2.9; 130;eor
        603;2025040707;   10;   1.2;  70;eor
        603;2025040708;   10;   2.6;  70;eor
        603;2025040709;   10;   3.9; 110;eor
        603;2025040710;   10;   4.5; 100;eor
        603;2025040711;   10;   3.9;  90;eor
        603;2025040712;   10;   5.7; 110;eor
        603;2025040713;   10;   5.6; 100;eor
        603;2025040714;   10;   3.9;  80;eor
        603;2025040715;   10;   3.6;  70;eor
        603;2025040716;   10;   3.4;  90;eor
        603;2025040717;   10;   3.1; 100;eor
        603;2025040718;   10;   2.3; 100;eor
        603;2025040719;   10;   1.3; 140;eor
        603;2025040720;   10;   2.0; 160;eor
        603;2025040721;   10;   1.6; 150;eor
        603;2025040722;   10;   1.1;  50;eor
        603;2025040723;   10;   1.1; 120;eor
        603;2025040800;   10;   1.0; 110;eor
        603;2025040801;   10;   1.3; 110;eor
        603;2025040802;   10;   1.0; 100;eor
        603;2025040803;   10;   2.0;  50;eor
        603;2025040804;   10;   1.0;  70;eor
        603;2025040805;   10;   0.8;  50;eor
        603;2025040806;   10;   0.8;  70;eor
        603;2025040807;   10;   0.7; 100;eor
        603;2025040808;   10;   1.0;  60;eor
        603;2025040809;   10;   0.9;  60;eor
        603;2025040810;   10;   1.4;  50;eor
        603;2025040811;   10;   3.2; 120;eor
        603;2025040812;   10;   3.0;  80;eor
        603;2025040813;   10;   3.5;  60;eor
        603;2025040814;   10;   2.5;  40;eor
        603;2025040815;   10;   1.8;  60;eor
        603;2025040816;   10;   1.6; 350;eor
        603;2025040817;   10;   1.6; 100;eor
        603;2025040818;   10;   0.9; 170;eor
        603;2025040819;   10;   0.9; 250;eor
        603;2025040820;   10;   1.6; 300;eor
        603;2025040821;   10;   1.4; 340;eor
        603;2025040822;   10;   1.2;  60;eor
        603;2025040823;   10;   1.3; 270;eor
        603;2025040900;   10;   1.5; 240;eor
        603;2025040901;   10;   1.6; 250;eor
        603;2025040902;   10;   0.9; 220;eor
        603;2025040903;   10;   1.7; 240;eor
        603;2025040904;   10;   1.8; 230;eor
        603;2025040905;   10;   1.9; 250;eor
        603;2025040906;   10;   1.7; 230;eor
        603;2025040907;   10;   1.8; 250;eor
        603;2025040908;   10;   1.4; 300;eor
        603;2025040909;   10;   1.7; 310;eor
        603;2025040910;   10;   2.1; 310;eor
        603;2025040911;   10;   2.6; 310;eor
        603;2025040912;   10;   3.2; 290;eor
        603;2025040913;   10;   3.5; 310;eor
        603;2025040914;   10;   4.8; 300;eor
        603;2025040915;   10;   4.8; 310;eor
        603;2025040916;   10;   4.5; 310;eor
        603;2025040917;   10;   4.0; 320;eor
        603;2025040918;   10;   2.9; 330;eor
        603;2025040919;   10;   2.1; 340;eor
        603;2025040920;   10;   1.4; 320;eor
        603;2025040921;   10;   1.9; 300;eor
        603;2025040922;   10;   2.4; 320;eor
        603;2025040923;   10;   2.1; 310;eor
        603;2025041000;   10;   2.5; 310;eor
        603;2025041001;   10;   2.4; 310;eor
        603;2025041002;   10;   2.6; 310;eor
        603;2025041003;   10;   1.5; 310;eor
        603;2025041004;   10;   1.9; 310;eor
        603;2025041005;   10;   2.2; 330;eor
        603;2025041006;   10;   1.7; 330;eor
        603;2025041007;   10;   2.0; 350;eor
        603;2025041008;   10;   1.7; 330;eor
        603;2025041009;   10;   1.6; 330;eor
        603;2025041010;   10;   2.4; 300;eor
        603;2025041011;   10;   2.3; 310;eor
        603;2025041012;   10;   2.6; 310;eor
        603;2025041013;   10;   2.5; 310;eor
        603;2025041014;   10;   2.7; 300;eor
        603;2025041015;   10;   2.6; 330;eor
        603;2025041016;   10;   2.6; 280;eor
        603;2025041017;   10;   2.3; 300;eor
        603;2025041018;   10;   1.8; 320;eor
        603;2025041019;   10;   1.2; 300;eor
        603;2025041020;   10;   1.8; 270;eor
        603;2025041021;   10;   2.9; 240;eor
        603;2025041022;   10;   3.2; 230;eor
        603;2025041023;   10;   3.4; 230;eor
        603;2025041100;   10;   3.7; 240;eor
        603;2025041101;   10;   3.1; 250;eor
        603;2025041102;   10;   2.8; 260;eor
        603;2025041103;   10;   3.2; 250;eor
        603;2025041104;   10;   2.7; 250;eor
        603;2025041105;   10;   2.7; 240;eor
        603;2025041106;   10;   2.7; 230;eor
        603;2025041107;   10;   1.7; 240;eor
        603;2025041108;   10;   1.7; 280;eor
        603;2025041109;   10;   2.7; 290;eor
        603;2025041110;   10;   2.6; 310;eor
        603;2025041111;   10;   2.4; 310;eor
        603;2025041112;   10;   2.7; 300;eor
        603;2025041113;   10;   2.9; 320;eor
        603;2025041114;   10;   2.8; 330;eor
        603;2025041115;   10;   2.8; 320;eor
        603;2025041116;   10;   2.8; 320;eor
        603;2025041117;   10;   2.3; 300;eor
        603;2025041118;   10;   1.7; 330;eor
        603;2025041119;   10;   1.1; 330;eor
        603;2025041120;   10;   0.7; 310;eor
        603;2025041121;   10;   2.1; 240;eor
        603;2025041122;   10;   1.4; 200;eor
        603;2025041123;   10;   0.4;  80;eor
        603;2025041200;   10;   0.9; 180;eor
        603;2025041201;   10;   0.7;  60;eor
        603;2025041202;   10;   0.9; 270;eor
        603;2025041203;   10;   0.5;  30;eor
        603;2025041204;   10;   1.0; 230;eor
        603;2025041205;   10;   0.8;  50;eor
        603;2025041206;   10;   1.2;  50;eor
        603;2025041207;   10;   1.6;  50;eor
        603;2025041208;   10;   1.5;  40;eor
        603;2025041209;   10;   4.8; 110;eor
        603;2025041210;   10;   4.9; 110;eor
        603;2025041211;   10;   4.7; 110;eor
        603;2025041212;   10;   5.3; 130;eor
        603;2025041213;   10;   4.9; 120;eor
        603;2025041214;   10;   5.9; 130;eor
        603;2025041215;   10;   6.5; 140;eor
        603;2025041216;   10;   5.7; 140;eor
        603;2025041217;   10;   5.6; 130;eor
        603;2025041218;   10;   5.0; 140;eor
        603;2025041219;   10;   3.6; 140;eor
        603;2025041220;   10;   2.8; 140;eor
        603;2025041221;   10;   3.6; 150;eor
        603;2025041222;   10;   2.3; 150;eor
        603;2025041223;   10;   2.5; 150;eor
        603;2025041300;   10;   3.9; 180;eor
        603;2025041301;   10;   3.8; 190;eor
        603;2025041302;   10;   4.6; 190;eor
        603;2025041303;   10;   4.6; 170;eor
        603;2025041304;   10;   5.8; 170;eor
        603;2025041305;   10;   5.8; 180;eor
        603;2025041306;   10;   6.6; 200;eor
        603;2025041307;   10;   6.0; 210;eor
        603;2025041308;   10;   6.0; 210;eor
        603;2025041309;   10;   4.9; 210;eor
        603;2025041310;   10;   5.3; 210;eor
        603;2025041311;   10;   5.0; 210;eor
        603;2025041312;   10;   4.1; 220;eor
        603;2025041313;   10;   3.7; 220;eor
        603;2025041314;   10;   2.3; 250;eor
        603;2025041315;   10;   5.0; 240;eor
        603;2025041316;   10;   5.6; 210;eor
        603;2025041317;   10;   5.7; 220;eor
        603;2025041318;   10;   2.9; 270;eor
        603;2025041319;   10;   2.1; 290;eor
        603;2025041320;   10;   2.2; 300;eor
        603;2025041321;   10;   1.0; 290;eor
        603;2025041322;   10;   0.5; 160;eor
        603;2025041323;   10;   1.0; 180;eor
        603;2025041400;   10;   1.5; 190;eor
        603;2025041401;   10;   0.7; 160;eor
        603;2025041402;   10;   2.2; 190;eor
        603;2025041403;   10;   1.3; 240;eor
        603;2025041404;   10;   3.8; 200;eor
        603;2025041405;   10;   3.8; 190;eor
        603;2025041406;   10;   3.8; 230;eor
        603;2025041407;   10;   2.8; 230;eor
        603;2025041408;   10;   2.3; 200;eor
        603;2025041409;   10;   2.5; 160;eor
        603;2025041410;   10;   1.2; 110;eor
        603;2025041411;   10;   3.5; 190;eor
        603;2025041412;   10;   3.3; 150;eor
        603;2025041413;   10;   3.3; 130;eor
        603;2025041414;   10;   2.8; 140;eor
        603;2025041415;   10;   3.1; 140;eor
        603;2025041416;   10;   2.5; 180;eor
        603;2025041417;   10;   3.4; 180;eor
        603;2025041418;   10;   2.7; 140;eor
        603;2025041419;   10;   2.0; 120;eor
        603;2025041420;   10;   2.4; 130;eor
        603;2025041421;   10;   2.6; 130;eor
        603;2025041422;   10;   2.3; 130;eor
        603;2025041423;   10;   2.4; 130;eor
        603;2025041500;   10;   2.2; 120;eor
        603;2025041501;   10;   1.4;  80;eor
        603;2025041502;   10;   1.9; 100;eor
        603;2025041503;   10;   1.6; 100;eor
        603;2025041504;   10;   1.1; 100;eor
        603;2025041505;   10;   2.4;  90;eor
        603;2025041506;   10;   1.6;  50;eor
        603;2025041507;   10;   2.0;  60;eor
        603;2025041508;   10;   2.4; 190;eor
        603;2025041509;   10;   1.7; 150;eor
        603;2025041510;   10;   4.2; 230;eor
        603;2025041511;   10;   4.2; 200;eor
        603;2025041512;   10;   3.8; 200;eor
        603;2025041513;   10;   5.8; 220;eor
        603;2025041514;   10;   6.0; 200;eor
        603;2025041515;   10;   3.7; 180;eor
        603;2025041516;   10;   3.5; 170;eor
        603;2025041517;   10;   3.4; 160;eor
        603;2025041518;   10;   4.0; 170;eor
        603;2025041519;   10;   3.6; 180;eor
        603;2025041520;   10;   3.4; 190;eor
        603;2025041521;   10;   3.2; 180;eor
        603;2025041522;   10;   2.2; 170;eor
        603;2025041523;   10;   1.5; 120;eor
        603;2025041600;   10;   2.1; 120;eor
        603;2025041601;   10;   1.4; 120;eor
        603;2025041602;   10;   1.9; 160;eor
        603;2025041603;   10;   1.4;  50;eor
        603;2025041604;   10;   2.4; 210;eor
        603;2025041605;   10;   1.0; 120;eor
        603;2025041606;   10;   0.9;  70;eor
        603;2025041607;   10;   2.2; 200;eor
        603;2025041608;   10;   1.5;  50;eor
        603;2025041609;   10;   3.4; 260;eor
        603;2025041610;   10;   3.6; 290;eor
        603;2025041611;   10;   3.2; 300;eor
        603;2025041612;   10;   3.7; 300;eor
        603;2025041613;   10;   2.7; 310;eor
        603;2025041614;   10;   2.5; 320;eor
        603;2025041615;   10;   2.4; 320;eor
        603;2025041616;   10;   2.3; 310;eor
        603;2025041617;   10;   1.9; 320;eor
        603;2025041618;   10;   1.8; 330;eor
        603;2025041619;   10;   1.4; 310;eor
        603;2025041620;   10;   1.7; 300;eor
        603;2025041621;   10;   1.5; 300;eor
        603;2025041622;   10;   2.2; 280;eor
        603;2025041623;   10;   2.3; 300;eor
        603;2025041700;   10;   2.5; 310;eor
        603;2025041701;   10;   2.5; 300;eor
        603;2025041702;   10;   2.4; 310;eor
        603;2025041703;   10;   2.4; 310;eor
        603;2025041704;   10;   2.2; 320;eor
        603;2025041705;   10;   2.7; 320;eor
        603;2025041706;   10;   2.8; 310;eor
        603;2025041707;   10;   3.2; 310;eor
        603;2025041708;   10;   3.1; 310;eor
        603;2025041709;   10;   3.4; 320;eor
        603;2025041710;   10;   3.5; 330;eor
        603;2025041711;   10;   4.0; 340;eor
        603;2025041712;   10;   4.3; 340;eor
        603;2025041713;   10;   3.7; 330;eor
        603;2025041714;   10;   3.8; 320;eor
        603;2025041715;   10;   3.8; 310;eor
        603;2025041716;   10;   4.0; 310;eor
        603;2025041717;   10;   4.1; 310;eor
        603;2025041718;   10;   4.0; 320;eor
        603;2025041719;   10;   3.4; 320;eor
        603;2025041720;   10;   2.8; 310;eor
        603;2025041721;   10;   2.4; 310;eor
        603;2025041722;   10;   2.9; 300;eor
        603;2025041723;   10;   2.6; 290;eor
        603;2025041800;   10;   2.9; 290;eor
        603;2025041801;   10;   2.8; 310;eor
        603;2025041802;   10;   2.4; 320;eor
        603;2025041803;   10;   3.0; 320;eor
        603;2025041804;   10;   2.2; 310;eor
        603;2025041805;   10;   1.9; 300;eor
        603;2025041806;   10;   1.9; 310;eor
        603;2025041807;   10;   2.7; 340;eor
        603;2025041808;   10;   2.2; 330;eor
        603;2025041809;   10;   2.8; 340;eor
        603;2025041810;   10;   2.6; 330;eor
        603;2025041811;   10;   2.3; 320;eor
        603;2025041812;   10;   2.6; 300;eor
        603;2025041813;   10;   2.0; 310;eor
        603;2025041814;   10;   1.7; 330;eor
        603;2025041815;   10;   1.1; 360;eor
        603;2025041816;   10;   1.1; 260;eor
        603;2025041817;   10;   1.2; 240;eor
        603;2025041818;   10;   1.2; 240;eor
        603;2025041819;   10;   0.4;  80;eor
        603;2025041820;   10;   0.7; 130;eor
        603;2025041821;   10;   1.1; 160;eor
        603;2025041822;   10;   0.7;  80;eor
        603;2025041823;   10;   0.4;  80;eor
        603;2025041900;   10;   0.9; 160;eor
        603;2025041901;   10;   1.2; 130;eor
        603;2025041902;   10;   0.5; 170;eor
        603;2025041903;   10;   0.4; 120;eor
        603;2025041904;   10;   1.2; 190;eor
        603;2025041905;   10;   0.7; 350;eor
        603;2025041906;   10;   0.7; 300;eor
        603;2025041907;   10;   1.5;  30;eor
        603;2025041908;   10;   1.9;  80;eor
        603;2025041909;   10;   3.3; 110;eor
        603;2025041910;   10;   2.9; 110;eor
        603;2025041911;   10;   2.6; 110;eor
        603;2025041912;   10;   2.9; 100;eor
        603;2025041913;   10;   3.4; 100;eor
        603;2025041914;   10;   3.6;  70;eor
        603;2025041915;   10;   3.2;  70;eor
        603;2025041916;   10;   3.1;  60;eor
        603;2025041917;   10;   3.1;  60;eor
        603;2025041918;   10;   2.2;  50;eor
        603;2025041919;   10;   1.4;  50;eor
        603;2025041920;   10;   1.1;  80;eor
        603;2025041921;   10;   1.0; 120;eor
        603;2025041922;   10;   2.1;  90;eor
        603;2025041923;   10;   2.0; 100;eor
        603;2025042000;   10;   1.4;  90;eor
        603;2025042001;   10;   1.4; 110;eor
        603;2025042002;   10;   1.9;  70;eor
        603;2025042003;   10;   1.7;  90;eor
        603;2025042004;   10;   1.2; 110;eor
        603;2025042005;   10;   0.6; 120;eor
        603;2025042006;   10;   0.8;  90;eor
        603;2025042007;   10;   1.3;  80;eor
        603;2025042008;   10;   0.9;  40;eor
        603;2025042009;   10;   1.3;  20;eor
        603;2025042010;   10;   1.2;  30;eor
        603;2025042011;   10;   1.2; 320;eor
        603;2025042012;   10;   1.9;  40;eor
        603;2025042013;   10;   2.4; 180;eor
        603;2025042014;   10;   3.1; 200;eor
        603;2025042015;   10;   7.0; 220;eor
        603;2025042016;   10;   8.0; 210;eor
        603;2025042017;   10;   3.0; 260;eor
        603;2025042018;   10;   2.2; 240;eor
        603;2025042019;   10;   1.7; 210;eor
        603;2025042020;   10;   2.5; 210;eor
        603;2025042021;   10;   1.3; 250;eor
        603;2025042022;   10;   0.8; 270;eor
        603;2025042023;   10;   1.4; 150;eor
        603;2025042100;   10;   1.1; 180;eor
        603;2025042101;   10;   1.7; 230;eor
        603;2025042102;   10;   0.9; 120;eor
        603;2025042103;   10;   0.6; 220;eor
        603;2025042104;   10;   0.7;  90;eor
        603;2025042105;   10;   0.7; 130;eor
        603;2025042106;   10;   0.8;  60;eor
        603;2025042107;   10;   0.7; 140;eor
        603;2025042108;   10;   2.0; 120;eor
        603;2025042109;   10;   3.6; 180;eor
        603;2025042110;   10;  -999; 190;eor
        603;2025042205;   10;   2.7; 200;eor
        603;2025042206;   10;   2.9; 210;eor
        603;2025042207;   10;   3.0; 210;eor
        603;2025042208;   10;   2.9; 210;eor
        603;2025042209;   10;   1.6; 190;eor
        603;2025042210;   10;   2.2; 210;eor
        603;2025042211;   10;   1.6; 240;eor
        603;2025042212;   10;   1.1; 200;eor
        603;2025042213;   10;   2.5; 220;eor
        603;2025042214;   10;   1.8; 280;eor
        603;2025042215;   10;   2.2; 140;eor
        603;2025042216;   10;   1.2;  90;eor
        603;2025042217;   10;   1.6;  80;eor
        603;2025042218;   10;   1.8; 120;eor
        603;2025042219;   10;   1.3; 160;eor
        603;2025042220;   10;   2.0; 180;eor
        603;2025042221;   10;   1.8; 180;eor
        603;2025042222;   10;   0.7; 150;eor
        603;2025042223;   10;   1.7; 180;eor
        603;2025042300;   10;   0.6;  90;eor
        603;2025042301;   10;   0.5;  50;eor
        603;2025042302;   10;   0.8; 240;eor
        603;2025042303;   10;   1.2; 300;eor
        603;2025042304;   10;   1.5; 130;eor
        603;2025042305;   10;   1.1;  80;eor
        603;2025042306;   10;   2.2;  90;eor
        603;2025042307;   10;   2.7; 110;eor
        603;2025042308;   10;   1.4; 140;eor
        603;2025042309;   10;   1.1; 150;eor
        603;2025042310;   10;   4.3; 130;eor
        603;2025042311;   10;   4.1; 130;eor
        603;2025042312;   10;   3.2; 170;eor
        603;2025042313;   10;   4.5; 140;eor
        603;2025042314;   10;   3.5; 240;eor
        603;2025042315;   10;   1.7;  80;eor
        603;2025042316;   10;   1.4;  40;eor
        603;2025042317;   10;   1.2; 320;eor
        603;2025042318;   10;   2.4; 290;eor
        603;2025042319;   10;   0.7; 290;eor
        603;2025042320;   10;   0.5; 250;eor
        603;2025042321;   10;   0.8; 250;eor
        603;2025042322;   10;   1.4; 260;eor
        603;2025042323;   10;   1.2; 270;eor
        603;2025042400;   10;   1.5; 280;eor
        603;2025042401;   10;   2.5; 280;eor
        603;2025042402;   10;   2.5; 290;eor
        603;2025042403;   10;   1.9; 300;eor
        603;2025042404;   10;   2.0; 290;eor
        603;2025042405;   10;   2.4; 270;eor
        603;2025042406;   10;   2.5; 270;eor
        603;2025042407;   10;   2.5; 270;eor
        603;2025042408;   10;   3.1; 270;eor
        603;2025042409;   10;   2.3; 260;eor
        603;2025042410;   10;   1.4; 270;eor
        603;2025042411;   10;   1.9; 260;eor
        603;2025042412;   10;   2.2; 260;eor
        603;2025042413;   10;   1.9; 290;eor
        603;2025042414;   10;   1.7; 300;eor
        603;2025042415;   10;   1.6; 300;eor
        603;2025042416;   10;   1.7; 310;eor
        603;2025042417;   10;   1.6; 340;eor
        603;2025042418;   10;   1.7;  10;eor
        603;2025042419;   10;   1.4;  10;eor
        603;2025042420;   10;   0.7; 360;eor
        603;2025042421;   10;   1.1; 340;eor
        603;2025042422;   10;   1.7; 330;eor
        603;2025042423;   10;   2.2; 350;eor
        603;2025042500;   10;   2.6; 340;eor
        603;2025042501;   10;   2.7; 340;eor
        603;2025042502;   10;   1.4; 320;eor
        603;2025042503;   10;   1.8; 320;eor
        603;2025042504;   10;   2.1; 320;eor
        603;2025042505;   10;   2.2; 320;eor
        603;2025042506;   10;   1.8; 320;eor
        603;2025042507;   10;   2.2; 320;eor
        603;2025042508;   10;   2.3; 330;eor
        603;2025042509;   10;   2.5; 340;eor
        603;2025042510;   10;   3.0; 350;eor
        603;2025042511;   10;   3.5; 360;eor
        603;2025042512;   10;   3.4; 360;eor
        603;2025042513;   10;   3.1; 360;eor
        603;2025042514;   10;   3.0; 340;eor
        603;2025042515;   10;   3.6; 320;eor
        603;2025042516;   10;   4.0; 310;eor
        603;2025042517;   10;   4.1; 290;eor
        603;2025042518;   10;   2.9; 290;eor
        603;2025042519;   10;   2.5; 290;eor
        603;2025042520;   10;   2.9; 280;eor
        603;2025042521;   10;   2.7; 280;eor
        603;2025042522;   10;   2.8; 270;eor
        603;2025042523;   10;   1.2; 250;eor
        603;2025042600;   10;   0.6; 220;eor
        603;2025042601;   10;   1.5; 220;eor
        603;2025042602;   10;   1.6; 230;eor
        603;2025042603;   10;   0.4; 260;eor
        603;2025042604;   10;   0.4; 150;eor
        603;2025042605;   10;   0.3;  30;eor
        603;2025042606;   10;   0.3;  10;eor
        603;2025042607;   10;   0.9;  50;eor
        603;2025042608;   10;   1.6;  50;eor
        603;2025042609;   10;   1.8;  20;eor
        603;2025042610;   10;   2.4;  40;eor
        603;2025042611;   10;   3.9;  90;eor
        603;2025042612;   10;   5.1; 100;eor
        603;2025042613;   10;   4.8; 100;eor
        603;2025042614;   10;   4.5; 100;eor
        603;2025042615;   10;   4.0;  90;eor
        603;2025042616;   10;   3.5; 100;eor
        603;2025042617;   10;   3.5; 110;eor
        603;2025042618;   10;   2.9;  90;eor
        603;2025042619;   10;   2.9;  80;eor
        603;2025042620;   10;   2.8;  90;eor
        603;2025042621;   10;   3.1; 100;eor
        603;2025042622;   10;   3.5; 100;eor
        603;2025042623;   10;   3.5; 100;eor
        603;2025042700;   10;   1.4; 120;eor
        603;2025042701;   10;   1.4; 150;eor
        603;2025042702;   10;   1.3; 130;eor
        603;2025042703;   10;   1.6; 110;eor
        603;2025042704;   10;   1.0; 110;eor
        603;2025042705;   10;   0.6;  90;eor
        603;2025042706;   10;   1.6; 120;eor
        603;2025042707;   10;   2.3;  80;eor
        603;2025042708;   10;   2.6;  90;eor
        603;2025042709;   10;   2.1; 140;eor
        603;2025042710;   10;   2.0; 230;eor
        603;2025042711;   10;   1.7; 120;eor
        603;2025042712;   10;   2.1;  40;eor
        603;2025042713;   10;   1.7;  70;eor
        603;2025042714;   10;   1.3;  50;eor
        603;2025042715;   10;   1.5; 330;eor
        603;2025042716;   10;   1.8; 350;eor
        603;2025042717;   10;   1.8; 310;eor
        603;2025042718;   10;   1.8; 310;eor
        603;2025042719;   10;   1.7; 300;eor
        603;2025042720;   10;   1.9; 300;eor
        603;2025042721;   10;   2.3; 310;eor
        603;2025042722;   10;   2.5; 300;eor
        603;2025042723;   10;   1.5; 310;eor
        603;2025042800;   10;   1.0; 270;eor
        603;2025042801;   10;   1.6; 230;eor
        603;2025042802;   10;   0.9; 180;eor
        603;2025042803;   10;   0.4; 210;eor
        603;2025042804;   10;   0.5; 260;eor
        603;2025042805;   10;   0.5;  70;eor
        603;2025042806;   10;   0.4; 140;eor
        603;2025042807;   10;   0.9; 250;eor
        603;2025042808;   10;   0.9;  60;eor
        603;2025042809;   10;   0.9;  80;eor
        603;2025042810;   10;   1.4;  80;eor
        603;2025042811;   10;   1.4;  40;eor
        603;2025042812;   10;   1.5; 130;eor
        603;2025042813;   10;   1.9; 360;eor
        603;2025042814;   10;   1.7; 320;eor
        603;2025042815;   10;   2.5; 290;eor
        603;2025042816;   10;   2.8; 300;eor
        603;2025042817;   10;   3.0; 290;eor
        603;2025042818;   10;   2.4; 300;eor
        603;2025042819;   10;   2.9; 360;eor
        603;2025042820;   10;   2.6; 360;eor
        603;2025042821;   10;   1.7;  10;eor
        603;2025042822;   10;   0.4;  30;eor
        603;2025042823;   10;   0.4; 100;eor
        603;2025042900;   10;   1.4; 270;eor
        603;2025042901;   10;   0.7; 290;eor
        603;2025042902;   10;   1.1; 220;eor
        603;2025042903;   10;   0.6; 290;eor
        603;2025042904;   10;   0.3; 140;eor
        603;2025042905;   10;   0.6; 110;eor
        603;2025042906;   10;   1.1; 250;eor
        603;2025042907;   10;   0.8;  40;eor
        603;2025042908;   10;   0.9;  60;eor
        603;2025042909;   10;   0.7;  30;eor
        603;2025042910;   10;   1.1;  30;eor
        603;2025042911;   10;   1.8;  60;eor
        603;2025042912;   10;   2.0;  20;eor
        603;2025042913;   10;   1.7;  50;eor
        603;2025042914;   10;   1.7;  10;eor
        603;2025042915;   10;   1.4;  30;eor
        603;2025042916;   10;   1.5; 300;eor
        603;2025042917;   10;   1.9; 280;eor
        603;2025042918;   10;   2.3; 290;eor
        603;2025042919;   10;   2.0; 330;eor
        603;2025042920;   10;   2.2;  10;eor
        603;2025042921;   10;   2.2;  30;eor
        603;2025042922;   10;   1.5; 110;eor
        603;2025042923;   10;   0.9; 110;eor
        603;2025043000;   10;   1.5; 210;eor
        603;2025043001;   10;   0.6; 300;eor
        603;2025043002;   10;   0.3; 240;eor
        603;2025043003;   10;   0.4; 240;eor
        603;2025043004;   10;   0.5;  30;eor
        603;2025043005;   10;   0.8; 250;eor
        603;2025043006;   10;   0.4; 120;eor
        603;2025043007;   10;   0.5;  40;eor
        603;2025043008;   10;   0.8;  60;eor
        603;2025043013;   10;   2.3;  30;eor
        603;2025043014;   10;   2.7;  40;eor
        603;2025043015;   10;   2.0;  50;eor
        603;2025043016;   10;   1.8;  30;eor
        603;2025043017;   10;   1.3;  10;eor
        603;2025043018;   10;   1.3; 360;eor
        603;2025043019;   10;   1.0; 310;eor
        603;2025043020;   10;   1.3;  20;eor
        603;2025043021;   10;   1.0; 100;eor
        603;2025043022;   10;   1.3; 130;eor
        603;2025043023;   10;   1.0; 110;eor
        603;2025050100;   10;   0.6; 190;eor
        603;2025050101;   10;   0.7; 100;eor
        603;2025050102;   10;   0.4; 330;eor
        603;2025050103;   10;   0.7; 310;eor
        603;2025050104;   10;   0.6; 250;eor
        603;2025050206;   10;   1.4;  20;eor
        603;2025050207;   10;   1.6;  40;eor
        603;2025050208;   10;   2.3; 160;eor
        603;2025050209;   10;   5.4; 200;eor
        603;2025050210;   10;   4.0; 200;eor
        603;2025050211;   10;   3.2; 190;eor
        603;2025050212;   10;   2.3; 210;eor
        603;2025050213;   10;   2.4; 240;eor
        603;2025050214;   10;   4.1; 250;eor
        603;2025050215;   10;   4.0; 250;eor
        603;2025050216;   10;   3.5; 280;eor
        603;2025050217;   10;   3.9; 300;eor
        603;2025050218;   10;   3.2; 290;eor
        603;2025050219;   10;   2.1; 280;eor
        603;2025050220;   10;   1.4; 270;eor
        603;2025050221;   10;   1.7; 290;eor
        603;2025050222;   10;   2.2; 290;eor
        603;2025050223;   10;   2.4; 260;eor
        603;2025050300;   10;   3.1; 250;eor
        603;2025050301;   10;   3.0; 230;eor
        603;2025050302;   10;   2.7; 240;eor
        603;2025050303;   10;   2.2; 240;eor
        603;2025050304;   10;   3.7; 230;eor
        603;2025050305;   10;   2.4; 240;eor
        603;2025050306;   10;   2.3; 220;eor
        603;2025050307;   10;   1.8; 210;eor
        603;2025050308;   10;   1.1; 200;eor
        603;2025050309;   10;   1.8; 240;eor
        603;2025050310;   10;   2.0; 260;eor
        603;2025050311;   10;   2.8; 240;eor
        603;2025050312;   10;   2.9; 260;eor
        603;2025050313;   10;   2.1; 290;eor
        603;2025050314;   10;   3.4; 310;eor
        603;2025050315;   10;   3.7; 310;eor
        603;2025050316;   10;   3.5; 290;eor
        603;2025050317;   10;   3.1; 300;eor
        603;2025050318;   10;   2.5; 280;eor
        603;2025050319;   10;   2.4; 270;eor
        603;2025050320;   10;   2.4; 310;eor
        603;2025050321;   10;   1.7; 320;eor
        603;2025050322;   10;   1.5; 300;eor
        603;2025050323;   10;   1.9; 310;eor
        603;2025050400;   10;   1.7; 310;eor
        603;2025050401;   10;   2.9; 330;eor
        603;2025050402;   10;   1.9; 330;eor
        603;2025050403;   10;   1.9; 300;eor
        603;2025050404;   10;   1.7; 300;eor
        603;2025050505;   10;   1.6; 350;eor
        603;2025050506;   10;   2.8;  20;eor
        603;2025050507;   10;   3.1;  40;eor
        603;2025050508;   10;   2.3;  40;eor
        603;2025050518;   10;   3.8;  10;eor
        603;2025050519;   10;   3.5;  30;eor
        603;2025050520;   10;   3.0;  40;eor
        603;2025050521;   10;   1.7;  40;eor
        603;2025050522;   10;   2.5;  40;eor
        603;2025050523;   10;   2.2;  30;eor
        603;2025050600;   10;   1.2;  20;eor
        603;2025050601;   10;   1.5; 360;eor
        603;2025050602;   10;   2.1;  10;eor
        603;2025050603;   10;   2.5;  10;eor
        603;2025050604;   10;   1.3; 360;eor
        603;2025050605;   10;   0.7; 350;eor
        603;2025050606;   10;   1.4; 310;eor
        603;2025050607;   10;   1.8; 350;eor
        603;2025050608;   10;   1.9;  10;eor
        603;2025050614;   10;   4.3;  10;eor
        603;2025050615;   10;   4.6;  20;eor
        603;2025050616;   10;   4.5;  10;eor
        603;2025050617;   10;   4.2;  10;eor
        603;2025050618;   10;   5.7;  20;eor
        603;2025050619;   10;   4.5;  10;eor
        603;2025050620;   10;   2.8; 360;eor
        603;2025050621;   10;   2.2; 350;eor
        603;2025050622;   10;   2.4; 360;eor
        603;2025050623;   10;   3.4; 360;eor
        603;2025050700;   10;   4.1;  10;eor
        603;2025050701;   10;   3.6; 360;eor
        603;2025050702;   10;   1.9; 350;eor
        603;2025050703;   10;   1.6; 320;eor
        603;2025050704;   10;   2.2; 300;eor
        603;2025050705;   10;   2.3; 290;eor
        603;2025050706;   10;   1.9; 280;eor
        603;2025050707;   10;   1.7; 310;eor
        603;2025050708;   10;   1.7; 290;eor
        603;2025050709;   10;   2.2; 310;eor
        603;2025050710;   10;   2.5; 320;eor
        603;2025050711;   10;   2.4; 330;eor
        603;2025050712;   10;   2.5; 310;eor
        603;2025050713;   10;   2.5; 320;eor
        603;2025050714;   10;   3.3; 290;eor
        603;2025050715;   10;   2.0; 320;eor
        603;2025050716;   10;   4.2;  40;eor
        603;2025050717;   10;   3.7;  50;eor
        603;2025050718;   10;   4.1;  50;eor
        603;2025050719;   10;   3.2;  50;eor
        603;2025050720;   10;   1.6;  60;eor
        603;2025050721;   10;   0.8;  90;eor
        603;2025050722;   10;   1.1;  70;eor
        603;2025050723;   10;   1.1;  80;eor
        603;2025050800;   10;   0.6; 100;eor
        603;2025050801;   10;   0.9;  80;eor
        603;2025050802;   10;   1.0;  80;eor
        603;2025050803;   10;   0.7; 110;eor
        603;2025050804;   10;   0.8; 110;eor
        603;2025050805;   10;   1.3;  90;eor
        603;2025050806;   10;   1.5;  70;eor
        603;2025050807;   10;   2.7;  60;eor
        603;2025050808;   10;   3.1;  70;eor
        603;2025050809;   10;   4.9;  60;eor
        603;2025050810;   10;   5.0;  70;eor
        603;2025050811;   10;   5.0;  80;eor
        603;2025050812;   10;   4.8;  80;eor
        603;2025050813;   10;   5.7;  40;eor
        603;2025050814;   10;   5.2;  50;eor
        603;2025050815;   10;   5.5;  60;eor
        603;2025050816;   10;   4.9;  70;eor
        603;2025050817;   10;   4.8;  70;eor
        603;2025050818;   10;   4.4;  70;eor
        603;2025050819;   10;   3.7;  80;eor
        603;2025050820;   10;   3.1;  90;eor
        603;2025050821;   10;   3.0;  90;eor
        603;2025050822;   10;   2.0;  90;eor
        603;2025050823;   10;   1.2;  90;eor
        603;2025050900;   10;   1.6;  80;eor
        603;2025050901;   10;   1.1;  60;eor
        603;2025050902;   10;   0.9;  50;eor
        603;2025050903;   10;   0.5;  50;eor
        603;2025050904;   10;   0.9;  90;eor
        603;2025050905;   10;   0.9; 120;eor
        603;2025050906;   10;   0.9; 100;eor
        603;2025050907;   10;   1.9;  70;eor
        603;2025050908;   10;   2.6;  90;eor
        603;2025050909;   10;   3.7;  90;eor
        603;2025050910;   10;   5.5;  90;eor
        603;2025050911;   10;   5.1; 100;eor
        603;2025050912;   10;   4.9;  70;eor
        603;2025050913;   10;   4.7;  70;eor
        603;2025050914;   10;   4.7;  70;eor
        603;2025050915;   10;   4.3;  70;eor
        603;2025050916;   10;   4.2;  90;eor
        603;2025050917;   10;   4.0;  90;eor
        603;2025050918;   10;   3.9;  90;eor
        603;2025050919;   10;   3.0; 100;eor
        603;2025050920;   10;   2.1; 120;eor
        603;2025050921;   10;   1.6; 130;eor
        603;2025050922;   10;   2.6; 110;eor
        603;2025050923;   10;   2.2; 110;eor
        603;2025051000;   10;   1.8; 100;eor
        603;2025051001;   10;   1.0;  70;eor
        603;2025051002;   10;   1.2;  60;eor
        603;2025051003;   10;   1.2;  80;eor
        603;2025051004;   10;   0.8;  80;eor
        603;2025051005;   10;   0.9;  80;eor
        603;2025051006;   10;   1.2;  70;eor
        603;2025051007;   10;   1.8;  70;eor
        603;2025051008;   10;   2.1;  70;eor
        603;2025051009;   10;   1.5;  80;eor
        603;2025051010;   10;   3.1;  80;eor
        603;2025051011;   10;   3.9;  90;eor
        603;2025051012;   10;   3.5; 110;eor
        603;2025051013;   10;   4.4; 110;eor
        603;2025051014;   10;   4.5; 120;eor
        603;2025051015;   10;   4.0; 110;eor
        603;2025051016;   10;   4.4; 120;eor
        603;2025051017;   10;   4.3; 100;eor
        603;2025051018;   10;   3.7; 110;eor
        603;2025051019;   10;   2.6; 130;eor
        603;2025051020;   10;   2.2; 130;eor
        603;2025051021;   10;   1.4; 140;eor
        603;2025051022;   10;   1.3; 100;eor
        603;2025051023;   10;   1.2; 110;eor
        603;2025051100;   10;   1.3;  50;eor
        603;2025051101;   10;   1.9; 110;eor
        603;2025051102;   10;   1.8; 100;eor
        603;2025051103;   10;   1.4; 110;eor
        603;2025051104;   10;   1.2;  50;eor
        603;2025051105;   10;   1.0;  60;eor
        603;2025051106;   10;   0.8;  30;eor
        603;2025051107;   10;   1.2;  40;eor
        603;2025051108;   10;   4.7; 120;eor
        603;2025051109;   10;   4.5; 130;eor
        603;2025051110;   10;   4.7; 110;eor
        603;2025051111;   10;   5.0; 120;eor
        603;2025051112;   10;   5.2; 110;eor
        603;2025051113;   10;   4.8; 110;eor
        603;2025051114;   10;   4.9; 100;eor
        603;2025051115;   10;   4.9; 100;eor
        603;2025051116;   10;   5.1;  90;eor
        603;2025051117;   10;   4.6; 110;eor
        603;2025051118;   10;   4.3; 110;eor
        603;2025051119;   10;   2.4; 120;eor
        603;2025051120;   10;   1.9; 140;eor
        603;2025051121;   10;   2.2; 130;eor
        603;2025051122;   10;   3.1; 110;eor
        603;2025051123;   10;   3.7; 100;eor
        603;2025051200;   10;   3.8; 100;eor
        603;2025051201;   10;   2.9; 110;eor
        603;2025051202;   10;   1.0; 120;eor
        603;2025051203;   10;   0.7;  10;eor
        603;2025051204;   10;   1.6;  90;eor
        603;2025051205;   10;   1.5; 100;eor
        603;2025051206;   10;   2.1; 110;eor
        603;2025051207;   10;   4.2; 110;eor
        603;2025051208;   10;   5.4; 110;eor
        603;2025051209;   10;   4.8; 120;eor
        603;2025051210;   10;   4.7; 130;eor
        603;2025051211;   10;   4.6; 130;eor
        603;2025051212;   10;   3.7; 100;eor
        603;2025051213;   10;   3.2;  80;eor
        603;2025051214;   10;   3.0;  80;eor
        603;2025051215;   10;   2.9; 110;eor
        603;2025051216;   10;   2.9;  70;eor
        603;2025051217;   10;   2.9;  90;eor
        603;2025051218;   10;   3.9; 100;eor
        603;2025051219;   10;   4.6; 100;eor
        603;2025051220;   10;   3.9;  90;eor
        603;2025051221;   10;   3.8; 100;eor
        603;2025051222;   10;   4.3; 100;eor
        603;2025051223;   10;   3.7; 100;eor
        603;2025051300;   10;   1.9; 130;eor
        603;2025051301;   10;   1.8; 110;eor
        603;2025051302;   10;   2.0; 120;eor
        603;2025051303;   10;   1.3;  90;eor
        603;2025051304;   10;   1.3; 100;eor
        603;2025051305;   10;   2.0; 110;eor
        603;2025051306;   10;   1.7;  90;eor
        603;2025051307;   10;   2.5; 120;eor
        603;2025051308;   10;   3.6; 110;eor
        603;2025051309;   10;   3.7; 120;eor
        603;2025051310;   10;   3.3;  90;eor
        603;2025051311;   10;   2.9;  80;eor
        603;2025051312;   10;   3.3;  80;eor
        603;2025051313;   10;   3.2;  60;eor
        603;2025051314;   10;   2.2;  40;eor
        603;2025051315;   10;   2.4;  50;eor
        603;2025051316;   10;   2.0;  80;eor
        603;2025051317;   10;   1.7;  90;eor
        603;2025051318;   10;   1.4;  90;eor
        603;2025051319;   10;   1.1; 100;eor
        603;2025051320;   10;   1.5; 140;eor
        603;2025051321;   10;   1.2; 110;eor
        603;2025051322;   10;   1.9; 100;eor
        603;2025051323;   10;   1.5; 130;eor
        603;2025051400;   10;   1.4; 120;eor
        603;2025051401;   10;   1.1;  60;eor
        603;2025051402;   10;   0.6; 100;eor
        603;2025051403;   10;   0.8; 120;eor
        603;2025051404;   10;   0.7; 120;eor
        603;2025051405;   10;   0.7; 140;eor
        603;2025051406;   10;   1.1;  40;eor
        603;2025051407;   10;   1.5;  40;eor
        603;2025051408;   10;   1.3;  30;eor
        603;2025051409;   10;   1.5;  40;eor
        603;2025051410;   10;   1.6;  40;eor
        603;2025051411;   10;   1.7;  10;eor
        603;2025051412;   10;   2.2; 330;eor
        603;2025051413;   10;   3.6; 300;eor
        603;2025051414;   10;   3.6; 290;eor
        603;2025051415;   10;   3.2; 310;eor
        603;2025051416;   10;   3.6; 330;eor
        603;2025051417;   10;   3.5; 310;eor
        603;2025051418;   10;   3.2; 320;eor
        603;2025051419;   10;   2.7; 330;eor
        603;2025051420;   10;   1.9; 330;eor
        603;2025051421;   10;   3.0; 330;eor
        603;2025051422;   10;   2.6; 320;eor
        603;2025051423;   10;   2.5; 340;eor
        603;2025051500;   10;   2.4; 300;eor
        603;2025051501;   10;   2.6; 300;eor
        603;2025051502;   10;   3.1; 300;eor
        603;2025051503;   10;   2.8; 300;eor
        603;2025051504;   10;   2.4; 320;eor
        603;2025051505;   10;   3.4; 350;eor
        603;2025051506;   10;   3.4; 360;eor
        603;2025051507;   10;   2.3; 350;eor
        603;2025051508;   10;   2.2; 350;eor
        603;2025051509;   10;   2.8; 320;eor
        603;2025051510;   10;   3.4; 290;eor
        603;2025051511;   10;   3.3; 320;eor
        603;2025051512;   10;   4.2; 350;eor
        603;2025051513;   10;   5.5;  10;eor
        603;2025051514;   10;   5.6;  20;eor
        603;2025051515;   10;   5.1;  10;eor
        603;2025051516;   10;   5.2;  20;eor
        603;2025051517;   10;   4.5;  30;eor
        603;2025051518;   10;   4.2;  20;eor
        603;2025051519;   10;   3.4;  10;eor
        603;2025051520;   10;   1.6;  20;eor
        603;2025051521;   10;   0.4;  40;eor
        603;2025051522;   10;   0.3; 160;eor
        603;2025051523;   10;   0.4; 120;eor
        603;2025051600;   10;   0.9; 110;eor
        603;2025051601;   10;   0.8; 190;eor
        603;2025051602;   10;   1.1; 320;eor
        603;2025051603;   10;   1.9; 290;eor
        603;2025051604;   10;   3.1; 250;eor
        603;2025051605;   10;   2.6; 250;eor
        603;2025051606;   10;   2.2; 260;eor
        603;2025051607;   10;   1.9; 290;eor
        603;2025051608;   10;   2.3; 300;eor
        603;2025051609;   10;   3.2; 310;eor
        603;2025051610;   10;   3.4; 310;eor
        603;2025051611;   10;   3.4; 320;eor
        603;2025051612;   10;   3.9; 320;eor
        603;2025051613;   10;   3.8; 320;eor
        603;2025051614;   10;   3.7; 330;eor
        603;2025051615;   10;   3.6; 320;eor
        603;2025051616;   10;   3.7; 330;eor
        603;2025051617;   10;   3.3; 310;eor
        603;2025051618;   10;   3.3; 310;eor
        603;2025051619;   10;   2.6; 310;eor
        603;2025051620;   10;   2.3; 300;eor
        603;2025051621;   10;   4.2; 340;eor
        603;2025051622;   10;   3.4; 340;eor
        603;2025051623;   10;   3.0; 340;eor
        603;2025051700;   10;   2.1; 340;eor
        603;2025051701;   10;   1.4; 330;eor
        603;2025051702;   10;   1.8; 290;eor
        603;2025051703;   10;   1.5; 290;eor
        603;2025051704;   10;   1.3; 300;eor
        603;2025051705;   10;   1.0; 360;eor
        603;2025051706;   10;   2.2;  20;eor
        603;2025051707;   10;   2.3;  10;eor
        603;2025051708;   10;   2.4; 350;eor
        603;2025051709;   10;   2.5; 330;eor
        603;2025051710;   10;   3.0; 340;eor
        603;2025051711;   10;   2.4; 330;eor
        603;2025051712;   10;   1.9; 330;eor
        603;2025051713;   10;   3.1; 310;eor
        603;2025051714;   10;   2.7; 330;eor
        603;2025051715;   10;   3.7; 350;eor
        603;2025051716;   10;   2.8; 330;eor
        603;2025051717;   10;   3.0; 330;eor
        603;2025051718;   10;   3.2; 300;eor
        603;2025051719;   10;   2.2; 300;eor
        603;2025051720;   10;   1.7; 300;eor
        603;2025051721;   10;   2.0; 280;eor
        603;2025051722;   10;   1.8; 290;eor
        603;2025051723;   10;   2.2; 290;eor
        603;2025051800;   10;   2.9; 270;eor
        603;2025051801;   10;   3.4; 280;eor
        603;2025051802;   10;   3.4; 290;eor
        603;2025051803;   10;   2.9; 300;eor
        603;2025051804;   10;   2.7; 280;eor
        603;2025051805;   10;   3.1; 260;eor
        603;2025051806;   10;   3.0; 260;eor
        603;2025051807;   10;   2.9; 270;eor
        603;2025051808;   10;   2.4; 280;eor
        603;2025051809;   10;   2.8; 280;eor
        603;2025051810;   10;   2.2; 290;eor
        603;2025051811;   10;   2.1; 290;eor
        603;2025051812;   10;   2.1; 270;eor
        603;2025051813;   10;   2.0; 310;eor
        603;2025051814;   10;   2.6; 290;eor
        603;2025051815;   10;   2.8; 300;eor
        603;2025051816;   10;   2.7; 290;eor
        603;2025051817;   10;   2.2; 300;eor
        603;2025051818;   10;   2.2; 300;eor
        603;2025051819;   10;   1.3; 290;eor
        603;2025051820;   10;   1.3; 290;eor
        603;2025051821;   10;   1.0; 300;eor
        603;2025051822;   10;   1.5; 270;eor
        603;2025051823;   10;   1.9; 240;eor
        603;2025051900;   10;   1.2; 240;eor
        603;2025051901;   10;   1.0; 230;eor
        603;2025051902;   10;   1.0; 220;eor
        603;2025051903;   10;   0.8; 210;eor
        603;2025051904;   10;   0.5;  60;eor
        603;2025051905;   10;   0.3;  30;eor
        603;2025051906;   10;   0.6;  40;eor
        603;2025051907;   10;   0.7;  50;eor
        603;2025051908;   10;   1.0;  10;eor
        603;2025051909;   10;   1.4;  70;eor
        603;2025051910;   10;   2.6;  30;eor
        603;2025051911;   10;   2.5;  80;eor
        603;2025051912;   10;   2.7; 100;eor
        603;2025051913;   10;   2.7;  80;eor
        603;2025051914;   10;   2.5;  50;eor
        603;2025051915;   10;   2.3;  40;eor
        603;2025051916;   10;   2.7;  70;eor
        603;2025051917;   10;   2.4;  60;eor
        603;2025051918;   10;   1.7;  50;eor
        603;2025051919;   10;   1.7;  50;eor
        603;2025051920;   10;   1.7;  40;eor
        603;2025051921;   10;   1.8; 100;eor
        603;2025051922;   10;   2.2; 100;eor
        603;2025051923;   10;   2.3; 100;eor
        603;2025052000;   10;   1.2; 110;eor
        603;2025052001;   10;   0.9; 120;eor
        603;2025052002;   10;   0.9;  60;eor
        603;2025052003;   10;   0.6;  40;eor
        603;2025052004;   10;   0.4;  80;eor
        603;2025052005;   10;   0.8;  30;eor
        603;2025052006;   10;   0.9;  70;eor
        603;2025052007;   10;   0.9;  90;eor
        603;2025052008;   10;   1.0;  50;eor
        603;2025052009;   10;   1.5;  40;eor
        603;2025052010;   10;   1.5;  10;eor
        603;2025052011;   10;   1.9; 360;eor
        603;2025052012;   10;   2.3;  10;eor
        603;2025052013;   10;   2.9;  30;eor
        603;2025052014;   10;   2.6;  30;eor
        603;2025052015;   10;   2.6; 360;eor
        603;2025052016;   10;   2.5; 310;eor
        603;2025052017;   10;   2.4; 310;eor
        603;2025052018;   10;   2.9; 360;eor
        603;2025052019;   10;   2.0; 360;eor
        603;2025052020;   10;   1.3; 350;eor
        603;2025052021;   10;   0.7; 360;eor
        603;2025052022;   10;   1.4; 320;eor
        603;2025052023;   10;   1.5; 310;eor
        603;2025052100;   10;   2.1; 280;eor
        603;2025052101;   10;   2.9; 260;eor
        603;2025052102;   10;   2.8; 270;eor
        603;2025052103;   10;   2.3; 280;eor
        603;2025052104;   10;   2.0; 260;eor
        603;2025052105;   10;   2.0; 250;eor
        603;2025052106;   10;   1.9; 250;eor
        603;2025052107;   10;   1.7; 280;eor
        603;2025052108;   10;   1.8; 290;eor
        603;2025052109;   10;   1.9; 310;eor
        603;2025052110;   10;   2.2; 310;eor
        603;2025052111;   10;   2.2; 330;eor
        603;2025052112;   10;   2.6; 300;eor
        603;2025052113;   10;   3.3; 310;eor
        603;2025052114;   10;   2.6; 330;eor
        603;2025052115;   10;   3.1; 310;eor
        603;2025052116;   10;   3.1; 330;eor
        603;2025052117;   10;   2.6; 330;eor
        603;2025052118;   10;   2.5; 330;eor
        603;2025052119;   10;   1.7; 340;eor
        603;2025052120;   10;   1.6; 310;eor
        603;2025052121;   10;   2.1; 340;eor
        603;2025052122;   10;   2.5; 320;eor
        603;2025052123;   10;   2.9; 340;eor
        603;2025052200;   10;   2.7; 320;eor
        603;2025052201;   10;   2.4; 330;eor
        603;2025052202;   10;   2.6; 340;eor
        603;2025052203;   10;   1.7; 310;eor
        603;2025052204;   10;   2.0; 310;eor
        603;2025052205;   10;   2.1; 310;eor
        603;2025052206;   10;   2.7; 340;eor
        603;2025052207;   10;   3.2; 330;eor
        603;2025052208;   10;   3.6; 310;eor
        603;2025052209;   10;   3.4; 320;eor
        603;2025052210;   10;   3.0; 290;eor
        603;2025052211;   10;   3.5; 330;eor
        603;2025052212;   10;   3.8; 310;eor
        603;2025052213;   10;   5.0; 290;eor
        603;2025052214;   10;   4.6; 310;eor
        603;2025052215;   10;   4.6; 320;eor
        603;2025052216;   10;   4.8; 300;eor
        603;2025052217;   10;   4.2; 310;eor
        603;2025052218;   10;   3.6; 310;eor
        603;2025052219;   10;   3.3; 320;eor
        603;2025052220;   10;   2.5; 300;eor
        603;2025052221;   10;   1.8; 300;eor
        603;2025052222;   10;   1.8; 290;eor
        603;2025052223;   10;   1.9; 280;eor
        603;2025052300;   10;   2.0; 280;eor
        603;2025052301;   10;   2.5; 260;eor
        603;2025052302;   10;   2.1; 270;eor
        603;2025052303;   10;   2.3; 260;eor
        603;2025052304;   10;   2.2; 250;eor
        603;2025052305;   10;   2.6; 260;eor
        603;2025052306;   10;   3.2; 260;eor
        603;2025052307;   10;   3.4; 280;eor
        603;2025052308;   10;   3.9; 280;eor
        603;2025052309;   10;   3.9; 290;eor
        603;2025052310;   10;   3.7; 280;eor
        603;2025052311;   10;   4.4; 290;eor
        603;2025052312;   10;   4.4; 280;eor
        603;2025052313;   10;   4.4; 290;eor
        603;2025052314;   10;   3.4; 300;eor
        603;2025052315;   10;   4.1; 290;eor
        603;2025052316;   10;   3.8; 300;eor
        603;2025052317;   10;   4.1; 300;eor
        603;2025052318;   10;   4.3; 290;eor
        603;2025052319;   10;   3.6; 290;eor
        603;2025052320;   10;   2.7; 290;eor
        603;2025052321;   10;   2.1; 280;eor
        603;2025052322;   10;   2.6; 270;eor
        603;2025052323;   10;   2.4; 240;eor
        603;2025052400;   10;   3.0; 240;eor
        603;2025052401;   10;   3.2; 220;eor
        603;2025052402;   10;   3.2; 210;eor
        603;2025052403;   10;   2.3; 200;eor
        603;2025052404;   10;   3.9; 200;eor
        603;2025052405;   10;   5.9; 200;eor
        603;2025052406;   10;   6.8; 200;eor
        603;2025052407;   10;   6.3; 200;eor
        603;2025052408;   10;   6.1; 200;eor
        603;2025052409;   10;   5.6; 190;eor
        603;2025052410;   10;   3.8; 210;eor
        603;2025052411;   10;   3.5; 200;eor
        603;2025052412;   10;   4.9; 190;eor
        603;2025052413;   10;   7.0; 210;eor
        603;2025052414;   10;   7.4; 230;eor
        603;2025052415;   10;   5.5; 210;eor
        603;2025052416;   10;   4.7; 190;eor
        603;2025052417;   10;   6.2; 180;eor
        603;2025052418;   10;   6.1; 180;eor
        603;2025052419;   10;   5.1; 180;eor
        603;2025052420;   10;   5.2; 180;eor
        603;2025052421;   10;   6.0; 190;eor
        603;2025052422;   10;   6.3; 200;eor
        603;2025052423;   10;   6.2; 200;eor
        603;2025052500;   10;   5.9; 200;eor
        603;2025052501;   10;   6.0; 200;eor
        603;2025052502;   10;   5.7; 200;eor
        603;2025052503;   10;   5.5; 200;eor
        603;2025052504;   10;   5.5; 200;eor
        603;2025052505;   10;   5.2; 190;eor
        603;2025052506;   10;   5.1; 190;eor
        603;2025052507;   10;   5.3; 190;eor
        603;2025052508;   10;   5.6; 190;eor
        603;2025052509;   10;   5.4; 200;eor
        603;2025052510;   10;   4.4; 190;eor
        603;2025052511;   10;   3.7; 180;eor
        603;2025052512;   10;   5.6; 230;eor
        603;2025052513;   10;   6.3; 250;eor
        603;2025052514;   10;   6.5; 250;eor
        603;2025052515;   10;   6.4; 250;eor
        603;2025052516;   10;   7.4; 250;eor
        603;2025052517;   10;   4.7; 210;eor
        603;2025052518;   10;   4.2; 200;eor
        603;2025052519;   10;   4.6; 210;eor
        603;2025052520;   10;   4.0; 230;eor
        603;2025052521;   10;   3.5; 240;eor
        603;2025052522;   10;   3.3; 240;eor
        603;2025052523;   10;   3.3; 230;eor
        603;2025052600;   10;   3.7; 230;eor
        603;2025052601;   10;   4.7; 230;eor
        603;2025052602;   10;   4.7; 230;eor
        603;2025052603;   10;   3.9; 230;eor
        603;2025052604;   10;   3.6; 240;eor
        603;2025052605;   10;   3.5; 240;eor
        603;2025052606;   10;   4.2; 250;eor
        603;2025052607;   10;   4.5; 250;eor
        603;2025052608;   10;   3.8; 250;eor
        603;2025052609;   10;   4.1; 250;eor
        603;2025052610;   10;   4.5; 270;eor
        603;2025052611;   10;   5.5; 260;eor
        603;2025052612;   10;   4.9; 250;eor
        603;2025052613;   10;   4.7; 270;eor
        603;2025052614;   10;   5.6; 250;eor
        603;2025052615;   10;   4.0; 270;eor
        603;2025052616;   10;   3.9; 270;eor
        603;2025052617;   10;   4.7; 260;eor
        603;2025052618;   10;   4.2; 260;eor
        603;2025052619;   10;   2.9; 230;eor
        603;2025052620;   10;   3.6; 230;eor
        603;2025052621;   10;   3.6; 230;eor
        603;2025052622;   10;   2.9; 230;eor
        603;2025052623;   10;   3.6; 200;eor
        603;2025052700;   10;   3.3; 210;eor
        603;2025052701;   10;   3.5; 200;eor
        603;2025052702;   10;   3.4; 200;eor
        603;2025052703;   10;   3.3; 200;eor
        603;2025052704;   10;   3.7; 190;eor
        603;2025052705;   10;   3.6; 200;eor
        603;2025052706;   10;   3.7; 190;eor
        603;2025052707;   10;   4.2; 190;eor
        603;2025052708;   10;   4.7; 190;eor
        603;2025052709;   10;   5.0; 190;eor
        603;2025052710;   10;   5.3; 210;eor
        603;2025052711;   10;   5.0; 230;eor
        603;2025052712;   10;   5.1; 230;eor
        603;2025052713;   10;   5.9; 220;eor
        603;2025052714;   10;   5.4; 220;eor
        603;2025052715;   10;   5.5; 230;eor
        603;2025052716;   10;   6.8; 230;eor
        603;2025052717;   10;   4.5; 210;eor
        603;2025052718;   10;   3.2; 190;eor
        603;2025052719;   10;   4.0; 190;eor
        603;2025052720;   10;   4.5; 190;eor
        603;2025052721;   10;   5.2; 200;eor
        603;2025052722;   10;   5.6; 200;eor
        603;2025052723;   10;   5.6; 200;eor
        603;2025052800;   10;   5.9; 210;eor
        603;2025052801;   10;   5.6; 220;eor
        603;2025052802;   10;   3.6; 240;eor
        603;2025052803;   10;   3.4; 230;eor
        603;2025052804;   10;   4.9; 230;eor
        603;2025052805;   10;   5.0; 230;eor
        603;2025052806;   10;   3.9; 230;eor
        603;2025052807;   10;   3.2; 210;eor
        603;2025052808;   10;   5.4; 230;eor
        603;2025052809;   10;   3.2; 240;eor
        603;2025052810;   10;   4.3; 240;eor
        603;2025052811;   10;   3.8; 270;eor
        603;2025052812;   10;   4.4; 270;eor
        603;2025052813;   10;   7.4; 260;eor
        603;2025052814;   10;   6.9; 250;eor
        603;2025052815;   10;   5.4; 280;eor
        603;2025052816;   10;   4.5; 270;eor
        603;2025052817;   10;   6.2; 270;eor
        603;2025052818;   10;   4.1; 300;eor
        603;2025052819;   10;   3.8; 300;eor
        603;2025052820;   10;   2.9; 320;eor
        603;2025052821;   10;   1.9; 310;eor
        603;2025052822;   10;   1.5; 310;eor
        603;2025052823;   10;   1.8; 300;eor
        603;2025052900;   10;   1.3; 300;eor
        603;2025052901;   10;   1.5; 270;eor
        603;2025052902;   10;   1.5; 280;eor
        603;2025052903;   10;   1.7; 260;eor
        603;2025052904;   10;   1.8; 240;eor
        603;2025052905;   10;   0.8; 220;eor
        603;2025052906;   10;   0.7; 180;eor
        603;2025052907;   10;   1.9; 200;eor
        603;2025052908;   10;   2.9; 190;eor
        603;2025052909;   10;   1.9; 180;eor
        603;2025052910;   10;   2.7; 180;eor
        603;2025052911;   10;   2.8; 170;eor
        603;2025052912;   10;   2.2; 200;eor
        603;2025052913;   10;   2.6; 170;eor
        603;2025052914;   10;   3.7; 220;eor
        603;2025052915;   10;   3.9; 230;eor
        603;2025052916;   10;   4.8; 240;eor
        603;2025052917;   10;   6.3; 230;eor
        603;2025052918;   10;   5.4; 230;eor
        603;2025052919;   10;   4.8; 240;eor
        603;2025052920;   10;   4.0; 240;eor
        603;2025052921;   10;   3.1; 210;eor
        603;2025052922;   10;   3.1; 210;eor
        603;2025052923;   10;   3.6; 200;eor
        603;2025053000;   10;   3.0; 220;eor
        603;2025053001;   10;   3.2; 220;eor
        603;2025053002;   10;   2.9; 220;eor
        603;2025053003;   10;   3.3; 200;eor
        603;2025053004;   10;   2.8; 210;eor
        603;2025053005;   10;   2.0; 210;eor
        603;2025053006;   10;   2.7; 220;eor
        603;2025053007;   10;   2.4; 220;eor
        603;2025053008;   10;   4.2; 240;eor
        603;2025053009;   10;   4.0; 260;eor
        603;2025053010;   10;   3.3; 260;eor
        603;2025053011;   10;   4.1; 250;eor
        603;2025053012;   10;   3.7; 260;eor
        603;2025053013;   10;   3.3; 270;eor
        603;2025053014;   10;   2.2; 300;eor
        603;2025053015;   10;   1.4; 330;eor
        603;2025053016;   10;   1.4;  30;eor
        603;2025053017;   10;   1.5;  20;eor
        603;2025053018;   10;   1.6; 340;eor
        603;2025053019;   10;   1.8; 330;eor
        603;2025053020;   10;   1.7; 350;eor
        603;2025053021;   10;   0.6;  10;eor
        603;2025053022;   10;   0.9; 160;eor
        603;2025053023;   10;   1.4; 180;eor
        603;2025053100;   10;   2.0; 210;eor
        603;2025053101;   10;   0.9; 210;eor
        603;2025053102;   10;   0.9; 200;eor
        603;2025053103;   10;   0.8; 230;eor
        603;2025053104;   10;   1.3; 250;eor
        603;2025053105;   10;   1.3; 250;eor
        603;2025053106;   10;   1.8; 210;eor
        603;2025053107;   10;   1.3; 180;eor
        603;2025053108;   10;   1.7; 160;eor
        603;2025053109;   10;   2.3; 210;eor
        603;2025053110;   10;   1.8; 200;eor
        603;2025053111;   10;   1.8; 220;eor
        603;2025053112;   10;   1.8; 130;eor
        603;2025053113;   10;   1.1; 320;eor
        603;2025053114;   10;   4.5; 200;eor
        603;2025053115;   10;   2.6; 170;eor
        603;2025053116;   10;   2.6;  80;eor
        603;2025053117;   10;   3.2; 110;eor
        603;2025053118;   10;   3.9; 170;eor
        603;2025053119;   10;   3.7; 180;eor
        603;2025053120;   10;   2.8;  20;eor
        603;2025053121;   10;   2.7;  90;eor
        603;2025053122;   10;   3.7; 130;eor
        603;2025053123;   10;   4.2; 120;eor
        603;2025060100;   10;   2.2; 100;eor
        603;2025060101;   10;   4.5; 170;eor
        603;2025060102;   10;   4.4; 180;eor
        603;2025060103;   10;   3.2; 190;eor
        603;2025060104;   10;   1.5;  80;eor
        603;2025060105;   10;   2.2; 150;eor
        603;2025060106;   10;   1.5; 140;eor
        603;2025060107;   10;   2.6; 170;eor
        603;2025060108;   10;   1.8; 170;eor
        603;2025060109;   10;   1.5; 170;eor
        603;2025060110;   10;   2.7; 280;eor
        603;2025060111;   10;   1.6; 290;eor
        603;2025060112;   10;   1.5; 320;eor
        603;2025060113;   10;   2.0; 310;eor
        603;2025060114;   10;   3.9; 300;eor
        603;2025060115;   10;   3.5; 310;eor
        603;2025060116;   10;   3.5; 310;eor
        603;2025060117;   10;   3.0; 300;eor
        603;2025060118;   10;   2.6; 310;eor
        603;2025060119;   10;   2.1; 300;eor
        603;2025060120;   10;   1.5; 300;eor
        603;2025060121;   10;   2.1; 290;eor
        603;2025060122;   10;   2.4; 270;eor
        603;2025060123;   10;   2.3; 250;eor
        603;2025060200;   10;   2.3; 250;eor
        603;2025060201;   10;   2.8; 260;eor
        603;2025060202;   10;   1.6; 250;eor
        603;2025060203;   10;   2.5; 270;eor
        603;2025060204;   10;   1.9; 270;eor
        603;2025060205;   10;   2.0; 290;eor
        603;2025060206;   10;   1.4; 270;eor
        603;2025060207;   10;   2.4; 240;eor
        603;2025060208;   10;   2.8; 250;eor
        603;2025060209;   10;   3.5; 260;eor
        603;2025060210;   10;   2.8; 260;eor
        603;2025060211;   10;   2.7; 220;eor
        603;2025060212;   10;   2.3; 250;eor
        603;2025060213;   10;   2.4; 270;eor
        603;2025060214;   10;   2.5; 290;eor
        603;2025060215;   10;   3.4; 260;eor
        603;2025060216;   10;   4.1; 270;eor
        603;2025060217;   10;   3.6; 320;eor
        603;2025060218;   10;   2.5; 320;eor
        603;2025060219;   10;   1.9; 350;eor
        603;2025060220;   10;   1.0; 360;eor
        603;2025060221;   10;   0.5; 300;eor
        603;2025060222;   10;   0.9; 180;eor
        603;2025060223;   10;   1.0; 220;eor
        603;2025060300;   10;   1.4; 220;eor
        603;2025060301;   10;   0.6; 230;eor
        603;2025060302;   10;   0.9; 200;eor
        603;2025060303;   10;   0.6; 110;eor
        603;2025060304;   10;   0.7; 190;eor
        603;2025060305;   10;   0.5;  40;eor
        603;2025060306;   10;   1.4; 170;eor
        603;2025060307;   10;   4.3; 180;eor
        603;2025060308;   10;   3.6; 180;eor
        603;2025060309;   10;   4.3; 190;eor
        603;2025060310;   10;   5.2; 210;eor
        603;2025060311;   10;   6.0; 210;eor
        603;2025060312;   10;   6.0; 200;eor
        603;2025060313;   10;   5.9; 200;eor
        603;2025060314;   10;   5.8; 200;eor
        603;2025060315;   10;   5.4; 190;eor
        603;2025060316;   10;   5.4; 200;eor
        603;2025060317;   10;   4.6; 200;eor
        603;2025060318;   10;   4.6; 200;eor
        603;2025060319;   10;   3.6; 200;eor
        603;2025060320;   10;   2.8; 200;eor
        603;2025060321;   10;   3.5; 200;eor
        603;2025060322;   10;   3.4; 200;eor
        603;2025060323;   10;   3.2; 190;eor
        603;2025060400;   10;   3.6; 190;eor
        603;2025060401;   10;   3.4; 200;eor
        603;2025060402;   10;   3.2; 190;eor
        603;2025060403;   10;   3.3; 190;eor
        603;2025060404;   10;   3.5; 190;eor
        603;2025060405;   10;   3.7; 190;eor
        603;2025060406;   10;   3.3; 180;eor
        603;2025060407;   10;   3.5; 190;eor
        603;2025060408;   10;   4.1; 190;eor
        603;2025060409;   10;   3.9; 180;eor
        603;2025060410;   10;   4.8; 190;eor
        603;2025060411;   10;   4.5; 170;eor
        603;2025060412;   10;   4.8; 200;eor
        603;2025060413;   10;   5.7; 190;eor
        603;2025060414;   10;   4.5; 180;eor
        603;2025060415;   10;   4.6; 200;eor
        603;2025060416;   10;   5.6; 250;eor
        603;2025060417;   10;   3.5; 310;eor
        603;2025060418;   10;   2.0; 340;eor
        603;2025060419;   10;   1.1; 310;eor
        603;2025060420;   10;   0.8;  70;eor
        603;2025060421;   10;   1.5; 290;eor
        603;2025060422;   10;   2.7; 230;eor
        603;2025060423;   10;   2.8; 190;eor
        603;2025060500;   10;   2.1; 200;eor
        603;2025060501;   10;   2.2; 220;eor
        603;2025060502;   10;   2.5; 220;eor
        603;2025060503;   10;   0.9; 160;eor
        603;2025060504;   10;   3.2; 200;eor
        603;2025060505;   10;   4.6; 210;eor
        603;2025060506;   10;   3.5; 200;eor
        603;2025060507;   10;   2.7; 180;eor
        603;2025060508;   10;   4.0; 190;eor
        603;2025060509;   10;   5.0; 200;eor
        603;2025060510;   10;   6.0; 200;eor
        603;2025060511;   10;   5.5; 210;eor
        603;2025060512;   10;   6.3; 210;eor
        603;2025060513;   10;   6.2; 210;eor
        603;2025060514;   10;   5.9; 210;eor
        603;2025060515;   10;   6.3; 220;eor
        603;2025060516;   10;   4.3; 200;eor
        603;2025060517;   10;   2.3; 210;eor
        603;2025060518;   10;   5.0; 200;eor
        603;2025060519;   10;   4.6; 200;eor
        603;2025060520;   10;   4.0; 190;eor
        603;2025060521;   10;   3.9; 170;eor
        603;2025060522;   10;   4.9; 180;eor
        603;2025060523;   10;   6.1; 190;eor
        603;2025060600;   10;   5.9; 180;eor
        603;2025060601;   10;   6.8; 180;eor
        603;2025060602;   10;   6.3; 190;eor
        603;2025060603;   10;   4.9; 200;eor
        603;2025060604;   10;   3.8; 240;eor
        603;2025060605;   10;   2.0; 210;eor
        603;2025060606;   10;   1.8; 230;eor
        603;2025060607;   10;   2.2; 220;eor
        603;2025060608;   10;   3.6; 240;eor
        603;2025060609;   10;   5.3; 250;eor
        603;2025060610;   10;   4.6; 260;eor
        603;2025060611;   10;   5.8; 250;eor
        603;2025060612;   10;   6.0; 240;eor
        603;2025060613;   10;   5.7; 240;eor
        603;2025060614;   10;   4.8; 260;eor
        603;2025060615;   10;   5.6; 240;eor
        603;2025060616;   10;   6.3; 240;eor
        603;2025060617;   10;   6.0; 240;eor
        603;2025060618;   10;   4.4; 250;eor
        603;2025060619;   10;   2.1; 280;eor
        603;2025060620;   10;   1.4; 180;eor
        603;2025060621;   10;   2.9; 200;eor
        603;2025060622;   10;   3.5; 200;eor
        603;2025060623;   10;   2.8; 260;eor
        603;2025060700;   10;   2.5; 210;eor
        603;2025060701;   10;   3.3; 190;eor
        603;2025060702;   10;   3.0; 210;eor
        603;2025060703;   10;   2.3; 210;eor
        603;2025060704;   10;   2.4; 190;eor
        603;2025060705;   10;   3.0; 200;eor
        603;2025060706;   10;   3.0; 200;eor
        603;2025060707;   10;   3.1; 200;eor
        603;2025060708;   10;   4.1; 200;eor
        603;2025060709;   10;   3.3; 210;eor
        603;2025060710;   10;   3.4; 250;eor
        603;2025060711;   10;   5.8; 250;eor
        603;2025060712;   10;   5.6; 240;eor
        603;2025060713;   10;   6.1; 250;eor
        603;2025060714;   10;   6.1; 230;eor
        603;2025060715;   10;   6.4; 240;eor
        603;2025060716;   10;   3.3; 260;eor
        603;2025060717;   10;   2.9; 250;eor
        603;2025060718;   10;   4.2; 200;eor
        603;2025060719;   10;   4.4; 200;eor
        603;2025060720;   10;   3.7; 190;eor
        603;2025060721;   10;   3.5; 180;eor
        603;2025060722;   10;   3.1; 190;eor
        603;2025060723;   10;   2.5; 160;eor
        603;2025060800;   10;   4.6; 170;eor
        603;2025060801;   10;   5.6; 190;eor
        603;2025060802;   10;   4.3; 220;eor
        603;2025060803;   10;   3.2; 200;eor
        603;2025060804;   10;   3.5; 190;eor
        603;2025060805;   10;   4.9; 250;eor
        603;2025060806;   10;   5.5; 260;eor
        603;2025060807;   10;   5.5; 260;eor
        603;2025060808;   10;   6.8; 270;eor
        603;2025060809;   10;   6.9; 270;eor
        603;2025060810;   10;   6.7; 270;eor
        603;2025060811;   10;   6.8; 260;eor
        603;2025060812;   10;   6.5; 270;eor
        603;2025060813;   10;   5.5; 270;eor
        603;2025060814;   10;   4.2; 290;eor
        603;2025060815;   10;   5.8; 290;eor
        603;2025060816;   10;   6.9; 280;eor
        603;2025060817;   10;   6.6; 280;eor
        603;2025060818;   10;   5.8; 290;eor
        603;2025060819;   10;   4.5; 280;eor
        603;2025060820;   10;   2.7; 270;eor
        603;2025060821;   10;   2.6; 260;eor
        603;2025060822;   10;   3.4; 230;eor
        603;2025060823;   10;   3.5; 210;eor
        603;2025060900;   10;   3.9; 210;eor
        603;2025060901;   10;   4.3; 210;eor
        603;2025060902;   10;   4.8; 210;eor
        603;2025060903;   10;   3.8; 210;eor
        603;2025060904;   10;   3.4; 210;eor
        603;2025060905;   10;   3.3; 200;eor
        603;2025060906;   10;   3.2; 200;eor
        603;2025060907;   10;   3.0; 210;eor
        603;2025060908;   10;   3.6; 210;eor
        603;2025060909;   10;   2.2; 210;eor
        603;2025060910;   10;   2.2; 230;eor
        603;2025060911;   10;   2.7; 240;eor
        603;2025060912;   10;   2.3; 260;eor
        603;2025060913;   10;   1.4; 280;eor
        603;2025060914;   10;   1.7; 250;eor
        603;2025060915;   10;   2.2; 240;eor
        603;2025060916;   10;   1.8; 240;eor
        603;2025060917;   10;   1.2; 260;eor
        603;2025060918;   10;   1.2; 340;eor
        603;2025060919;   10;   1.1;  90;eor
        603;2025060920;   10;   1.1; 140;eor
        603;2025060921;   10;   0.5; 210;eor
        603;2025060922;   10;   0.3; 140;eor
        603;2025060923;   10;   0.6; 230;eor
        603;2025061000;   10;   2.4; 210;eor
        603;2025061001;   10;   4.6; 200;eor
        603;2025061002;   10;   4.5; 200;eor
        603;2025061003;   10;   4.6; 210;eor
        603;2025061004;   10;   3.6; 200;eor
        603;2025061005;   10;   4.9; 200;eor
        603;2025061006;   10;   5.3; 200;eor
        603;2025061007;   10;   4.5; 200;eor
        603;2025061008;   10;   5.0; 200;eor
        603;2025061009;   10;   4.7; 210;eor
        603;2025061010;   10;   4.6; 230;eor
        603;2025061011;   10;   5.7; 250;eor
        603;2025061012;   10;   6.9; 260;eor
        603;2025061013;   10;   4.4; 270;eor
        603;2025061014;   10;   5.6; 280;eor
        603;2025061015;   10;   5.0; 280;eor
        603;2025061016;   10;   4.2; 300;eor
        603;2025061017;   10;   4.8; 300;eor
        603;2025061018;   10;   5.4; 280;eor
        603;2025061019;   10;   4.5; 270;eor
        603;2025061020;   10;   3.8; 280;eor
        603;2025061021;   10;   2.1; 320;eor
        603;2025061022;   10;   2.2; 300;eor
        603;2025061023;   10;   1.6; 290;eor
        603;2025061100;   10;   1.6; 280;eor
        603;2025061101;   10;   1.6; 290;eor
        603;2025061102;   10;   1.5; 290;eor
        603;2025061103;   10;   1.8; 290;eor
        603;2025061104;   10;   1.8; 300;eor
        603;2025061105;   10;   0.6; 250;eor
        603;2025061106;   10;   0.8; 270;eor
        603;2025061107;   10;   1.3;  50;eor
        603;2025061108;   10;   1.4;  60;eor
        603;2025061109;   10;   1.8;  50;eor
        603;2025061110;   10;   1.6;  20;eor
        603;2025061111;   10;   1.7;  40;eor
        603;2025061112;   10;   1.8;  20;eor
        603;2025061113;   10;   1.8; 340;eor
        603;2025061114;   10;   1.8;  50;eor
        603;2025061115;   10;   2.0;  90;eor
        603;2025061116;   10;   2.1;  50;eor
        603;2025061117;   10;   2.2;  70;eor
        603;2025061118;   10;   2.0;  50;eor
        603;2025061119;   10;   1.4;  20;eor
        603;2025061120;   10;   0.9;  20;eor
        603;2025061121;   10;   1.1;  30;eor
        603;2025061122;   10;   1.5; 100;eor
        603;2025061123;   10;   2.4; 100;eor
        603;2025061200;   10;   3.3;  90;eor
        603;2025061201;   10;   2.5; 100;eor
        603;2025061202;   10;   1.8; 100;eor
        603;2025061203;   10;   1.4; 120;eor
        603;2025061204;   10;   3.7; 110;eor
        603;2025061205;   10;   2.5; 100;eor
        603;2025061206;   10;   2.7;  90;eor
        603;2025061207;   10;   4.4; 100;eor
        603;2025061208;   10;   4.9; 110;eor
        603;2025061209;   10;   4.9; 110;eor
        603;2025061210;   10;   5.4; 100;eor
        603;2025061211;   10;   6.0; 110;eor
        603;2025061212;   10;   5.9; 110;eor
        603;2025061213;   10;   6.5; 110;eor
        603;2025061214;   10;   6.4; 110;eor
        603;2025061215;   10;   5.7; 110;eor
        603;2025061216;   10;   5.3; 130;eor
        603;2025061217;   10;   5.2; 110;eor
        603;2025061218;   10;   4.1; 100;eor
        603;2025061219;   10;   2.8; 100;eor
        603;2025061220;   10;   2.9; 100;eor
        603;2025061221;   10;   1.6; 110;eor
        603;2025061222;   10;   1.1; 110;eor
        603;2025061223;   10;   2.2; 140;eor
        603;2025061300;   10;   2.8; 110;eor
        603;2025061301;   10;   2.7;  80;eor
        603;2025061302;   10;   3.3; 100;eor
        603;2025061303;   10;   3.1; 100;eor
        603;2025061304;   10;   2.2;  80;eor
        603;2025061305;   10;   3.1;  80;eor
        603;2025061306;   10;   3.3; 100;eor
        603;2025061307;   10;   3.0; 100;eor
        603;2025061308;   10;   3.3; 100;eor
        603;2025061309;   10;   3.3; 100;eor
        603;2025061310;   10;   3.8; 100;eor
        603;2025061311;   10;   3.7; 110;eor
        603;2025061312;   10;   4.2; 110;eor
        603;2025061313;   10;   4.4; 100;eor
        603;2025061314;   10;   4.4; 110;eor
        603;2025061315;   10;   4.4; 110;eor
        603;2025061316;   10;   4.3; 100;eor
        603;2025061317;   10;   4.7; 100;eor
        603;2025061318;   10;   4.4;  90;eor
        603;2025061319;   10;   4.0;  90;eor
        603;2025061320;   10;   3.6; 100;eor
        603;2025061321;   10;   2.3; 110;eor
        603;2025061322;   10;   2.7; 100;eor
        603;2025061323;   10;   1.8;  50;eor
        603;2025061400;   10;   1.6;  50;eor
        603;2025061401;   10;   1.6;  70;eor
        603;2025061402;   10;   2.0;  40;eor
        603;2025061403;   10;   3.6;  80;eor
        603;2025061404;   10;   4.3; 110;eor
        603;2025061405;   10;   2.9; 210;eor
        603;2025061406;   10;   1.4; 140;eor
        603;2025061407;   10;   1.7; 110;eor
        603;2025061408;   10;   3.2; 150;eor
        603;2025061409;   10;   3.3; 150;eor
        603;2025061410;   10;   3.7; 140;eor
        603;2025061411;   10;   2.5; 200;eor
        603;2025061412;   10;   1.9; 190;eor
        603;2025061413;   10;   3.2; 230;eor
        603;2025061414;   10;   4.3; 290;eor
        603;2025061415;   10;   3.9; 280;eor
        603;2025061416;   10;   1.7; 260;eor
        603;2025061417;   10;   2.1;  60;eor
        603;2025061418;   10;   1.3; 250;eor
        603;2025061419;   10;   1.2; 230;eor
        603;2025061420;   10;   1.4; 160;eor
        603;2025061421;   10;   0.9; 230;eor
        603;2025061422;   10;   0.7; 150;eor
        603;2025061423;   10;   0.7; 190;eor
        603;2025061500;   10;   1.8; 260;eor
        603;2025061501;   10;   2.1; 260;eor
        603;2025061502;   10;   2.7; 290;eor
        603;2025061503;   10;   2.2; 290;eor
        603;2025061504;   10;   5.7; 230;eor
        603;2025061505;   10;   3.5; 280;eor
        603;2025061506;   10;   2.7; 130;eor
        603;2025061507;   10;   1.3; 310;eor
        603;2025061508;   10;   1.4; 330;eor
        603;2025061509;   10;   1.3; 300;eor
        603;2025061510;   10;   1.8; 290;eor
        603;2025061511;   10;   2.3; 290;eor
        603;2025061512;   10;   2.5; 300;eor
        603;2025061513;   10;   2.1; 300;eor
        603;2025061514;   10;   2.7; 290;eor
        603;2025061515;   10;   2.9; 300;eor
        603;2025061516;   10;   2.9; 320;eor
        603;2025061517;   10;   2.6; 310;eor
        603;2025061518;   10;   2.7; 300;eor
        603;2025061519;   10;   2.0; 300;eor
        603;2025061520;   10;   1.9; 310;eor
        603;2025061521;   10;   1.4; 280;eor
        603;2025061522;   10;   1.9; 290;eor
        603;2025061523;   10;   2.0; 300;eor
        603;2025061600;   10;   2.0; 300;eor
        603;2025061601;   10;   1.9; 270;eor
        603;2025061602;   10;   2.5; 250;eor
        603;2025061603;   10;   2.7; 250;eor
        603;2025061604;   10;   2.0; 260;eor
        603;2025061605;   10;   2.0; 250;eor
        603;2025061606;   10;   1.8; 230;eor
        603;2025061607;   10;   1.8; 210;eor
        603;2025061608;   10;   1.4; 240;eor
        603;2025061609;   10;   1.9; 300;eor
        603;2025061610;   10;   2.5; 280;eor
        603;2025061611;   10;   2.7; 290;eor
        603;2025061612;   10;   2.6; 320;eor
        603;2025061613;   10;   2.3; 310;eor
        603;2025061614;   10;   1.8; 320;eor
        603;2025061615;   10;   1.8; 330;eor
        603;2025061616;   10;   1.8; 320;eor
        603;2025061617;   10;   1.9;  20;eor
        603;2025061618;   10;   1.1;  70;eor
        603;2025061619;   10;   0.9; 110;eor
        603;2025061620;   10;   1.0; 160;eor
        603;2025061621;   10;   0.8; 190;eor
        603;2025061622;   10;   0.8; 250;eor
        603;2025061623;   10;   0.9; 290;eor
        603;2025061700;   10;   1.4; 240;eor
        603;2025061701;   10;   1.2; 240;eor
        603;2025061702;   10;   2.6; 230;eor
        603;2025061703;   10;   1.2; 230;eor
        603;2025061704;   10;   1.0; 230;eor
        603;2025061705;   10;   0.5; 250;eor
        603;2025061706;   10;   1.0; 230;eor
        603;2025061707;   10;   1.0; 230;eor
        603;2025061708;   10;   1.3; 220;eor
        603;2025061709;   10;   1.3; 230;eor
        603;2025061710;   10;   1.6; 210;eor
        603;2025061711;   10;   1.6;  60;eor
        603;2025061712;   10;   1.5; 170;eor
        603;2025061713;   10;   1.6;  80;eor
        603;2025061714;   10;   1.6; 140;eor
        603;2025061715;   10;   1.4; 150;eor
        603;2025061716;   10;   1.1; 320;eor
        603;2025061717;   10;   1.3;  20;eor
        603;2025061718;   10;   0.6;  10;eor
        603;2025061719;   10;   1.2; 330;eor
        603;2025061720;   10;   1.1; 310;eor
        603;2025061721;   10;   0.6;  10;eor
        603;2025061722;   10;   0.5; 210;eor
        603;2025061723;   10;   0.9; 240;eor
        603;2025061800;   10;   1.9; 230;eor
        603;2025061801;   10;   2.0; 240;eor
        603;2025061802;   10;   1.6; 240;eor
        603;2025061803;   10;   1.8; 240;eor
        603;2025061804;   10;   2.3; 220;eor
        603;2025061805;   10;   2.0; 230;eor
        603;2025061806;   10;   2.1; 220;eor
        603;2025061807;   10;   2.0; 230;eor
        603;2025061808;   10;   1.7; 250;eor
        603;2025061809;   10;   1.7; 310;eor
        603;2025061810;   10;   1.9; 330;eor
        603;2025061811;   10;   2.2; 340;eor
        603;2025061812;   10;   2.1; 330;eor
        603;2025061813;   10;   2.3; 330;eor
        603;2025061814;   10;   2.9; 310;eor
        603;2025061815;   10;   2.9; 320;eor
        603;2025061816;   10;   2.9; 330;eor
        603;2025061817;   10;   2.8; 330;eor
        603;2025061818;   10;   2.0; 320;eor
        603;2025061819;   10;   1.6; 300;eor
        603;2025061820;   10;   1.2; 290;eor
        603;2025061821;   10;   1.8; 260;eor
        603;2025061822;   10;   2.3; 290;eor
        603;2025061823;   10;   1.8; 310;eor
        603;2025061900;   10;   1.4; 320;eor
        603;2025061901;   10;   2.0; 300;eor
        603;2025061902;   10;   2.1; 300;eor
        603;2025061903;   10;   1.8; 290;eor
        603;2025061904;   10;   2.0; 300;eor
        603;2025061905;   10;   1.2; 310;eor
        603;2025061906;   10;   1.1; 330;eor
        603;2025061907;   10;   1.6;  10;eor
        603;2025061908;   10;   2.5;  30;eor
        603;2025061909;   10;   2.6;  10;eor
        603;2025061910;   10;   3.0; 360;eor
        603;2025061911;   10;   3.0; 360;eor
        603;2025061912;   10;   3.7;  10;eor
        603;2025061913;   10;   3.6; 360;eor
        603;2025061914;   10;   3.3; 360;eor
        603;2025061915;   10;   3.9;  30;eor
        603;2025061916;   10;   4.5;  20;eor
        603;2025061917;   10;   4.1;  20;eor
        603;2025061918;   10;   4.1;  20;eor
        603;2025061919;   10;   4.1;  20;eor
        603;2025061920;   10;   2.9;  20;eor
        603;2025061921;   10;   1.8;  20;eor
        603;2025061922;   10;   1.5;  40;eor
        603;2025061923;   10;   0.9;  80;eor
        603;2025062000;   10;   0.5;  70;eor
        603;2025062001;   10;   0.7; 100;eor
        603;2025062002;   10;   1.4; 110;eor
        603;2025062003;   10;   1.1;  90;eor
        603;2025062004;   10;   1.1;  80;eor
        603;2025062005;   10;   1.2;  70;eor
        603;2025062006;   10;   1.6;  60;eor
        603;2025062007;   10;   2.5;  80;eor
        603;2025062008;   10;   2.7;  80;eor
        603;2025062009;   10;   2.9;  70;eor
        603;2025062010;   10;   2.9;  50;eor
        603;2025062011;   10;   2.4;  50;eor
        603;2025062012;   10;   2.9;  70;eor
        603;2025062013;   10;   2.4;  90;eor
        603;2025062014;   10;   2.3;  80;eor
        603;2025062015;   10;   2.4;  70;eor
        603;2025062016;   10;   2.6;  80;eor
        603;2025062017;   10;   2.3;  90;eor
        603;2025062018;   10;   1.8; 100;eor
        603;2025062019;   10;   0.7;  90;eor
        603;2025062020;   10;   1.2;  40;eor
        603;2025062021;   10;   1.0; 100;eor
        603;2025062022;   10;   0.9; 100;eor
        603;2025062023;   10;   0.8; 150;eor
        603;2025062100;   10;   1.4; 120;eor
        603;2025062101;   10;   1.0; 120;eor
        603;2025062102;   10;   0.7;  90;eor
        603;2025062103;   10;   0.9; 110;eor
        603;2025062104;   10;   2.1; 100;eor
        603;2025062105;   10;   1.8;  80;eor
        603;2025062106;   10;   1.3;  60;eor
        603;2025062107;   10;   2.1;  60;eor
        603;2025062108;   10;   2.5;  90;eor
        603;2025062109;   10;   2.3; 110;eor
        603;2025062110;   10;   3.6; 110;eor
        603;2025062111;   10;   4.8; 120;eor
        603;2025062112;   10;   4.4; 140;eor
        603;2025062113;   10;   3.9; 120;eor
        603;2025062114;   10;   2.8; 130;eor
        603;2025062115;   10;   2.3; 110;eor
        603;2025062116;   10;   3.1;  90;eor
        603;2025062117;   10;   4.0;  80;eor
        603;2025062118;   10;   3.4;  90;eor
        603;2025062119;   10;   2.6; 110;eor
        603;2025062120;   10;   2.2; 130;eor
        603;2025062121;   10;   2.0; 130;eor
        603;2025062122;   10;   1.8; 120;eor
        603;2025062123;   10;   1.1; 110;eor
        603;2025062200;   10;   0.7; 120;eor
        603;2025062201;   10;   0.7;  40;eor
        603;2025062202;   10;   0.7;  70;eor
        603;2025062203;   10;   0.7; 100;eor
        603;2025062204;   10;   0.7;  50;eor
        603;2025062205;   10;   0.8;  80;eor
        603;2025062206;   10;   0.7; 250;eor
        603;2025062207;   10;   1.7; 110;eor
        603;2025062208;   10;   2.5; 160;eor
        603;2025062209;   10;   3.3; 170;eor
        603;2025062210;   10;   4.5; 190;eor
        603;2025062211;   10;   3.9; 150;eor
        603;2025062212;   10;   4.6; 190;eor
        603;2025062213;   10;   5.0; 200;eor
        603;2025062214;   10;   3.7; 200;eor
        603;2025062215;   10;   5.2; 200;eor
        603;2025062216;   10;   6.0; 210;eor
        603;2025062217;   10;   4.4; 230;eor
        603;2025062218;   10;   3.9; 280;eor
        603;2025062219;   10;   3.5; 290;eor
        603;2025062220;   10;   4.0; 290;eor
        603;2025062221;   10;   3.2; 290;eor
        603;2025062222;   10;   4.3; 280;eor
        603;2025062223;   10;   4.2; 270;eor
        603;2025062300;   10;   3.7; 260;eor
        603;2025062301;   10;   2.9; 270;eor
        603;2025062302;   10;   3.2; 230;eor
        603;2025062303;   10;   4.1; 210;eor
        603;2025062304;   10;   3.6; 210;eor
        603;2025062305;   10;   3.7; 210;eor
        603;2025062306;   10;   4.2; 220;eor
        603;2025062307;   10;   4.1; 220;eor
        603;2025062308;   10;   4.6; 230;eor
        603;2025062309;   10;   6.0; 240;eor
        603;2025062310;   10;   5.8; 270;eor
        603;2025062311;   10;   6.6; 250;eor
        603;2025062312;   10;   6.7; 260;eor
        603;2025062313;   10;   8.7; 260;eor
        603;2025062314;   10;   8.5; 260;eor
        603;2025062315;   10;   8.3; 270;eor
        603;2025062316;   10;   7.6; 280;eor
        603;2025062317;   10;   5.9; 290;eor
        603;2025062318;   10;   4.5; 300;eor
        603;2025062319;   10;   2.9; 320;eor
        603;2025062320;   10;   2.2; 300;eor
        603;2025062321;   10;   1.2; 290;eor
        603;2025062322;   10;   1.2; 280;eor
        603;2025062323;   10;   1.5; 250;eor
        603;2025062400;   10;   3.1; 210;eor
        603;2025062401;   10;   3.8; 210;eor
        603;2025062402;   10;   4.6; 220;eor
        603;2025062403;   10;   4.7; 230;eor
        603;2025062404;   10;   4.8; 220;eor
        603;2025062405;   10;   4.2; 210;eor
        603;2025062406;   10;   5.0; 210;eor
        603;2025062407;   10;   4.5; 210;eor
        603;2025062408;   10;   5.3; 240;eor
        603;2025062409;   10;   5.4; 240;eor
        603;2025062410;   10;   5.7; 240;eor
        603;2025062411;   10;   5.4; 240;eor
        603;2025062412;   10;   4.9; 250;eor
        603;2025062413;   10;   5.1; 260;eor
        603;2025062414;   10;   2.9; 310;eor
        603;2025062415;   10;   2.0; 320;eor
        603;2025062416;   10;   2.4;  30;eor
        603;2025062417;   10;   1.1; 100;eor
        603;2025062418;   10;   0.7;  50;eor
        603;2025062419;   10;   2.7; 270;eor
        603;2025062420;   10;   3.1; 260;eor
        603;2025062421;   10;   2.4; 240;eor
        603;2025062422;   10;   2.7; 220;eor
        603;2025062423;   10;   2.2; 230;eor
        603;2025062500;   10;   2.5; 210;eor
        603;2025062501;   10;   2.5; 220;eor
        603;2025062502;   10;   2.9; 220;eor
        603;2025062503;   10;   3.5; 220;eor
        603;2025062504;   10;   3.0; 220;eor
        603;2025062505;   10;   2.5; 210;eor
        603;2025062506;   10;   2.9; 220;eor
        603;2025062507;   10;   3.0; 240;eor
        603;2025062508;   10;   3.3; 260;eor
        603;2025062509;   10;   3.5; 250;eor
        603;2025062510;   10;   3.6; 270;eor
        603;2025062511;   10;   3.4; 280;eor
        603;2025062512;   10;   3.7; 280;eor
        603;2025062513;   10;   3.0; 310;eor
        603;2025062514;   10;   2.5; 300;eor
        603;2025062515;   10;   2.0; 300;eor
        603;2025062516;   10;   2.5; 280;eor
        603;2025062517;   10;   2.5; 230;eor
        603;2025062518;   10;   0.9; 210;eor
        603;2025062519;   10;   0.6; 100;eor
        603;2025062520;   10;   1.0;  70;eor
        603;2025062521;   10;   0.9; 130;eor
        603;2025062522;   10;   1.4; 100;eor
        603;2025062523;   10;   1.3; 110;eor
        603;2025062600;   10;   1.5;  70;eor
        603;2025062601;   10;   1.2;  80;eor
        603;2025062602;   10;   2.9; 100;eor
        603;2025062603;   10;   7.1; 210;eor
        603;2025062604;   10;   2.6; 340;eor
        603;2025062605;   10;   1.6; 160;eor
        603;2025062606;   10;   2.7; 180;eor
        603;2025062607;   10;   3.2; 160;eor
        603;2025062608;   10;   3.5; 180;eor
        603;2025062609;   10;   4.8; 190;eor
        603;2025062610;   10;   6.4; 220;eor
        603;2025062611;   10;   5.3; 220;eor
        603;2025062612;   10;   5.2; 240;eor
        603;2025062613;   10;   5.9; 260;eor
        603;2025062614;   10;   4.7; 240;eor
        603;2025062615;   10;   5.0; 250;eor
        603;2025062616;   10;   3.7; 250;eor
        603;2025062617;   10;   4.2; 250;eor
        603;2025062618;   10;   4.6; 260;eor
        603;2025062619;   10;   2.7; 250;eor
        603;2025062620;   10;   3.2; 260;eor
        603;2025062621;   10;   3.1; 230;eor
        603;2025062622;   10;   3.7; 220;eor
        603;2025062623;   10;   4.3; 220;eor
        603;2025062700;   10;   3.8; 230;eor
        603;2025062701;   10;   3.1; 240;eor
        603;2025062702;   10;   1.7; 260;eor
        603;2025062703;   10;   1.5; 250;eor
        603;2025062704;   10;   1.7; 260;eor
        603;2025062705;   10;   1.9; 250;eor
        603;2025062706;   10;   1.9; 260;eor
        603;2025062707;   10;   2.2; 300;eor
        603;2025062708;   10;   2.4; 280;eor
        603;2025062709;   10;   2.9; 280;eor
        603;2025062710;   10;   2.8; 290;eor
        603;2025062711;   10;   2.9; 280;eor
        603;2025062712;   10;   3.7; 250;eor
        603;2025062713;   10;   3.6; 260;eor
        603;2025062714;   10;   3.4; 290;eor
        603;2025062715;   10;   3.0; 290;eor
        603;2025062716;   10;   3.4; 280;eor
        603;2025062717;   10;   4.2; 280;eor
        603;2025062718;   10;   3.8; 280;eor
        603;2025062719;   10;   2.9; 270;eor
        603;2025062720;   10;   1.0; 290;eor
        603;2025062721;   10;   0.7; 290;eor
        603;2025062722;   10;   1.2; 170;eor
        603;2025062723;   10;   1.7; 200;eor
        603;2025062800;   10;   3.3; 220;eor
        603;2025062801;   10;   3.3; 220;eor
        603;2025062802;   10;   2.6; 220;eor
        603;2025062803;   10;   3.3; 210;eor
        603;2025062804;   10;   4.0; 200;eor
        603;2025062805;   10;   4.1; 200;eor
        603;2025062806;   10;   4.1; 200;eor
        603;2025062807;   10;   3.9; 210;eor
        603;2025062808;   10;   3.8; 250;eor
        603;2025062809;   10;   4.0; 260;eor
        603;2025062810;   10;   3.3; 260;eor
        603;2025062811;   10;   3.5; 280;eor
        603;2025062812;   10;   3.2; 280;eor
        603;2025062813;   10;   3.7; 290;eor
        603;2025062814;   10;   3.3; 310;eor
        603;2025062815;   10;   3.3; 300;eor
        603;2025062816;   10;   3.1; 280;eor
        603;2025062817;   10;   2.8; 300;eor
        603;2025062818;   10;   2.8; 300;eor
        603;2025062819;   10;   2.0; 310;eor
        603;2025062820;   10;   1.8; 310;eor
        603;2025062821;   10;   1.9; 290;eor
        603;2025062822;   10;   2.5; 270;eor
        603;2025062823;   10;   2.2; 250;eor
        603;2025062900;   10;   2.7; 240;eor
        603;2025062901;   10;   2.0; 260;eor
        603;2025062902;   10;   2.1; 260;eor
        603;2025062903;   10;   2.1; 260;eor
        603;2025062904;   10;   1.9; 250;eor
        603;2025062905;   10;   2.1; 240;eor
        603;2025062906;   10;   2.5; 220;eor
        603;2025062907;   10;   2.0; 250;eor
        603;2025062908;   10;   1.6; 280;eor
        603;2025062909;   10;   1.7; 290;eor
        603;2025062910;   10;   2.0; 320;eor
        603;2025062911;   10;   2.0; 300;eor
        603;2025062912;   10;   2.2; 320;eor
        603;2025062913;   10;   2.0; 280;eor
        603;2025062914;   10;   2.3; 340;eor
        603;2025062915;   10;   2.7; 310;eor
        603;2025062916;   10;   2.7; 330;eor
        603;2025062917;   10;   2.9; 350;eor
        603;2025062918;   10;   2.2; 340;eor
        603;2025062919;   10;   2.4; 360;eor
        603;2025062920;   10;   2.1;  10;eor
        603;2025062921;   10;   1.7; 360;eor
        603;2025062922;   10;   0.8;  30;eor
        603;2025062923;   10;   1.0;  70;eor
        603;2025063000;   10;   1.5;  90;eor
        603;2025063001;   10;   1.2;  50;eor
        603;2025063002;   10;   1.3;  80;eor
        603;2025063003;   10;   1.1; 150;eor
        603;2025063004;   10;   0.4;  70;eor
        603;2025063005;   10;   0.6; 110;eor
        603;2025063006;   10;   1.4;  60;eor
        603;2025063007;   10;   2.3;  70;eor
        603;2025063008;   10;   2.1;  90;eor
        603;2025063009;   10;   2.6;  80;eor
        603;2025063010;   10;   3.1;  70;eor
        603;2025063011;   10;   2.5;  70;eor
        603;2025063012;   10;   2.9;  70;eor
        603;2025063013;   10;   2.2;  70;eor
        603;2025063014;   10;   2.5;  80;eor
        603;2025063015;   10;   2.9;  60;eor
        603;2025063016;   10;   2.9;  50;eor
        603;2025063017;   10;   2.5;  50;eor
        603;2025063018;   10;   2.6;  60;eor
        603;2025063019;   10;   2.1;  70;eor
        603;2025063020;   10;   1.4;  90;eor
        603;2025063021;   10;   1.1; 120;eor
        603;2025063022;   10;   1.4; 130;eor
        603;2025063023;   10;   1.2;  90;eor
        603;2025070100;   10;   1.2; 120;eor
        603;2025070101;   10;   2.0;  90;eor
        603;2025070102;   10;   0.9;  60;eor
        603;2025070103;   10;   1.0;  50;eor
        603;2025070104;   10;   1.2;  50;eor
        603;2025070105;   10;   1.6;  70;eor
        603;2025070106;   10;   1.4;  60;eor
        603;2025070107;   10;   1.4;  80;eor
        603;2025070108;   10;   1.1; 210;eor
        603;2025070109;   10;   1.3; 140;eor
        603;2025070110;   10;   1.3; 100;eor
        603;2025070111;   10;   2.5; 100;eor
        603;2025070112;   10;   2.9;  90;eor
        603;2025070113;   10;   3.5;  80;eor
        603;2025070114;   10;   3.2;  70;eor
        603;2025070115;   10;   2.5;  80;eor
        603;2025070116;   10;   2.8;  80;eor
        603;2025070117;   10;   2.8;  70;eor
        603;2025070118;   10;   2.8;  70;eor
        603;2025070119;   10;   1.7;  90;eor
        603;2025070120;   10;   1.5; 130;eor
        603;2025070121;   10;   1.9; 140;eor
        603;2025070122;   10;   1.9; 190;eor
        603;2025070123;   10;   1.0; 160;eor
        603;2025070200;   10;   0.7;  50;eor
        603;2025070201;   10;   0.8;  20;eor
        603;2025070202;   10;   0.8;  30;eor
        603;2025070203;   10;   0.5;  50;eor
        603;2025070204;   10;   0.9;  80;eor
        603;2025070205;   10;   0.3;  40;eor
        603;2025070206;   10;   0.6; 270;eor
        603;2025070207;   10;   1.1; 120;eor
        603;2025070208;   10;   1.3; 140;eor
        603;2025070209;   10;   1.1; 250;eor
        603;2025070210;   10;   1.2; 180;eor
        603;2025070211;   10;   1.9; 160;eor
        603;2025070212;   10;   2.5; 210;eor
        603;2025070305;   10;   2.7; 310;eor
        603;2025070306;   10;   3.1; 310;eor
        603;2025070307;   10;   2.8; 300;eor
        603;2025070308;   10;   3.1; 290;eor
        603;2025070309;   10;   3.7; 300;eor
        603;2025070310;   10;   3.4; 310;eor
        603;2025070311;   10;   3.2; 310;eor
        603;2025070312;   10;   3.5; 320;eor
        603;2025070313;   10;   3.5; 330;eor
        603;2025070314;   10;   3.3; 320;eor
        603;2025070315;   10;   3.1; 330;eor
        603;2025070316;   10;   2.9; 310;eor
        603;2025070317;   10;   2.6; 310;eor
        603;2025070318;   10;   2.8;  20;eor
        603;2025070319;   10;   2.1;  20;eor
        603;2025070320;   10;   0.9; 340;eor
        603;2025070321;   10;   0.9; 330;eor
        603;2025070322;   10;   1.7; 300;eor
        603;2025070323;   10;   2.3; 300;eor
        603;2025070400;   10;   1.4; 310;eor
        603;2025070401;   10;   1.7; 290;eor
        603;2025070402;   10;   1.8; 290;eor
        603;2025070403;   10;   2.5; 280;eor
        603;2025070404;   10;   2.6; 260;eor
        603;2025070405;   10;   2.5; 250;eor
        603;2025070406;   10;   2.5; 240;eor
        603;2025070407;   10;   1.9; 270;eor
        603;2025070408;   10;   2.0; 320;eor
        603;2025070409;   10;   2.4; 320;eor
        603;2025070410;   10;   3.3; 360;eor
        603;2025070411;   10;   2.7;  10;eor
        603;2025070412;   10;   2.5; 330;eor
        603;2025070413;   10;   2.4;  30;eor
        603;2025070414;   10;   2.1; 330;eor
        603;2025070415;   10;   2.1; 340;eor
        603;2025070416;   10;   2.4; 330;eor
        603;2025070417;   10;   2.2;  10;eor
        603;2025070418;   10;   1.4;  20;eor
        603;2025070419;   10;   1.5;  10;eor
        603;2025070420;   10;   1.1;  60;eor
        603;2025070421;   10;   0.9; 160;eor
        603;2025070422;   10;   1.0; 160;eor
        603;2025070423;   10;   1.0; 230;eor
        603;2025070500;   10;   1.3; 250;eor
        603;2025070501;   10;   0.8; 240;eor
        603;2025070502;   10;   2.6; 200;eor
        603;2025070503;   10;   2.3; 200;eor
        603;2025070504;   10;   1.7; 210;eor
        603;2025070505;   10;   1.1; 280;eor
        603;2025070506;   10;   1.1; 210;eor
        603;2025070507;   10;   2.9; 210;eor
        603;2025070508;   10;   3.1; 210;eor
        603;2025070509;   10;   3.2; 230;eor
        603;2025070510;   10;   4.1; 270;eor
        603;2025070511;   10;   4.4; 260;eor
        603;2025070512;   10;   5.0; 270;eor
        603;2025070513;   10;   4.6; 260;eor
        603;2025070514;   10;   4.4; 260;eor
        603;2025070515;   10;   4.2; 280;eor
        603;2025070516;   10;   3.5; 300;eor
        603;2025070517;   10;   4.9; 280;eor
        603;2025070518;   10;   4.8; 270;eor
        603;2025070519;   10;   5.5; 240;eor
        603;2025070520;   10;   6.1; 240;eor
        603;2025070521;   10;   4.3; 230;eor
        603;2025070522;   10;   3.9; 210;eor
        603;2025070523;   10;   4.3; 210;eor
        603;2025070600;   10;   4.5; 210;eor
        603;2025070601;   10;   3.9; 200;eor
        603;2025070602;   10;   3.8; 200;eor
        603;2025070603;   10;   4.2; 200;eor
        603;2025070604;   10;   4.9; 200;eor
        603;2025070605;   10;   5.3; 200;eor
        603;2025070606;   10;   5.5; 200;eor
        603;2025070607;   10;   4.9; 210;eor
        603;2025070608;   10;   5.4; 230;eor
        603;2025070609;   10;   2.7; 250;eor
        603;2025070610;   10;   2.9; 230;eor
        603;2025070611;   10;   5.6; 190;eor
        603;2025070612;   10;   5.7; 190;eor
        603;2025070613;   10;   4.1; 200;eor
        603;2025070614;   10;   3.4; 190;eor
        603;2025070615;   10;   3.9; 200;eor
        603;2025070616;   10;   3.9; 190;eor
        603;2025070617;   10;   5.4; 210;eor
        603;2025070618;   10;   4.3; 200;eor
        603;2025070619;   10;   3.3; 190;eor
        603;2025070620;   10;   3.0; 190;eor
        603;2025070621;   10;   3.0; 190;eor
        603;2025070622;   10;   2.8; 200;eor
        603;2025070623;   10;   3.2; 200;eor
        603;2025070700;   10;   3.5; 210;eor
        603;2025070701;   10;   3.8; 200;eor
        603;2025070702;   10;   3.5; 200;eor
        603;2025070703;   10;   3.7; 190;eor
        603;2025070704;   10;   3.8; 200;eor
        603;2025070705;   10;   3.7; 200;eor
        603;2025070706;   10;   3.2; 220;eor
        603;2025070707;   10;   2.4; 230;eor
        603;2025070708;   10;   2.8; 270;eor
        603;2025070709;   10;   3.2; 270;eor
        603;2025070710;   10;   3.3; 270;eor
        603;2025070711;   10;   2.5; 310;eor
        603;2025070712;   10;   3.2; 270;eor
        603;2025070713;   10;   3.4; 290;eor
        603;2025070714;   10;   4.6; 290;eor
        603;2025070715;   10;   2.6; 360;eor
        603;2025070716;   10;   3.2; 350;eor
        603;2025070717;   10;   3.2; 340;eor
        603;2025070718;   10;   2.1; 340;eor
        603;2025070719;   10;   1.4; 310;eor
        603;2025070720;   10;   1.9; 290;eor
        603;2025070721;   10;   3.0; 300;eor
        603;2025070722;   10;   2.5; 310;eor
        603;2025070723;   10;   2.4; 280;eor
        603;2025070800;   10;   2.5; 270;eor
        603;2025070801;   10;   2.5; 260;eor
        603;2025070802;   10;   3.3; 260;eor
        603;2025070803;   10;   3.2; 260;eor
        603;2025070804;   10;   3.6; 250;eor
        603;2025070805;   10;   3.0; 260;eor
        603;2025070806;   10;   2.6; 260;eor
        603;2025070807;   10;   3.4; 280;eor
        603;2025070808;   10;   2.8; 270;eor
        603;2025070809;   10;   4.2; 270;eor
        603;2025070810;   10;   3.5; 280;eor
        603;2025070811;   10;   4.0; 290;eor
        603;2025070812;   10;   3.6; 310;eor
        603;2025070813;   10;   3.5; 310;eor
        603;2025070814;   10;   2.9; 310;eor
        603;2025070816;   10;   4.0; 290;eor
        603;2025070817;   10;   3.9; 290;eor
        603;2025070818;   10;   2.3;  10;eor
        603;2025070819;   10;   2.5; 270;eor
        603;2025070820;   10;   1.4; 280;eor
        603;2025070821;   10;   2.1; 290;eor
        603;2025070822;   10;   2.4; 300;eor
        603;2025070823;   10;   2.7; 280;eor
        603;2025070900;   10;   3.0; 260;eor
        603;2025070901;   10;   2.7; 270;eor
        603;2025070902;   10;   3.7; 260;eor
        603;2025070903;   10;   3.6; 260;eor
        603;2025070904;   10;   3.4; 260;eor
        603;2025070905;   10;   2.4; 270;eor
        603;2025070906;   10;   2.2; 270;eor
        603;2025070907;   10;   1.7; 300;eor
        603;2025070908;   10;   2.4; 290;eor
        603;2025070909;   10;   2.8; 300;eor
        603;2025070910;   10;   1.9; 340;eor
        603;2025070911;   10;   1.8; 300;eor
        603;2025070912;   10;   1.9; 340;eor
        603;2025070913;   10;   2.3; 320;eor
        603;2025070914;   10;   2.5; 300;eor
        603;2025070915;   10;   2.8; 330;eor
        603;2025070916;   10;   2.5; 320;eor
        603;2025070917;   10;   2.6; 340;eor
        603;2025070918;   10;   1.8;  30;eor
        603;2025070919;   10;   1.2;  40;eor
        603;2025070920;   10;   0.9; 140;eor
        603;2025070921;   10;   1.2; 170;eor
        603;2025070922;   10;   2.0; 220;eor
        603;2025070923;   10;   2.7; 220;eor
        603;2025071000;   10;   1.7; 250;eor
        603;2025071001;   10;   0.7; 230;eor
        603;2025071002;   10;   2.0; 250;eor
        603;2025071003;   10;   0.7; 250;eor
        603;2025071004;   10;   0.3; 220;eor
        603;2025071005;   10;   1.2; 240;eor
        603;2025071006;   10;   1.6; 230;eor
        603;2025071007;   10;   1.9; 240;eor
        603;2025071008;   10;   1.2; 270;eor
        603;2025071009;   10;   1.6; 330;eor
        603;2025071010;   10;   2.6; 350;eor
        603;2025071011;   10;   2.5; 310;eor
        603;2025071012;   10;   2.6; 310;eor
        603;2025071013;   10;   2.8; 320;eor
        603;2025071014;   10;   3.0; 320;eor
        603;2025071015;   10;   3.3; 300;eor
        603;2025071016;   10;   3.1; 330;eor
        603;2025071017;   10;   3.4; 350;eor
        603;2025071018;   10;   3.3;  20;eor
        603;2025071019;   10;   2.7; 360;eor
        603;2025071020;   10;   2.2; 350;eor
        603;2025071021;   10;   1.7; 350;eor
        603;2025071022;   10;   1.3; 340;eor
        603;2025071023;   10;   1.0; 330;eor
        603;2025071100;   10;   0.6; 330;eor
        603;2025071101;   10;   1.5; 280;eor
        603;2025071102;   10;   1.8; 280;eor
        603;2025071103;   10;   2.1; 270;eor
        603;2025071104;   10;   1.9; 280;eor
        603;2025071105;   10;   1.6; 300;eor
        603;2025071106;   10;   1.8; 320;eor
        603;2025071107;   10;   2.4; 350;eor
        603;2025071108;   10;   2.3; 350;eor
        603;2025071109;   10;   2.7; 350;eor
        603;2025071110;   10;   2.9; 340;eor
        603;2025071111;   10;   3.5; 350;eor
        603;2025071112;   10;   3.2; 330;eor
        603;2025071113;   10;   3.3; 340;eor
        603;2025071114;   10;   3.4; 350;eor
        603;2025071115;   10;   3.2; 350;eor
        603;2025071116;   10;   3.3; 350;eor
        603;2025071117;   10;   2.7; 330;eor
        603;2025071118;   10;   2.0; 350;eor
        603;2025071119;   10;   2.5; 340;eor
        603;2025071120;   10;   2.2; 350;eor
        603;2025071121;   10;   1.5; 330;eor
        603;2025071122;   10;   1.1; 310;eor
        603;2025071123;   10;   0.6; 320;eor
        603;2025071200;   10;   1.1; 260;eor
        603;2025071201;   10;   2.3; 240;eor
        603;2025071202;   10;   3.1; 240;eor
        603;2025071203;   10;   1.6; 260;eor
        603;2025071204;   10;   2.3; 270;eor
        603;2025071205;   10;   2.1; 260;eor
        603;2025071206;   10;   1.8; 280;eor
        603;2025071207;   10;   2.3; 310;eor
        603;2025071208;   10;   2.9; 320;eor
        603;2025071209;   10;   2.6; 310;eor
        603;2025071210;   10;   3.1; 290;eor
        603;2025071211;   10;   3.4; 290;eor
        603;2025071212;   10;   3.3; 290;eor
        603;2025071213;   10;   3.2; 300;eor
        603;2025071214;   10;   3.1; 300;eor
        603;2025071215;   10;   3.1; 310;eor
        603;2025071216;   10;   2.9; 300;eor
        603;2025071217;   10;   2.8; 300;eor
        603;2025071218;   10;   2.8; 290;eor
        603;2025071219;   10;   3.0; 360;eor
        603;2025071220;   10;   1.3; 350;eor
        603;2025071221;   10;   0.9; 290;eor
        603;2025071222;   10;   1.5; 290;eor
        603;2025071223;   10;   1.8; 290;eor
        603;2025071300;   10;   2.8; 260;eor
        603;2025071301;   10;   2.7; 270;eor
        603;2025071302;   10;   3.0; 260;eor
        603;2025071303;   10;   3.3; 250;eor
        603;2025071304;   10;   2.6; 260;eor
        603;2025071305;   10;   2.3; 270;eor
        603;2025071306;   10;   2.5; 250;eor
        603;2025071307;   10;   2.5; 260;eor
        603;2025071308;   10;   2.1; 270;eor
        603;2025071309;   10;   2.5; 280;eor
        603;2025071310;   10;   1.7; 280;eor
        603;2025071311;   10;   1.8; 290;eor
        603;2025071312;   10;   1.9; 310;eor
        603;2025071313;   10;   2.1; 300;eor
        603;2025071314;   10;   2.5; 300;eor
        603;2025071315;   10;   2.7; 340;eor
        603;2025071316;   10;   2.3; 330;eor
        603;2025071317;   10;   1.3; 330;eor
        603;2025071318;   10;   0.8; 310;eor
        603;2025071319;   10;   1.2; 330;eor
        603;2025071320;   10;   1.1; 130;eor
        603;2025071321;   10;   1.4; 160;eor
        603;2025071322;   10;   0.5; 230;eor
        603;2025071323;   10;   0.8; 300;eor
        603;2025071400;   10;   0.6; 310;eor
        603;2025071401;   10;   0.4; 250;eor
        603;2025071402;   10;   0.7; 270;eor
        603;2025071403;   10;   0.6; 210;eor
        603;2025071404;   10;   1.4; 280;eor
        603;2025071405;   10;   1.4; 210;eor
        603;2025071406;   10;   1.7; 200;eor
        603;2025071407;   10;   3.4; 210;eor
        603;2025071408;   10;   3.4; 220;eor
        603;2025071409;   10;   3.6; 230;eor
        603;2025071410;   10;   3.0; 240;eor
        603;2025071411;   10;   3.7; 250;eor
        603;2025071412;   10;   3.7; 260;eor
        603;2025071413;   10;   4.2; 280;eor
        603;2025071414;   10;   2.5; 300;eor
        603;2025071415;   10;   1.5; 300;eor
        603;2025071416;   10;   3.1; 260;eor
        603;2025071417;   10;   2.2; 160;eor
        603;2025071418;   10;   1.8; 180;eor
        603;2025071419;   10;   0.9; 200;eor
        603;2025071420;   10;   0.9; 200;eor
        603;2025071421;   10;   3.0; 190;eor
        603;2025071422;   10;   3.9; 200;eor
        603;2025071423;   10;   3.8; 220;eor
        603;2025071500;   10;   2.7; 240;eor
        603;2025071501;   10;   2.9; 220;eor
        603;2025071502;   10;   5.3; 240;eor
        603;2025071503;   10;   3.2; 280;eor
        603;2025071504;   10;   1.6; 290;eor
        603;2025071505;   10;   0.6; 250;eor
        603;2025071506;   10;   1.5; 240;eor
        603;2025071507;   10;   2.4; 250;eor
        603;2025071508;   10;   3.6; 260;eor
        603;2025071509;   10;   3.8; 270;eor
        603;2025071510;   10;   4.0; 280;eor
        603;2025071511;   10;   4.1; 280;eor
        603;2025071512;   10;   4.0; 280;eor
        603;2025071513;   10;   4.7; 270;eor
        603;2025071514;   10;   5.2; 270;eor
        603;2025071515;   10;   4.9; 280;eor
        603;2025071516;   10;   4.0; 300;eor
        603;2025071517;   10;   4.1; 290;eor
        603;2025071518;   10;   3.8; 280;eor
        603;2025071519;   10;   4.0; 280;eor
        603;2025071520;   10;   2.3; 270;eor
        603;2025071521;   10;   2.7; 220;eor
        603;2025071522;   10;   3.5; 210;eor
        603;2025071523;   10;   3.8; 210;eor
        603;2025071600;   10;   3.5; 220;eor
        603;2025071601;   10;   3.2; 210;eor
        603;2025071602;   10;   3.8; 200;eor
        603;2025071603;   10;   4.4; 210;eor
        603;2025071604;   10;   3.2; 210;eor
        603;2025071605;   10;   4.2; 200;eor
        603;2025071606;   10;   3.6; 200;eor
        603;2025071607;   10;   4.3; 210;eor
        603;2025071608;   10;   5.6; 240;eor
        603;2025071609;   10;   5.5; 250;eor
        603;2025071610;   10;   5.6; 260;eor
        603;2025071611;   10;   6.0; 250;eor
        603;2025071612;   10;   6.2; 250;eor
        603;2025071613;   10;   4.8; 280;eor
        603;2025071614;   10;   3.9; 340;eor
        603;2025071615;   10;   2.8; 340;eor
        603;2025071616;   10;   1.3; 320;eor
        603;2025071617;   10;   1.7; 300;eor
        603;2025071618;   10;   2.4; 260;eor
        603;2025071619;   10;   2.4; 260;eor
        603;2025071620;   10;   1.2; 270;eor
        603;2025071621;   10;   0.8; 270;eor
        603;2025071622;   10;   1.2; 280;eor
        603;2025071623;   10;   1.7; 250;eor
        603;2025071700;   10;   2.5; 260;eor
        603;2025071701;   10;   1.9; 270;eor
        603;2025071702;   10;   2.3; 270;eor
        603;2025071703;   10;   2.2; 270;eor
        603;2025071704;   10;   2.2; 270;eor
        603;2025071705;   10;   2.0; 280;eor
        603;2025071706;   10;   1.9; 270;eor
        603;2025071707;   10;   2.5; 260;eor
        603;2025071708;   10;   2.4; 270;eor
        603;2025071709;   10;   2.0; 270;eor
        603;2025071710;   10;   2.1; 270;eor
        603;2025071711;   10;   2.5; 270;eor
        603;2025071712;   10;   2.5; 280;eor
        603;2025071713;   10;   2.1; 290;eor
        603;2025071714;   10;   2.7; 310;eor
        603;2025071715;   10;   3.3; 300;eor
        603;2025071716;   10;   2.9; 300;eor
        603;2025071717;   10;   2.5; 310;eor
        603;2025071718;   10;   2.0; 310;eor
        603;2025071719;   10;   1.6; 360;eor
        603;2025071720;   10;   0.8;  60;eor
        603;2025071721;   10;   0.5; 200;eor
        603;2025071722;   10;   0.3;  20;eor
        603;2025071723;   10;   0.7; 220;eor
        603;2025071800;   10;   1.2; 240;eor
        603;2025071801;   10;   1.5; 230;eor
        603;2025071802;   10;   0.9; 230;eor
        603;2025071803;   10;   0.6; 160;eor
        603;2025071804;   10;   1.5; 250;eor
        603;2025071805;   10;   0.4; 100;eor
        603;2025071806;   10;   0.4;  50;eor
        603;2025071807;   10;   0.8;  50;eor
        603;2025071808;   10;   1.0;  60;eor
        603;2025071809;   10;   1.0;  10;eor
        603;2025071810;   10;   1.5; 320;eor
        603;2025071811;   10;   1.9; 330;eor
        603;2025071812;   10;   2.2; 360;eor
        603;2025071813;   10;   2.3; 300;eor
        603;2025071814;   10;   1.8; 280;eor
        603;2025071815;   10;   1.3; 310;eor
        603;2025071816;   10;   1.4;  20;eor
        603;2025071817;   10;   1.9;  40;eor
        603;2025071818;   10;   1.7;  70;eor
        603;2025071819;   10;   1.0;  80;eor
        603;2025071820;   10;   0.3; 130;eor
        603;2025071821;   10;   0.6; 180;eor
        603;2025071822;   10;   0.7; 140;eor
        603;2025071823;   10;   0.5; 140;eor
        603;2025071906;   10;   3.3;  90;eor
        603;2025071907;   10;   2.9; 110;eor
        603;2025071908;   10;   4.3; 120;eor
        603;2025071909;   10;   5.6; 130;eor
        603;2025071910;   10;   5.7; 120;eor
        603;2025071911;   10;   5.1; 120;eor
        603;2025071912;   10;   5.1; 140;eor
        603;2025071913;   10;   5.1; 150;eor
        603;2025071914;   10;   5.2; 140;eor
        603;2025071915;   10;   4.6; 140;eor
        603;2025071916;   10;   5.7; 200;eor
        603;2025071917;   10;   5.9; 220;eor
        603;2025071918;   10;   5.9; 230;eor
        603;2025071919;   10;   3.8; 220;eor
        603;2025071920;   10;   3.6; 230;eor
        603;2025071921;   10;   3.7; 210;eor
        603;2025071922;   10;   2.7; 200;eor
        603;2025071923;   10;   2.4; 180;eor
        603;2025072000;   10;   3.3; 190;eor
        603;2025072001;   10;   3.7; 190;eor
        603;2025072002;   10;   2.0; 190;eor
        603;2025072003;   10;   2.1; 180;eor
        603;2025072004;   10;   1.8; 150;eor
        603;2025072005;   10;   1.0; 120;eor
        603;2025072006;   10;   0.9;  90;eor
        603;2025072007;   10;   1.3; 110;eor
        603;2025072008;   10;   3.0; 180;eor
        603;2025072009;   10;   3.3; 180;eor
        603;2025072010;   10;   3.4; 160;eor
        603;2025072011;   10;   3.1; 150;eor
        603;2025072012;   10;   4.0; 140;eor
        603;2025072013;   10;   4.3; 150;eor
        603;2025072014;   10;   4.9; 120;eor
        603;2025072015;   10;   4.1; 110;eor
        603;2025072016;   10;   3.8; 170;eor
        603;2025072017;   10;   2.9; 310;eor
        603;2025072018;   10;   1.4;  20;eor
        603;2025072019;   10;   1.2; 260;eor
        603;2025072020;   10;   1.1; 110;eor
        603;2025072021;   10;   2.6; 180;eor
        603;2025072022;   10;   2.7; 200;eor
        603;2025072023;   10;   2.3; 210;eor
        603;2025072100;   10;   4.7; 210;eor
        603;2025072101;   10;   4.8; 200;eor
        603;2025072102;   10;   4.0; 190;eor
        603;2025072103;   10;   2.9; 180;eor
        603;2025072104;   10;   1.3; 180;eor
        603;2025072105;   10;   3.4; 190;eor
        603;2025072106;   10;   3.6; 200;eor
        603;2025072107;   10;   3.2; 190;eor
        603;2025072108;   10;   3.3; 190;eor
        603;2025072109;   10;   3.3; 170;eor
        603;2025072110;   10;   3.4; 160;eor
        603;2025072111;   10;   4.0; 160;eor
        603;2025072112;   10;   4.6; 160;eor
        603;2025072113;   10;   4.5; 160;eor
        603;2025072114;   10;   4.7; 150;eor
        603;2025072115;   10;   7.8; 220;eor
        603;2025072116;   10;   5.0; 200;eor
        603;2025072117;   10;   4.7; 180;eor
        603;2025072118;   10;   3.8; 190;eor
        603;2025072119;   10;   3.5; 180;eor
        603;2025072120;   10;   2.6; 180;eor
        603;2025072121;   10;   4.5; 200;eor
        603;2025072122;   10;   4.9; 200;eor
        603;2025072123;   10;   4.8; 190;eor
        603;2025072200;   10;   4.9; 210;eor
        603;2025072201;   10;   4.3; 250;eor
        603;2025072202;   10;   3.8; 250;eor
        603;2025072203;   10;   3.4; 230;eor
        603;2025072204;   10;   3.2; 250;eor
        603;2025072205;   10;   3.9; 240;eor
        603;2025072206;   10;   3.9; 220;eor
        603;2025072207;   10;   3.6; 220;eor
        603;2025072208;   10;   4.8; 240;eor
        603;2025072209;   10;   4.4; 250;eor
        603;2025072210;   10;   4.7; 250;eor
        603;2025072211;   10;   4.2; 260;eor
        603;2025072212;   10;   4.5; 250;eor
        603;2025072213;   10;   6.4; 240;eor
        603;2025072214;   10;   5.0; 230;eor
        603;2025072215;   10;   5.4; 220;eor
        603;2025072216;   10;   5.7; 230;eor
        603;2025072217;   10;   5.8; 260;eor
        603;2025072218;   10;   4.3; 250;eor
        603;2025072219;   10;   4.4; 220;eor
        603;2025072220;   10;   4.9; 210;eor
        603;2025072221;   10;   4.4; 210;eor
        603;2025072222;   10;   5.8; 230;eor
        603;2025072223;   10;   5.2; 260;eor
        603;2025072300;   10;   2.9; 230;eor
        603;2025072301;   10;   4.7; 230;eor
        603;2025072302;   10;   4.8; 230;eor
        603;2025072303;   10;   5.1; 230;eor
        603;2025072304;   10;   3.1; 220;eor
        603;2025072305;   10;   3.9; 210;eor
        603;2025072306;   10;   4.5; 220;eor
        603;2025072307;   10;   4.4; 230;eor
        603;2025072308;   10;   4.2; 220;eor
        603;2025072309;   10;   4.9; 220;eor
        603;2025072310;   10;   3.5; 220;eor
        603;2025072311;   10;   2.1; 230;eor
        603;2025072312;   10;   3.8; 260;eor
        603;2025072313;   10;   3.5; 260;eor
        603;2025072314;   10;   4.1; 270;eor
        603;2025072315;   10;   3.0; 270;eor
        603;2025072316;   10;   2.6; 240;eor
        603;2025072317;   10;   3.0; 230;eor
        603;2025072318;   10;   2.5; 240;eor
        603;2025072319;   10;   1.4; 260;eor
        603;2025072320;   10;   1.5; 340;eor
        603;2025072321;   10;   0.9; 190;eor
        603;2025072322;   10;   3.0; 240;eor
        603;2025072323;   10;   2.9; 250;eor
        603;2025072400;   10;   2.4; 260;eor
        603;2025072401;   10;   2.7; 250;eor
        603;2025072402;   10;   1.9; 260;eor
        603;2025072403;   10;   2.4; 240;eor
        603;2025072404;   10;   2.1; 250;eor
        603;2025072405;   10;   1.4; 240;eor
        603;2025072406;   10;   1.8; 240;eor
        603;2025072407;   10;   1.4; 220;eor
        603;2025072408;   10;   1.4; 270;eor
        603;2025072409;   10;   0.9;  20;eor
        603;2025072410;   10;   1.3; 320;eor
        603;2025072411;   10;   1.6; 300;eor
        603;2025072412;   10;   2.1; 290;eor
        603;2025072413;   10;   2.3; 280;eor
        603;2025072414;   10;   1.8;  60;eor
        603;2025072415;   10;   1.6; 100;eor
        603;2025072416;   10;   1.0;  60;eor
        603;2025072417;   10;   0.8; 100;eor
        603;2025072418;   10;   1.4; 350;eor
        603;2025072419;   10;   0.8; 350;eor
        603;2025072420;   10;   0.7; 270;eor
        603;2025072421;   10;   1.0; 260;eor
        603;2025072422;   10;   0.7; 300;eor
        603;2025072423;   10;   1.7; 250;eor
        603;2025072500;   10;   2.1; 260;eor
        603;2025072501;   10;   2.7; 250;eor
        603;2025072502;   10;   2.0; 230;eor
        603;2025072503;   10;   2.3; 240;eor
        603;2025072504;   10;   2.4; 240;eor
        603;2025072505;   10;   2.6; 240;eor
        603;2025072506;   10;   1.8; 230;eor
        603;2025072507;   10;   2.0; 250;eor
        603;2025072508;   10;   1.6; 270;eor
        603;2025072509;   10;   1.6; 300;eor
        603;2025072510;   10;   1.9; 330;eor
        603;2025072511;   10;   2.6; 330;eor
        603;2025072512;   10;   2.7; 320;eor
        603;2025072513;   10;   2.9; 320;eor
        603;2025072514;   10;   3.1; 330;eor
        603;2025072515;   10;   3.4; 320;eor
        603;2025072516;   10;   3.6; 330;eor
        603;2025072517;   10;   3.5; 340;eor
        603;2025072518;   10;   4.2; 360;eor
        603;2025072519;   10;   3.3; 350;eor
        603;2025072520;   10;   1.5; 340;eor
        603;2025072521;   10;   2.1;  10;eor
        603;2025072522;   10;   1.0; 360;eor
        603;2025072523;   10;   1.6; 310;eor
        603;2025072600;   10;   1.4; 290;eor
        603;2025072601;   10;   0.9; 320;eor
        603;2025072602;   10;   0.9; 330;eor
        603;2025072603;   10;   0.9; 320;eor
        603;2025072604;   10;   1.5; 310;eor
        603;2025072605;   10;   1.8; 260;eor
        603;2025072606;   10;   1.7; 280;eor
        603;2025072607;   10;   1.9; 300;eor
        603;2025072608;   10;   2.4; 310;eor
        603;2025072609;   10;   2.3; 340;eor
        603;2025072610;   10;   2.9; 350;eor
        603;2025072611;   10;   1.9;  30;eor
        603;2025072612;   10;   2.1; 340;eor
        603;2025072613;   10;   1.9; 330;eor
        603;2025072614;   10;   2.3; 330;eor
        603;2025072615;   10;   2.6; 320;eor
        603;2025072616;   10;   2.5; 310;eor
        603;2025072617;   10;   2.9; 290;eor
        603;2025072618;   10;   1.7; 290;eor
        603;2025072619;   10;   1.5; 240;eor
        603;2025072620;   10;   2.1; 220;eor
        603;2025072621;   10;   4.9; 270;eor
        603;2025072622;   10;   1.9; 290;eor
        603;2025072623;   10;   0.5; 160;eor
        603;2025072700;   10;   1.0; 130;eor
        603;2025072701;   10;   1.0; 240;eor
        603;2025072702;   10;   1.6; 220;eor
        603;2025072703;   10;   2.2; 240;eor
        603;2025072704;   10;   1.8; 300;eor
        603;2025072705;   10;   1.1; 300;eor
        603;2025072706;   10;   1.2; 240;eor
        603;2025072707;   10;   1.0; 210;eor
        603;2025072708;   10;   1.5; 260;eor
        603;2025072709;   10;   2.0; 270;eor
        603;2025072710;   10;   2.0; 270;eor
        603;2025072711;   10;   2.1; 310;eor
        603;2025072712;   10;   2.3; 300;eor
        603;2025072713;   10;   2.6; 310;eor
        603;2025072714;   10;   2.6; 310;eor
        603;2025072715;   10;   3.4; 350;eor
        603;2025072716;   10;   3.4;  10;eor
        603;2025072717;   10;   2.9; 360;eor
        603;2025072718;   10;   2.7; 330;eor
        603;2025072719;   10;   2.0; 310;eor
        603;2025072720;   10;   2.4; 320;eor
        603;2025072721;   10;   2.4; 310;eor
        603;2025072722;   10;   2.6; 310;eor
        603;2025072723;   10;   1.8; 310;eor
        603;2025072800;   10;   1.8; 300;eor
        603;2025072801;   10;   1.8; 300;eor
        603;2025072802;   10;   2.1; 300;eor
        603;2025072803;   10;   2.1; 300;eor
        603;2025072804;   10;   1.9; 300;eor
        603;2025072805;   10;   2.7; 300;eor
        603;2025072806;   10;   2.7; 310;eor
        603;2025072807;   10;   2.1; 300;eor
        603;2025072808;   10;   2.2; 290;eor
        603;2025072809;   10;   2.6; 290;eor
        603;2025072810;   10;   3.5; 290;eor
        603;2025072811;   10;   3.4; 290;eor
        603;2025072812;   10;   3.9; 300;eor
        603;2025072813;   10;   3.7; 300;eor
        603;2025072814;   10;   3.1; 320;eor
        603;2025072815;   10;   2.7; 300;eor
        603;2025072816;   10;   4.9; 270;eor
        603;2025072817;   10;   4.3; 290;eor
        603;2025072818;   10;   5.0; 260;eor
        603;2025072819;   10;   3.1; 280;eor
        603;2025072820;   10;   2.3; 260;eor
        603;2025072821;   10;   2.3; 270;eor
        603;2025072822;   10;   2.3; 270;eor
        603;2025072823;   10;   2.6; 260;eor
        603;2025072900;   10;   2.3; 260;eor
        603;2025072901;   10;   2.0; 270;eor
        603;2025072902;   10;   2.0; 280;eor
        603;2025072903;   10;   2.6; 250;eor
        603;2025072904;   10;   2.3; 260;eor
        603;2025072905;   10;   2.9; 240;eor
        603;2025072906;   10;   3.2; 220;eor
        603;2025072907;   10;   3.4; 220;eor
        603;2025072908;   10;   3.0; 210;eor
        603;2025072909;   10;   2.7; 180;eor
        603;2025072910;   10;   3.0; 190;eor
        603;2025072911;   10;   3.5;  10;eor
        603;2025072912;   10;   1.8;  80;eor
        603;2025072913;   10;   1.5;  20;eor
        603;2025072914;   10;   1.1; 280;eor
        603;2025072915;   10;   1.9; 290;eor
        603;2025072916;   10;   1.5; 210;eor
        603;2025072917;   10;   1.0; 160;eor
        603;2025072918;   10;   1.7; 230;eor
        603;2025072919;   10;   1.9; 230;eor
        603;2025072920;   10;   2.6; 220;eor
        603;2025072921;   10;   1.6; 210;eor
        603;2025072922;   10;   2.5; 230;eor
        603;2025072923;   10;   4.1; 220;eor
        603;2025073000;   10;   3.2; 220;eor
        603;2025073001;   10;   2.4; 240;eor
        603;2025073002;   10;   2.4; 240;eor
        603;2025073003;   10;   2.6; 260;eor
        603;2025073004;   10;   2.8; 260;eor
        603;2025073005;   10;   2.6; 270;eor
        603;2025073006;   10;   2.8; 270;eor
        603;2025073007;   10;   2.5; 270;eor
        603;2025073008;   10;   2.3; 270;eor
        603;2025073009;   10;   1.9; 280;eor
        603;2025073010;   10;   3.1; 290;eor
        603;2025073011;   10;   3.1; 300;eor
        603;2025073012;   10;   2.4; 330;eor
        603;2025073013;   10;   3.2; 300;eor
        603;2025073014;   10;   3.5; 290;eor
        603;2025073015;   10;   4.7; 270;eor
        603;2025073016;   10;   4.7; 260;eor
        603;2025073017;   10;   5.4; 260;eor
        603;2025073018;   10;   3.9; 280;eor
        603;2025073019;   10;   3.5; 290;eor
        603;2025073020;   10;   1.9; 290;eor
        603;2025073021;   10;   1.8; 290;eor
        603;2025073022;   10;   1.9; 270;eor
        603;2025073023;   10;   2.3; 260;eor
        603;2025073100;   10;   2.5; 250;eor
        603;2025073101;   10;   3.4; 230;eor
        603;2025073102;   10;   4.1; 230;eor
        603;2025073103;   10;   4.5; 220;eor
        603;2025073104;   10;   5.1; 210;eor
        603;2025073105;   10;   5.4; 200;eor
        603;2025073106;   10;   5.7; 200;eor
        603;2025073107;   10;   5.0; 220;eor
        603;2025073108;   10;   5.0; 210;eor
        603;2025073109;   10;   4.9; 210;eor
        603;2025073110;   10;   3.6; 210;eor
        603;2025073111;   10;   2.3; 210;eor
        603;2025073112;   10;   1.3; 320;eor
        603;2025073113;   10;   2.6; 310;eor
        603;2025073114;   10;   3.8; 270;eor
        603;2025073115;   10;   3.8; 290;eor
        603;2025073116;   10;   4.2; 280;eor
        603;2025073117;   10;   4.4; 260;eor
        603;2025073118;   10;   3.2; 250;eor
        603;2025073119;   10;   2.9; 260;eor
        603;2025073120;   10;   1.5; 310;eor
        603;2025073121;   10;   1.8; 260;eor
        603;2025073122;   10;   3.0; 240;eor
        603;2025073123;   10;   3.1; 240;eor
        603;2025080100;   10;   3.3; 250;eor
        603;2025080101;   10;   3.4; 250;eor
        603;2025080102;   10;   3.4; 250;eor
        603;2025080103;   10;   2.8; 250;eor
        603;2025080104;   10;   2.2; 260;eor
        603;2025080105;   10;   2.0; 270;eor
        603;2025080106;   10;   1.3; 290;eor
        603;2025080107;   10;   2.8; 260;eor
        603;2025080108;   10;   3.7; 260;eor
        603;2025080109;   10;   3.8; 270;eor
        603;2025080110;   10;   3.8; 270;eor
        603;2025080111;   10;   4.3; 270;eor
        603;2025080112;   10;   4.9; 270;eor
        603;2025080113;   10;   4.7; 290;eor
        603;2025080114;   10;   4.0; 300;eor
        603;2025080115;   10;   3.6; 300;eor
        603;2025080116;   10;   3.4; 290;eor
        603;2025080117;   10;   3.0; 310;eor
        603;2025080118;   10;   2.3; 280;eor
        603;2025080119;   10;   2.0; 270;eor
        603;2025080120;   10;   2.0; 260;eor
        603;2025080121;   10;   2.4; 250;eor
        603;2025080122;   10;   2.1; 260;eor
        603;2025080123;   10;   1.8; 290;eor
        603;2025080200;   10;   2.2; 280;eor
        603;2025080201;   10;   2.3; 270;eor
        603;2025080202;   10;   2.7; 260;eor
        603;2025080203;   10;   2.6; 270;eor
        603;2025080204;   10;   2.8; 250;eor
        603;2025080205;   10;   2.7; 250;eor
        603;2025080206;   10;   2.7; 230;eor
        603;2025080207;   10;   3.1; 230;eor
        603;2025080208;   10;   3.5; 240;eor
        603;2025080209;   10;   4.0; 240;eor
        603;2025080210;   10;   4.2; 250;eor
        603;2025080211;   10;   3.7; 270;eor
        603;2025080212;   10;   4.0; 270;eor
        603;2025080213;   10;   4.0; 290;eor
        603;2025080214;   10;   2.6; 320;eor
        603;2025080215;   10;   2.6; 300;eor
        603;2025080216;   10;   3.9; 280;eor
        603;2025080217;   10;   2.3; 350;eor
        603;2025080218;   10;   3.1; 320;eor
        603;2025080219;   10;   1.5; 290;eor
        603;2025080220;   10;   2.9; 250;eor
        603;2025080221;   10;   2.8; 250;eor
        603;2025080222;   10;   2.9; 260;eor
        603;2025080223;   10;   3.8; 270;eor
        603;2025080300;   10;   3.8; 260;eor
        603;2025080301;   10;   3.6; 270;eor
        603;2025080302;   10;   3.0; 280;eor
        603;2025080303;   10;   2.2; 280;eor
        603;2025080304;   10;   2.0; 270;eor
        603;2025080305;   10;   2.6; 260;eor
        603;2025080306;   10;   2.8; 240;eor
        603;2025080307;   10;   2.9; 230;eor
        603;2025080308;   10;   3.3; 220;eor
        603;2025080309;   10;   3.3; 240;eor
        603;2025080310;   10;   4.5; 260;eor
        603;2025080311;   10;   5.1; 260;eor
        603;2025080312;   10;   5.4; 250;eor
        603;2025080313;   10;   5.6; 260;eor
        603;2025080314;   10;   4.8; 260;eor
        603;2025080315;   10;   4.9; 250;eor
        603;2025080316;   10;   4.9; 250;eor
        603;2025080317;   10;   4.6; 260;eor
        603;2025080318;   10;   3.6; 250;eor
        603;2025080319;   10;   4.5; 250;eor
        603;2025080320;   10;   4.0; 220;eor
        603;2025080321;   10;   3.9; 210;eor
        603;2025080322;   10;   4.4; 210;eor
        603;2025080323;   10;   3.5; 210;eor
        603;2025080400;   10;   4.1; 220;eor
        603;2025080401;   10;   3.2; 190;eor
        603;2025080402;   10;   4.3; 200;eor
        603;2025080403;   10;   3.6; 210;eor
        603;2025080404;   10;   3.5; 210;eor
        603;2025080405;   10;   3.0; 210;eor
        603;2025080406;   10;   2.3; 230;eor
        603;2025080407;   10;   2.7; 220;eor
        603;2025080408;   10;   2.8; 200;eor
        603;2025080409;   10;   2.7; 210;eor
        603;2025080410;   10;   3.0; 210;eor
        603;2025080411;   10;   2.6; 220;eor
        603;2025080412;   10;   3.3; 230;eor
        603;2025080413;   10;   4.6; 240;eor
        603;2025080414;   10;   4.3; 250;eor
        603;2025080415;   10;   3.6; 250;eor
        603;2025080416;   10;   4.0; 270;eor
        603;2025080417;   10;   5.0; 260;eor
        603;2025080418;   10;   5.4; 240;eor
        603;2025080419;   10;   5.0; 240;eor
        603;2025080420;   10;   3.9; 220;eor
        603;2025080421;   10;   4.0; 200;eor
        603;2025080422;   10;   3.9; 200;eor
        603;2025080423;   10;   3.2; 200;eor
        603;2025080500;   10;   3.6; 210;eor
        603;2025080501;   10;   3.0; 220;eor
        603;2025080502;   10;   3.4; 250;eor
        603;2025080503;   10;   3.3; 260;eor
        603;2025080504;   10;   2.7; 220;eor
        603;2025080505;   10;   2.5; 260;eor
        603;2025080506;   10;   2.8; 340;eor
        603;2025080507;   10;   1.7; 350;eor
        603;2025080508;   10;   1.9; 290;eor
        603;2025080509;   10;   2.6; 280;eor
        603;2025080510;   10;   2.5; 280;eor
        603;2025080511;   10;   3.7; 290;eor
        603;2025080512;   10;   4.3; 280;eor
        603;2025080513;   10;   5.3; 280;eor
        603;2025080514;   10;   4.6; 290;eor
        603;2025080515;   10;   4.9; 290;eor
        603;2025080516;   10;   4.8; 300;eor
        603;2025080517;   10;   4.7; 290;eor
        603;2025080518;   10;   3.5; 300;eor
        603;2025080519;   10;   3.5; 290;eor
        603;2025080520;   10;   2.5; 280;eor
        603;2025080521;   10;   2.5; 260;eor
        603;2025080522;   10;   2.8; 260;eor
        603;2025080523;   10;   1.3; 270;eor
        603;2025080600;   10;   2.6; 210;eor
        603;2025080601;   10;   3.5; 220;eor
        603;2025080602;   10;   2.6; 220;eor
        603;2025080603;   10;   2.7; 210;eor
        603;2025080604;   10;   2.7; 230;eor
        603;2025080605;   10;   3.4; 230;eor
        603;2025080606;   10;   2.9; 210;eor
        603;2025080607;   10;   2.8; 210;eor
        603;2025080608;   10;   3.0; 210;eor
        603;2025080609;   10;   2.3; 220;eor
        603;2025080610;   10;   1.9; 220;eor
        603;2025080611;   10;   2.3; 230;eor
        603;2025080612;   10;   2.2; 300;eor
        603;2025080613;   10;   1.8; 350;eor
        603;2025080614;   10;   2.0; 330;eor
        603;2025080615;   10;   1.8; 290;eor
        603;2025080616;   10;   1.6; 280;eor
        603;2025080617;   10;   1.3; 290;eor
        603;2025080618;   10;   0.8;  10;eor
        603;2025080619;   10;   1.2;  60;eor
        603;2025080620;   10;   1.2; 130;eor
        603;2025080621;   10;   1.2; 140;eor
        603;2025080622;   10;   0.7; 130;eor
        603;2025080623;   10;   0.7; 110;eor
        603;2025080700;   10;   0.7;  60;eor
        603;2025080701;   10;   0.5;  70;eor
        603;2025080702;   10;   0.5;  60;eor
        603;2025080703;   10;   0.7;  30;eor
        603;2025080704;   10;   0.7; 350;eor
        603;2025080705;   10;   0.2; 360;eor
        603;2025080706;   10;   0.8; 290;eor
        603;2025080707;   10;   0.7; 120;eor
        603;2025080708;   10;   1.5; 200;eor
        603;2025080709;   10;   2.8; 210;eor
        603;2025080710;   10;   2.3; 190;eor
        603;2025080711;   10;   2.3; 200;eor
        603;2025080717;   10;  -999; 300;eor
        603;2025080718;   10;   2.3; 300;eor
        603;2025080719;   10;   1.8; 290;eor
        603;2025080720;   10;   1.7; 250;eor
        603;2025080721;   10;   2.0; 210;eor
        603;2025080722;   10;   2.1; 210;eor
        603;2025080723;   10;   1.0; 190;eor
        603;2025080800;   10;   3.1; 200;eor
        603;2025080801;   10;   3.5; 190;eor
        603;2025080802;   10;   4.2; 190;eor
        603;2025080803;   10;   4.5; 200;eor
        603;2025080804;   10;   4.0; 210;eor
        603;2025080805;   10;   3.1; 210;eor
        603;2025080806;   10;   3.3; 210;eor
        603;2025080807;   10;   3.7; 200;eor
        603;2025080808;   10;   3.0; 210;eor
        603;2025080809;   10;   1.7; 310;eor
        603;2025080810;   10;   2.3; 320;eor
        603;2025080817;   10;  -999; 350;eor
        603;2025080818;   10;   1.4; 340;eor
        603;2025080819;   10;   1.8;  10;eor
        603;2025080820;   10;   0.7;  40;eor
        603;2025080821;   10;   0.6;  40;eor
        603;2025080822;   10;   0.4; 150;eor
        603;2025080823;   10;   0.7; 130;eor
        603;2025080900;   10;   0.6;  80;eor
        603;2025080901;   10;   0.4; 140;eor
        603;2025080902;   10;   0.5; 150;eor
        603;2025080903;   10;   0.5;  30;eor
        603;2025080904;   10;   0.7;  20;eor
        603;2025080905;   10;   0.4;  10;eor
        603;2025080906;   10;   0.4;  20;eor
        603;2025080907;   10;   0.4; 110;eor
        603;2025080908;   10;   0.8;  80;eor
        603;2025080909;   10;   1.0;  50;eor
        603;2025080910;   10;   1.8; 220;eor
        603;2025080919;   10;   2.5; 290;eor
        603;2025080920;   10;   2.0; 280;eor
        603;2025080921;   10;   1.7; 290;eor
        603;2025080922;   10;   1.2; 310;eor
        603;2025080923;   10;   2.0; 340;eor
        603;2025081000;   10;   1.6; 300;eor
        603;2025081001;   10;   2.0; 270;eor
        603;2025081002;   10;   2.1; 280;eor
        603;2025081003;   10;   2.1; 280;eor
        603;2025081004;   10;   1.7; 270;eor
        603;2025081005;   10;   2.3; 250;eor
        603;2025081006;   10;   0.7; 240;eor
        603;2025081007;   10;   0.6; 210;eor
        603;2025081008;   10;   1.6;  80;eor
        603;2025081009;   10;   1.9;  80;eor
        603;2025081010;   10;   2.0;  50;eor
        603;2025081019;   10;  -999; 350;eor
        603;2025081020;   10;   0.6; 360;eor
        603;2025081021;   10;   0.8; 130;eor
        603;2025081022;   10;   0.5; 180;eor
        603;2025081023;   10;   0.5; 120;eor
        603;2025081100;   10;   0.9;  70;eor
        603;2025081101;   10;   0.9;  90;eor
        603;2025081102;   10;   0.8;  50;eor
        603;2025081103;   10;   1.3;  40;eor
        603;2025081104;   10;   0.9;  70;eor
        603;2025081105;   10;   1.0;  40;eor
        603;2025081106;   10;   0.9;  70;eor
        603;2025081107;   10;   1.6;  80;eor
        603;2025081108;   10;   2.3;  90;eor
        603;2025081109;   10;   4.2; 110;eor
        603;2025081110;   10;   3.8; 110;eor
        603;2025081308;   10;   0.9; 220;eor
        603;2025081309;   10;   0.8; 220;eor
        603;2025081310;   10;   1.7; 250;eor
        603;2025081311;   10;   1.8; 250;eor
        603;2025081312;   10;   1.2; 330;eor
        603;2025081313;   10;   1.3; 170;eor
        603;2025081314;   10;   1.4;  20;eor
        603;2025081315;   10;   1.4;  40;eor
        603;2025081316;   10;   0.9; 340;eor
        603;2025081317;   10;   1.5;  30;eor
        603;2025081318;   10;   1.7;  50;eor
        603;2025081319;   10;   1.1;  40;eor
        603;2025081320;   10;   1.1; 140;eor
        603;2025081321;   10;   1.1; 260;eor
        603;2025081322;   10;   1.5; 280;eor
        603;2025081323;   10;   0.9; 270;eor
        603;2025081400;   10;   2.4; 240;eor
        603;2025081401;   10;   2.8; 250;eor
        603;2025081402;   10;   2.0; 230;eor
        603;2025081403;   10;   1.0; 270;eor
        603;2025081404;   10;   2.8; 250;eor
        603;2025081405;   10;   1.9; 210;eor
        603;2025081406;   10;   1.4; 230;eor
        603;2025081407;   10;   1.5; 210;eor
        603;2025081408;   10;   1.3;  60;eor
        603;2025081409;   10;   1.2;  30;eor
        603;2025081410;   10;   1.4; 270;eor
        603;2025081411;   10;   1.7; 310;eor
        603;2025081412;   10;   1.1; 300;eor
        603;2025081413;   10;   2.0; 300;eor
        603;2025081414;   10;   2.2; 310;eor
        603;2025081415;   10;   1.6; 360;eor
        603;2025081416;   10;   1.5; 340;eor
        603;2025081417;   10;   1.7;  20;eor
        603;2025081418;   10;   1.7;  10;eor
        603;2025081419;   10;   1.4; 340;eor
        603;2025081420;   10;   1.3; 320;eor
        603;2025081421;   10;   1.7; 300;eor
        603;2025081422;   10;   1.6; 300;eor
        603;2025081423;   10;   2.9; 290;eor
        603;2025081500;   10;   2.8; 280;eor
        603;2025081501;   10;   2.3; 270;eor
        603;2025081502;   10;   2.7; 280;eor
        603;2025081503;   10;   2.5; 280;eor
        603;2025081504;   10;   2.2; 270;eor
        603;2025081505;   10;   2.1; 270;eor
        603;2025081506;   10;   1.9; 280;eor
        603;2025081507;   10;   2.1; 290;eor
        603;2025081508;   10;   2.5; 300;eor
        603;2025081509;   10;   2.8; 290;eor
        603;2025081510;   10;   2.6; 310;eor
        603;2025081511;   10;   2.9; 330;eor
        603;2025081512;   10;   2.5; 330;eor
        603;2025081513;   10;   2.9; 350;eor
        603;2025081514;   10;   3.0; 350;eor
        603;2025081515;   10;   3.7; 360;eor
        603;2025081516;   10;   3.6; 360;eor
        603;2025081517;   10;   3.2;  10;eor
        603;2025081518;   10;   2.8; 360;eor
        603;2025081519;   10;   2.1; 350;eor
        603;2025081520;   10;   2.1; 350;eor
        603;2025081521;   10;   1.9; 360;eor
        603;2025081522;   10;   1.3; 360;eor
        603;2025081523;   10;   1.5; 320;eor
        603;2025081600;   10;   1.4; 300;eor
        603;2025081601;   10;   2.3; 290;eor
        603;2025081602;   10;   2.0; 290;eor
        603;2025081603;   10;   2.0; 300;eor
        603;2025081604;   10;   1.9; 300;eor
        603;2025081605;   10;   1.9; 300;eor
        603;2025081606;   10;   2.0; 350;eor
        603;2025081607;   10;   2.5; 350;eor
        603;2025081608;   10;   2.5; 360;eor
        603;2025081609;   10;   2.5; 360;eor
        603;2025081610;   10;   2.4; 350;eor
        603;2025081611;   10;   2.4; 340;eor
        603;2025081612;   10;   2.5; 340;eor
        603;2025081613;   10;   2.8; 350;eor
        603;2025081614;   10;   2.9; 350;eor
        603;2025081615;   10;   3.1; 360;eor
        603;2025081616;   10;   3.0; 360;eor
        603;2025081617;   10;   2.8; 350;eor
        603;2025081618;   10;   2.6; 350;eor
        603;2025081619;   10;   2.3; 360;eor
        603;2025081620;   10;   1.7; 360;eor
        603;2025081621;   10;   1.7; 340;eor
        603;2025081622;   10;   2.2; 340;eor
        603;2025081623;   10;   1.8; 340;eor
        603;2025081700;   10;   2.7; 350;eor
        603;2025081701;   10;   3.1;  20;eor
        603;2025081702;   10;   2.6;  10;eor
        603;2025081703;   10;   1.0; 360;eor
        603;2025081704;   10;   1.5; 310;eor
        603;2025081705;   10;   1.7; 330;eor
        603;2025081706;   10;   1.3; 340;eor
        603;2025081707;   10;   1.8; 360;eor
        603;2025081708;   10;   2.2; 350;eor
        603;2025081709;   10;   3.6;  30;eor
        603;2025081710;   10;   2.7; 360;eor
        603;2025081711;   10;   2.8; 340;eor
        603;2025081712;   10;   3.1; 350;eor
        603;2025081713;   10;   3.1; 350;eor
        603;2025081714;   10;   3.2; 350;eor
        603;2025081715;   10;   4.1; 360;eor
        603;2025081716;   10;   4.1;  10;eor
        603;2025081717;   10;   3.2;  10;eor
        603;2025081718;   10;   2.8; 360;eor
        603;2025081719;   10;   2.0; 350;eor
        603;2025081720;   10;   1.5; 350;eor
        603;2025081721;   10;   2.0; 350;eor
        603;2025081722;   10;   1.7;  10;eor
        603;2025081723;   10;   1.3;  20;eor
        603;2025081800;   10;   1.0;  20;eor
        603;2025081801;   10;   1.4;  60;eor
        603;2025081802;   10;   1.1;  90;eor
        603;2025081803;   10;   1.0;  80;eor
        603;2025081804;   10;   1.6;  50;eor
        603;2025081805;   10;   1.6;  70;eor
        603;2025081806;   10;   1.4;  50;eor
        603;2025081807;   10;   2.2;  70;eor
        603;2025081808;   10;   2.3;  70;eor
        603;2025081809;   10;   2.3;  60;eor
        603;2025081810;   10;   3.5;  70;eor
        603;2025081811;   10;   3.7;  70;eor
        603;2025081812;   10;   3.2;  80;eor
        603;2025081813;   10;   3.6;  80;eor
        603;2025081814;   10;   3.4;  90;eor
        603;2025081815;   10;   3.6;  60;eor
        603;2025081816;   10;   3.2;  60;eor
        603;2025081817;   10;   2.7;  70;eor
        603;2025081818;   10;   2.2; 100;eor
        603;2025081819;   10;   0.7;  70;eor
        603;2025081820;   10;   0.6; 170;eor
        603;2025081821;   10;   1.3; 130;eor
        603;2025081822;   10;   1.8; 120;eor
        603;2025081823;   10;   1.4; 110;eor
        603;2025081900;   10;   0.9; 100;eor
        603;2025081901;   10;   0.5;  80;eor
        603;2025081902;   10;   0.3; 200;eor
        603;2025081903;   10;   0.6;  60;eor
        603;2025081904;   10;   0.6;  90;eor
        603;2025081905;   10;   0.7; 140;eor
        603;2025081906;   10;   1.0; 130;eor
        603;2025081907;   10;   1.0;  60;eor
        603;2025081908;   10;   1.4;  70;eor
        603;2025081909;   10;   1.4;  30;eor
        603;2025081910;   10;   2.2;  80;eor
        603;2025081911;   10;   2.6;  80;eor
        603;2025081912;   10;   2.6; 100;eor
        603;2025081913;   10;   2.4;  50;eor
        603;2025081914;   10;   1.6; 340;eor
        603;2025081915;   10;   1.8; 340;eor
        603;2025081916;   10;   1.4;  60;eor
        603;2025081917;   10;   2.3;  40;eor
        603;2025081918;   10;   2.4;  20;eor
        603;2025081919;   10;   1.5;  10;eor
        603;2025081920;   10;   0.4; 300;eor
        603;2025081921;   10;   0.6;  50;eor
        603;2025081922;   10;   0.5;  70;eor
        603;2025081923;   10;   1.4; 320;eor
        603;2025082000;   10;   1.8; 310;eor
        603;2025082001;   10;   2.0; 320;eor
        603;2025082002;   10;   2.2; 300;eor
        603;2025082003;   10;   2.3; 300;eor
        603;2025082004;   10;   1.5; 300;eor
        603;2025082005;   10;   1.7; 280;eor
        603;2025082006;   10;   1.9; 300;eor
        603;2025082007;   10;   1.8; 300;eor
        603;2025082008;   10;   2.7; 280;eor
        603;2025082009;   10;   3.1; 290;eor
        603;2025082010;   10;   3.3; 290;eor
        603;2025082011;   10;   3.3; 300;eor
        603;2025082012;   10;   3.0; 320;eor
        603;2025082013;   10;   2.7; 340;eor
        603;2025082014;   10;   3.0; 360;eor
        603;2025082015;   10;   2.8; 350;eor
        603;2025082016;   10;   2.8; 360;eor
        603;2025082017;   10;   3.1; 360;eor
        603;2025082018;   10;   1.8;  10;eor
        603;2025082019;   10;   2.7; 360;eor
        603;2025082020;   10;   2.6;  10;eor
        603;2025082021;   10;   1.8;  20;eor
        603;2025082022;   10;   1.1;  50;eor
        603;2025082023;   10;   1.6;  10;eor
        603;2025082100;   10;   0.7; 300;eor
        603;2025082101;   10;   1.3; 310;eor
        603;2025082102;   10;   1.0; 300;eor
        603;2025082103;   10;   2.1; 290;eor
        603;2025082104;   10;   1.9; 300;eor
        603;2025082105;   10;   1.9; 270;eor
        603;2025082106;   10;   1.9; 260;eor
        603;2025082107;   10;   1.7; 280;eor
        603;2025082108;   10;   2.6; 300;eor
        603;2025082109;   10;   2.7; 310;eor
        603;2025082110;   10;   2.7; 320;eor
        603;2025082111;   10;   2.8; 320;eor
        603;2025082112;   10;   3.2; 350;eor
        603;2025082113;   10;   4.0; 350;eor
        603;2025082114;   10;   4.2; 340;eor
        603;2025082115;   10;   4.6; 360;eor
        603;2025082116;   10;   4.5; 360;eor
        603;2025082117;   10;   4.5;  10;eor
        603;2025082118;   10;   3.6; 350;eor
        603;2025082119;   10;   2.9; 350;eor
        603;2025082120;   10;   3.1; 350;eor
        603;2025082121;   10;   2.4; 340;eor
        603;2025082122;   10;   2.7; 340;eor
        603;2025082123;   10;   2.5; 340;eor
        603;2025082200;   10;   2.0; 340;eor
        603;2025082201;   10;   1.9; 330;eor
        603;2025082202;   10;   2.3; 340;eor
        603;2025082203;   10;   2.2; 340;eor
        603;2025082204;   10;   0.7; 320;eor
        603;2025082205;   10;   0.6; 270;eor
        603;2025082206;   10;   1.0; 280;eor
        603;2025082207;   10;   1.3; 270;eor
        603;2025082208;   10;   2.2; 250;eor
        603;2025082209;   10;   1.8; 290;eor
        603;2025082210;   10;   1.7; 300;eor
        603;2025082211;   10;   1.9; 350;eor
        603;2025082212;   10;   2.2; 320;eor
        603;2025082213;   10;   2.2; 300;eor
        603;2025082214;   10;   2.2; 280;eor
        603;2025082215;   10;   2.3; 290;eor
        603;2025082216;   10;   1.7; 310;eor
        603;2025082217;   10;   2.1; 310;eor
        603;2025082218;   10;   1.7; 310;eor
        603;2025082219;   10;   1.6; 300;eor
        603;2025082220;   10;   1.7; 290;eor
        603;2025082221;   10;   1.9; 280;eor
        603;2025082222;   10;   1.6; 280;eor
        603;2025082223;   10;   1.4; 270;eor
        603;2025082300;   10;   1.5; 270;eor
        603;2025082301;   10;   1.7; 270;eor
        603;2025082302;   10;   2.1; 270;eor
        603;2025082303;   10;   2.3; 250;eor
        603;2025082304;   10;   2.8; 240;eor
        603;2025082305;   10;   2.8; 230;eor
        603;2025082306;   10;   1.8; 250;eor
        603;2025082307;   10;   2.1; 250;eor
        603;2025082308;   10;   2.4; 270;eor
        603;2025082309;   10;   1.7; 280;eor
        603;2025082310;   10;   2.6; 290;eor
        603;2025082311;   10;   3.0; 270;eor
        603;2025082312;   10;   2.9; 260;eor
        603;2025082313;   10;   3.5; 260;eor
        603;2025082314;   10;   3.1; 350;eor
        603;2025082315;   10;   2.4; 280;eor
        603;2025082316;   10;   2.4; 290;eor
        603;2025082317;   10;   2.2; 340;eor
        603;2025082318;   10;   1.7; 360;eor
        603;2025082319;   10;   1.4;  20;eor
        603;2025082320;   10;   0.8; 360;eor
        603;2025082321;   10;   0.3; 360;eor
        603;2025082322;   10;   0.6; 250;eor
        603;2025082323;   10;   1.4; 250;eor
        603;2025082400;   10;   1.5; 250;eor
        603;2025082401;   10;   0.9; 240;eor
        603;2025082402;   10;   1.5; 250;eor
        603;2025082403;   10;   0.7; 160;eor
        603;2025082404;   10;   0.9; 240;eor
        603;2025082405;   10;   0.9; 290;eor
        603;2025082406;   10;   0.7;  60;eor
        603;2025082407;   10;   0.7;  40;eor
        603;2025082408;   10;   0.8; 100;eor
        603;2025082409;   10;   1.2;  40;eor
        603;2025082410;   10;   1.7; 340;eor
        603;2025082411;   10;   2.0; 360;eor
        603;2025082412;   10;   1.8; 340;eor
        603;2025082413;   10;   2.0; 360;eor
        603;2025082414;   10;   2.9;  10;eor
        603;2025082415;   10;   2.5;  20;eor
        603;2025082416;   10;   2.8; 360;eor
        603;2025082417;   10;   2.5;  10;eor
        603;2025082418;   10;   2.8;  10;eor
        603;2025082419;   10;   1.8;  30;eor
        603;2025082420;   10;   0.7; 130;eor
        603;2025082421;   10;   1.1; 150;eor
        603;2025082422;   10;   0.8; 130;eor
        603;2025082423;   10;   0.2; 270;eor
        603;2025082500;   10;   1.1; 220;eor
        603;2025082501;   10;   0.5; 360;eor
        603;2025082502;   10;   1.0; 270;eor
        603;2025082503;   10;   0.7;  40;eor
        603;2025082504;   10;   0.4;  70;eor
        603;2025082505;   10;   0.4;  60;eor
        603;2025082506;   10;   0.7; 360;eor
        603;2025082507;   10;   0.6;  60;eor
        603;2025082508;   10;   0.8;  50;eor
        603;2025082509;   10;   1.1;  50;eor
        603;2025082510;   10;   1.2;  90;eor
        603;2025082511;   10;   1.6;  80;eor
        603;2025082512;   10;   2.0;  50;eor
        603;2025082513;   10;   1.6; 160;eor
        603;2025082514;   10;   1.6; 110;eor
        603;2025082515;   10;   1.9;  80;eor
        603;2025082516;   10;   1.6;  10;eor
        603;2025082517;   10;   1.5; 360;eor
        603;2025082518;   10;   2.1;  20;eor
        603;2025082519;   10;   1.2;  30;eor
        603;2025082520;   10;   0.6; 130;eor
        603;2025082521;   10;   0.8; 140;eor
        603;2025082522;   10;   0.6;  80;eor
        603;2025082523;   10;   0.9;  70;eor
        603;2025082600;   10;   1.3;  80;eor
        603;2025082601;   10;   2.1; 100;eor
        603;2025082602;   10;   1.4;  70;eor
        603;2025082603;   10;   0.9;  10;eor
        603;2025082604;   10;   0.7;  30;eor
        603;2025082605;   10;   0.8;  30;eor
        603;2025082606;   10;   0.4;  90;eor
        603;2025082607;   10;   0.5;  10;eor
        603;2025082608;   10;   1.0; 260;eor
        603;2025082609;   10;   0.9; 100;eor
        603;2025082610;   10;   2.1; 200;eor
        603;2025082611;   10;   2.9; 170;eor
        603;2025082612;   10;   3.6; 150;eor
        603;2025082613;   10;   3.9; 150;eor
        603;2025082614;   10;   4.4; 200;eor
        603;2025082615;   10;   5.4; 220;eor
        603;2025082616;   10;   4.2; 210;eor
        603;2025082617;   10;   2.8; 190;eor
        603;2025082618;   10;   2.2; 220;eor
        603;2025082619;   10;   2.5; 180;eor
        603;2025082620;   10;   2.0; 160;eor
        603;2025082621;   10;   1.2; 150;eor
        603;2025082622;   10;   2.9; 200;eor
        603;2025082623;   10;   4.7; 200;eor
        603;2025082700;   10;   5.3; 240;eor
        603;2025082701;   10;   3.1; 250;eor
        603;2025082702;   10;   2.8; 220;eor
        603;2025082703;   10;   2.3; 230;eor
        603;2025082704;   10;   1.9; 230;eor
        603;2025082705;   10;   1.5; 240;eor
        603;2025082706;   10;   0.6; 150;eor
        603;2025082707;   10;   0.7; 100;eor
        603;2025082708;   10;   0.9;  90;eor
        603;2025082709;   10;   1.8; 150;eor
        603;2025082710;   10;   2.7; 190;eor
        603;2025082711;   10;   3.2; 190;eor
        603;2025082712;   10;   3.0; 160;eor
        603;2025082713;   10;   5.0; 200;eor
        603;2025082714;   10;   4.2; 240;eor
        603;2025082715;   10;   5.0; 220;eor
        603;2025082716;   10;   6.1; 220;eor
        603;2025082717;   10;   5.8; 210;eor
        603;2025082718;   10;   5.3; 210;eor
        603;2025082719;   10;   4.4; 210;eor
        603;2025082720;   10;   4.7; 200;eor
        603;2025082721;   10;   5.4; 200;eor
        603;2025082722;   10;   5.1; 210;eor
        603;2025082723;   10;   5.1; 210;eor
        603;2025082800;   10;   1.5; 190;eor
        603;2025082801;   10;   0.9; 170;eor
        603;2025082802;   10;   1.5; 190;eor
        603;2025082803;   10;   3.2; 200;eor
        603;2025082804;   10;   3.4; 200;eor
        603;2025082805;   10;   0.9;  60;eor
        603;2025082806;   10;   1.1; 130;eor
        603;2025082807;   10;   1.1; 140;eor
        603;2025082808;   10;   3.8; 210;eor
        603;2025082809;   10;   3.8; 200;eor
        603;2025082810;   10;   4.6; 200;eor
        603;2025082811;   10;   3.5; 200;eor
        603;2025082812;   10;   4.3; 190;eor
        603;2025082813;   10;   4.3; 220;eor
        603;2025082814;   10;   3.1; 190;eor
        603;2025082815;   10;   3.4; 180;eor
        603;2025082816;   10;   3.7; 160;eor
        603;2025082817;   10;   3.8; 160;eor
        603;2025082818;   10;   3.0; 170;eor
        603;2025082819;   10;   3.2; 190;eor
        603;2025082820;   10;   2.7; 240;eor
        603;2025082821;   10;   1.2; 220;eor
        603;2025082822;   10;   2.1; 210;eor
        603;2025082823;   10;   0.9; 140;eor
        603;2025082900;   10;   2.4; 200;eor
        603;2025082901;   10;   3.7; 220;eor
        603;2025082902;   10;   4.1; 210;eor
        603;2025082903;   10;   4.5; 210;eor
        603;2025082904;   10;   4.8; 200;eor
        603;2025082905;   10;   4.1; 190;eor
        603;2025082906;   10;   3.3; 190;eor
        603;2025082907;   10;   3.1; 170;eor
        603;2025082908;   10;   3.3; 180;eor
        603;2025082909;   10;   4.2; 180;eor
        603;2025082910;   10;   4.9; 180;eor
        603;2025082911;   10;   7.1; 190;eor
        603;2025082912;   10;   7.0; 190;eor
        603;2025082913;   10;   5.8; 190;eor
        603;2025082914;   10;   5.6; 190;eor
        603;2025082915;   10;   4.7; 160;eor
        603;2025082916;   10;   5.5; 170;eor
        603;2025082917;   10;   4.7; 190;eor
        603;2025082918;   10;   4.1; 170;eor
        603;2025082919;   10;   4.8; 180;eor
        603;2025082920;   10;   3.4; 170;eor
        603;2025082921;   10;   2.6; 170;eor
        603;2025082922;   10;   2.3; 180;eor
        603;2025082923;   10;   3.2; 200;eor
        603;2025083000;   10;   4.2; 200;eor
        603;2025083001;   10;   4.8; 200;eor
        603;2025083002;   10;   4.3; 200;eor
        603;2025083003;   10;   4.8; 200;eor
        603;2025083004;   10;   5.0; 200;eor
        603;2025083005;   10;   4.4; 200;eor
        603;2025083006;   10;   3.8; 200;eor
        603;2025083007;   10;   4.0; 200;eor
        603;2025083008;   10;   4.4; 210;eor
        603;2025083009;   10;   6.1; 210;eor
        603;2025083010;   10;   6.2; 220;eor
        603;2025083011;   10;   5.7; 230;eor
        603;2025083012;   10;   4.5; 240;eor
        603;2025083013;   10;   3.5; 240;eor
        603;2025083014;   10;   5.5; 220;eor
        603;2025083015;   10;   4.4; 230;eor
        603;2025083016;   10;   2.5; 210;eor
        603;2025083017;   10;   5.9; 220;eor
        603;2025083018;   10;   4.5; 210;eor
        603;2025083019;   10;   3.9; 210;eor
        603;2025083020;   10;   3.2; 200;eor
        603;2025083021;   10;   2.7; 180;eor
        603;2025083022;   10;   2.8; 180;eor
        603;2025083023;   10;   3.5; 170;eor
        603;2025083100;   10;   4.0; 180;eor
        603;2025083101;   10;   4.1; 180;eor
        603;2025083102;   10;   4.1; 170;eor
        603;2025083103;   10;   4.4; 170;eor
        603;2025083104;   10;   4.8; 170;eor
        603;2025083105;   10;   5.1; 170;eor
        603;2025083106;   10;   4.2; 160;eor
        603;2025083107;   10;   3.8; 160;eor
        603;2025083108;   10;   4.8; 170;eor
        603;2025083109;   10;   4.1; 170;eor
        603;2025083110;   10;   4.4; 160;eor
        603;2025083111;   10;   5.2; 160;eor
        603;2025083112;   10;   4.5; 170;eor
        603;2025083113;   10;   5.0; 170;eor
        603;2025083114;   10;   5.0; 180;eor
        603;2025083115;   10;   4.9; 180;eor
        603;2025083116;   10;   4.6; 150;eor
        603;2025083117;   10;   4.2; 170;eor
        603;2025083118;   10;   3.1; 170;eor
        603;2025083119;   10;   1.4; 150;eor
        603;2025083120;   10;   2.0; 110;eor
        603;2025083121;   10;   1.5; 100;eor
        603;2025083122;   10;   2.6; 110;eor
        603;2025083123;   10;   1.4; 340;eor
        603;2025090100;   10;   1.5; 310;eor
        603;2025090101;   10;   2.8; 270;eor
        603;2025090102;   10;   4.3; 250;eor
        603;2025090103;   10;   3.3; 230;eor
        603;2025090104;   10;   4.3; 230;eor
        603;2025090105;   10;   2.2; 250;eor
        603;2025090106;   10;   1.6; 180;eor
        603;2025090107;   10;   4.7; 210;eor
        603;2025090108;   10;   4.3; 210;eor
        603;2025090109;   10;   4.9; 210;eor
        603;2025090110;   10;   3.5; 200;eor
        603;2025090111;   10;   2.8; 190;eor
        603;2025090112;   10;   2.9; 160;eor
        603;2025090113;   10;   3.3; 170;eor
        603;2025090114;   10;   3.4; 150;eor
        603;2025090115;   10;   4.0; 140;eor
        603;2025090116;   10;   3.9; 160;eor
        603;2025090117;   10;   3.2; 170;eor
        603;2025090118;   10;   3.2; 190;eor
        603;2025090119;   10;   3.7; 180;eor
        603;2025090120;   10;   3.4; 180;eor
        603;2025090121;   10;   3.3; 200;eor
        603;2025090122;   10;   2.3; 180;eor
        603;2025090123;   10;   0.7;  90;eor
        603;2025090200;   10;   1.8; 200;eor
        603;2025090201;   10;   2.7; 200;eor
        603;2025090202;   10;   3.1; 230;eor
        603;2025090203;   10;   3.1; 200;eor
        603;2025090204;   10;   3.3; 210;eor
        603;2025090205;   10;   5.5; 210;eor
        603;2025090206;   10;   5.3; 210;eor
        603;2025090207;   10;   6.0; 220;eor
        603;2025090208;   10;   5.5; 220;eor
        603;2025090209;   10;   3.7; 200;eor
        603;2025090210;   10;   3.9; 210;eor
        603;2025090211;   10;   4.0; 200;eor
        603;2025090212;   10;   5.2; 210;eor
        603;2025090213;   10;   5.7; 210;eor
        603;2025090214;   10;   5.4; 200;eor
        603;2025090215;   10;   5.5; 210;eor
        603;2025090216;   10;   5.9; 220;eor
        603;2025090217;   10;   4.5; 210;eor
        603;2025090218;   10;   4.5; 190;eor
        603;2025090219;   10;   3.2; 180;eor
        603;2025090220;   10;   3.2; 170;eor
        603;2025090221;   10;   4.2; 170;eor
        603;2025090222;   10;   4.7; 170;eor
        603;2025090223;   10;   5.6; 180;eor
        603;2025090300;   10;   5.8; 180;eor
        603;2025090301;   10;   5.2; 180;eor
        603;2025090302;   10;   5.3; 170;eor
        603;2025090303;   10;   4.3; 170;eor
        603;2025090304;   10;   4.1; 160;eor
        603;2025090305;   10;   4.3; 160;eor
        603;2025090306;   10;   4.4; 160;eor
        603;2025090307;   10;   5.2; 160;eor
        603;2025090308;   10;   5.1; 170;eor
        603;2025090309;   10;   5.5; 190;eor
        603;2025090310;   10;   5.2; 190;eor
        603;2025090311;   10;   6.5; 200;eor
        603;2025090312;   10;   7.5; 190;eor
        603;2025090313;   10;   6.7; 180;eor
        603;2025090314;   10;   6.2; 190;eor
        603;2025090315;   10;   4.0; 170;eor
        603;2025090316;   10;   4.0; 180;eor
        603;2025090317;   10;   5.0; 170;eor
        603;2025090318;   10;   5.1; 170;eor
        603;2025090319;   10;   5.0; 170;eor
        603;2025090320;   10;   5.0; 160;eor
        603;2025090321;   10;   5.1; 160;eor
        603;2025090322;   10;   4.0; 170;eor
        603;2025090323;   10;   3.4; 200;eor
        603;2025090400;   10;   2.8; 200;eor
        603;2025090401;   10;   4.4; 210;eor
        603;2025090402;   10;   4.4; 200;eor
        603;2025090403;   10;   5.1; 210;eor
        603;2025090404;   10;   4.9; 220;eor
        603;2025090405;   10;   3.4; 210;eor
        603;2025090406;   10;   3.4; 210;eor
        603;2025090407;   10;   4.0; 190;eor
        603;2025090408;   10;   4.6; 190;eor
        603;2025090409;   10;   5.5; 210;eor
        603;2025090410;   10;   4.9; 220;eor
        603;2025090411;   10;   6.4; 200;eor
        603;2025090412;   10;   7.0; 210;eor
        603;2025090413;   10;   5.1; 210;eor
        603;2025090414;   10;   3.9; 200;eor
        603;2025090415;   10;   3.5; 170;eor
        603;2025090416;   10;   4.2; 180;eor
        603;2025090417;   10;   4.7; 190;eor
        603;2025090418;   10;   2.8; 170;eor
        603;2025090419;   10;   3.2; 170;eor
        603;2025090420;   10;   3.5; 180;eor
        603;2025090421;   10;   4.3; 240;eor
        603;2025090422;   10;   2.8; 230;eor
        603;2025090423;   10;   2.8; 210;eor
        603;2025090500;   10;   3.7; 210;eor
        603;2025090501;   10;   3.0; 220;eor
        603;2025090502;   10;   3.7; 240;eor
        603;2025090503;   10;   2.8; 260;eor
        603;2025090504;   10;   3.1; 250;eor
        603;2025090505;   10;   4.5; 230;eor
        603;2025090506;   10;   3.4; 230;eor
        603;2025090507;   10;   4.3; 240;eor
        603;2025090508;   10;   3.7; 230;eor
        603;2025090509;   10;   4.0; 250;eor
        603;2025090510;   10;   3.0; 270;eor
        603;2025090511;   10;   2.4; 280;eor
        603;2025090512;   10;   3.4; 260;eor
        603;2025090513;   10;   3.4; 250;eor
        603;2025090514;   10;   2.0; 310;eor
        603;2025090515;   10;   2.3; 310;eor
        603;2025090516;   10;   1.4; 300;eor
        603;2025090517;   10;   3.9; 200;eor
        603;2025090518;   10;   3.2; 190;eor
        603;2025090519;   10;   1.2; 180;eor
        603;2025090520;   10;   0.8; 150;eor
        603;2025090521;   10;   0.6; 160;eor
        603;2025090522;   10;   0.8; 250;eor
        603;2025090523;   10;   0.9; 100;eor
        603;2025090600;   10;   0.9; 180;eor
        603;2025090601;   10;   0.6;  40;eor
        603;2025090602;   10;   0.5;  60;eor
        603;2025090603;   10;   0.6;  80;eor
        603;2025090604;   10;   0.5;  20;eor
        603;2025090605;   10;   0.4;  70;eor
        603;2025090606;   10;   0.3;  70;eor
        603;2025090607;   10;   0.6;  50;eor
        603;2025090608;   10;   0.6;  90;eor
        603;2025090609;   10;   1.0;  60;eor
        603;2025090610;   10;   2.5;  90;eor
        603;2025090611;   10;   3.0; 120;eor
        603;2025090612;   10;   3.6; 150;eor
        603;2025090613;   10;   3.1; 130;eor
        603;2025090614;   10;   3.6; 110;eor
        603;2025090615;   10;   3.7; 110;eor
        603;2025090616;   10;   3.8; 110;eor
        603;2025090617;   10;   2.8; 110;eor
        603;2025090618;   10;   2.7; 110;eor
        603;2025090619;   10;   1.8; 130;eor
        603;2025090620;   10;   2.5; 130;eor
        603;2025090621;   10;   2.6; 120;eor
        603;2025090622;   10;   2.7; 110;eor
        603;2025090623;   10;   2.8; 100;eor
        603;2025090700;   10;   2.6; 110;eor
        603;2025090701;   10;   1.9; 140;eor
        603;2025090702;   10;   1.4; 140;eor
        603;2025090703;   10;   2.0; 110;eor
        603;2025090704;   10;   2.0; 100;eor
        603;2025090705;   10;   1.8; 100;eor
        603;2025090706;   10;   3.4; 100;eor
        603;2025090707;   10;   3.0; 120;eor
        603;2025090708;   10;   4.4; 130;eor
        603;2025090709;   10;   6.4; 130;eor
        603;2025090710;   10;   5.9; 120;eor
        603;2025090711;   10;   6.4; 130;eor
        603;2025090712;   10;   6.4; 140;eor
        603;2025090713;   10;   6.0; 130;eor
        603;2025090714;   10;   6.1; 130;eor
        603;2025090715;   10;   5.7; 130;eor
        603;2025090716;   10;   5.1; 150;eor
        603;2025090717;   10;   4.8; 140;eor
        603;2025090718;   10;   3.4; 140;eor
        603;2025090719;   10;   1.6; 140;eor
        603;2025090720;   10;   1.9; 120;eor
        603;2025090721;   10;   1.4; 130;eor
        603;2025090722;   10;   1.9; 120;eor
        603;2025090723;   10;   2.3; 100;eor
        603;2025090800;   10;   2.1;  90;eor
        603;2025090801;   10;   2.8; 100;eor
        603;2025090802;   10;   3.8; 110;eor
        603;2025090803;   10;   2.3; 100;eor
        603;2025090804;   10;   1.2; 180;eor
        603;2025090805;   10;   1.1; 160;eor
        603;2025090806;   10;   1.7; 220;eor
        603;2025090807;   10;   1.6; 240;eor
        603;2025090808;   10;   2.3; 240;eor
        603;2025090809;   10;   1.3; 230;eor
        603;2025090810;   10;   2.4; 240;eor
        603;2025090811;   10;   1.3; 260;eor
        603;2025090812;   10;   1.7; 300;eor
        603;2025090813;   10;   1.5; 360;eor
        603;2025090814;   10;   1.6;  70;eor
        603;2025090815;   10;   2.1;  80;eor
        603;2025090816;   10;   2.6;  60;eor
        603;2025090817;   10;   2.7;  70;eor
        603;2025090818;   10;   2.2;  80;eor
        603;2025090819;   10;   1.6;  70;eor
        603;2025090820;   10;   1.3;  80;eor
        603;2025090821;   10;   1.1; 220;eor
        603;2025090822;   10;   1.0; 110;eor
        603;2025090823;   10;   1.4; 330;eor
        603;2025090900;   10;   0.9; 310;eor
        603;2025090901;   10;   1.5;  20;eor
        603;2025090902;   10;   1.6; 330;eor
        603;2025090903;   10;   1.6; 320;eor
        603;2025090904;   10;   2.2; 300;eor
        603;2025090905;   10;   2.6; 320;eor
        603;2025090906;   10;   3.4; 310;eor
        603;2025090907;   10;   3.6; 280;eor
        603;2025090908;   10;   4.9; 260;eor
        603;2025090909;   10;   3.6; 300;eor
        603;2025090910;   10;   2.4; 320;eor
        603;2025090911;   10;   3.4; 290;eor
        603;2025090912;   10;   3.0; 300;eor
        603;2025090913;   10;   2.8; 310;eor
        603;2025090914;   10;   2.6; 300;eor
        603;2025090915;   10;   2.6; 310;eor
        603;2025090916;   10;   1.7; 320;eor
        603;2025090917;   10;   1.9; 300;eor
        603;2025090918;   10;   1.6; 290;eor
        603;2025090919;   10;   1.2; 290;eor
        603;2025090920;   10;   1.2; 290;eor
        603;2025090921;   10;   1.3; 280;eor
        603;2025090922;   10;   1.3; 260;eor
        603;2025090923;   10;   1.3; 230;eor
        603;2025091000;   10;   0.4;  40;eor
        603;2025091001;   10;   0.6; 100;eor
        603;2025091002;   10;   0.6; 140;eor
        603;2025091003;   10;   1.0; 180;eor
        603;2025091004;   10;   0.9; 170;eor
        603;2025091005;   10;   0.8; 160;eor
        603;2025091006;   10;   0.7;  60;eor
        603;2025091007;   10;   1.6; 100;eor
        603;2025091008;   10;   1.4; 120;eor
        603;2025091009;   10;   2.6; 100;eor
        603;2025091010;   10;   3.4; 120;eor
        603;2025091011;   10;   4.2; 120;eor
        603;2025091012;   10;   3.8; 130;eor
        603;2025091013;   10;   3.7; 140;eor
        603;2025091014;   10;   4.2; 130;eor
        603;2025091015;   10;   4.4; 140;eor
        603;2025091016;   10;   4.3; 140;eor
        603;2025091017;   10;   4.1; 140;eor
        603;2025091018;   10;   3.3; 140;eor
        603;2025091019;   10;   2.4; 140;eor
        603;2025091020;   10;   1.8; 140;eor
        603;2025091021;   10;   3.3; 160;eor
        603;2025091022;   10;   5.0; 170;eor
        603;2025091023;   10;   4.4; 170;eor
        603;2025091100;   10;   4.9; 170;eor
        603;2025091101;   10;   3.9; 160;eor
        603;2025091102;   10;   3.8; 160;eor
        603;2025091103;   10;   4.1; 180;eor
        603;2025091104;   10;   3.9; 190;eor
        603;2025091105;   10;   4.4; 190;eor
        603;2025091106;   10;   4.6; 190;eor
        603;2025091107;   10;   4.2; 220;eor
        603;2025091108;   10;   3.3; 250;eor
        603;2025091109;   10;   3.3; 230;eor
        603;2025091110;   10;   4.8; 250;eor
        603;2025091111;   10;   7.1; 240;eor
        603;2025091112;   10;   6.8; 250;eor
        603;2025091113;   10;   6.5; 230;eor
        603;2025091114;   10;   7.4; 200;eor
        603;2025091115;   10;   6.0; 200;eor
        603;2025091116;   10;   5.4; 210;eor
        603;2025091117;   10;   7.6; 220;eor
        603;2025091118;   10;   6.6; 210;eor
        603;2025091119;   10;   5.2; 200;eor
        603;2025091120;   10;   3.1; 200;eor
        603;2025091121;   10;   3.3; 190;eor
        603;2025091122;   10;   3.9; 200;eor
        603;2025091123;   10;   3.7; 210;eor
        603;2025091200;   10;   4.1; 220;eor
        603;2025091201;   10;   4.1; 210;eor
        603;2025091202;   10;   3.6; 210;eor
        603;2025091203;   10;   4.1; 210;eor
        603;2025091204;   10;   4.1; 200;eor
        603;2025091205;   10;   4.5; 200;eor
        603;2025091206;   10;   4.4; 200;eor
        603;2025091207;   10;   4.4; 200;eor
        603;2025091208;   10;   4.9; 200;eor
        603;2025091209;   10;   5.5; 210;eor
        603;2025091210;   10;   7.0; 220;eor
        603;2025091211;   10;   8.1; 240;eor
        603;2025091212;   10;   8.6; 240;eor
        603;2025091213;   10;   7.6; 240;eor
        603;2025091214;   10;   6.7; 240;eor
        603;2025091215;   10;   7.0; 220;eor
        603;2025091216;   10;   6.7; 220;eor
        603;2025091217;   10;   6.4; 200;eor
        603;2025091218;   10;   3.3; 190;eor
        603;2025091219;   10;   3.3; 180;eor
        603;2025091220;   10;   2.7; 170;eor
        603;2025091221;   10;   3.6; 180;eor
        603;2025091222;   10;   4.1; 170;eor
        603;2025091223;   10;   3.5; 170;eor
        603;2025091300;   10;   4.0; 170;eor
        603;2025091301;   10;   4.3; 170;eor
        603;2025091302;   10;   4.0; 170;eor
        603;2025091303;   10;   3.9; 180;eor
        603;2025091304;   10;   4.3; 170;eor
        603;2025091305;   10;   4.1; 180;eor
        603;2025091306;   10;   3.8; 190;eor
        603;2025091307;   10;   1.8; 160;eor
        603;2025091308;   10;   3.5; 170;eor
        603;2025091309;   10;   3.7; 180;eor
        603;2025091310;   10;   4.4; 160;eor
        603;2025091311;   10;   5.1; 190;eor
        603;2025091312;   10;   6.9; 210;eor
        603;2025091313;   10;   6.2; 200;eor
        603;2025091314;   10;   5.7; 200;eor
        603;2025091315;   10;   6.0; 180;eor
        603;2025091316;   10;   4.5; 180;eor
        603;2025091317;   10;   4.3; 180;eor
        603;2025091318;   10;   4.6; 190;eor
        603;2025091319;   10;   4.8; 200;eor
        603;2025091320;   10;   2.7; 190;eor
        603;2025091321;   10;   5.2; 230;eor
        603;2025091322;   10;   4.0; 200;eor
        603;2025091323;   10;   4.6; 190;eor
        603;2025091400;   10;   3.9; 200;eor
        603;2025091401;   10;   4.2; 200;eor
        603;2025091402;   10;   4.7; 200;eor
        603;2025091403;   10;   5.5; 200;eor
        603;2025091404;   10;   4.5; 210;eor
        603;2025091405;   10;   3.8; 210;eor
        603;2025091406;   10;   3.6; 210;eor
        603;2025091407;   10;   4.1; 210;eor
        603;2025091408;   10;   3.7; 220;eor
        603;2025091409;   10;   4.0; 240;eor
        603;2025091410;   10;   3.7; 240;eor
        603;2025091411;   10;   4.1; 230;eor
        603;2025091412;   10;   4.6; 230;eor
        603;2025091413;   10;   2.9; 220;eor
        603;2025091414;   10;   2.4; 220;eor
        603;2025091415;   10;   3.8; 210;eor
        603;2025091416;   10;   4.1; 200;eor
        603;2025091417;   10;   3.3; 200;eor
        603;2025091418;   10;   2.9; 180;eor
        603;2025091419;   10;   3.7; 170;eor
        603;2025091420;   10;   5.3; 160;eor
        603;2025091421;   10;   6.6; 170;eor
        603;2025091422;   10;   6.3; 170;eor
        603;2025091423;   10;   5.9; 180;eor
        603;2025091500;   10;   5.7; 180;eor
        603;2025091501;   10;   4.2; 190;eor
        603;2025091502;   10;   4.3; 180;eor
        603;2025091503;   10;   5.4; 190;eor
        603;2025091504;   10;   4.2; 200;eor
        603;2025091505;   10;   4.5; 210;eor
        603;2025091506;   10;   5.4; 210;eor
        603;2025091507;   10;   4.6; 240;eor
        603;2025091508;   10;   2.6; 280;eor
        603;2025091509;   10;   5.3; 260;eor
        603;2025091510;   10;   7.0; 260;eor
        603;2025091511;   10;   7.6; 240;eor
        603;2025091512;   10;   8.5; 250;eor
        603;2025091513;   10;   8.3; 240;eor
        603;2025091514;   10;   8.5; 250;eor
        603;2025091515;   10;   8.9; 240;eor
        603;2025091516;   10;   9.4; 240;eor
        603;2025091517;   10;   8.5; 240;eor
        603;2025091518;   10;   7.2; 230;eor
        603;2025091519;   10;   4.5; 250;eor
        603;2025091520;   10;   5.4; 240;eor
        603;2025091521;   10;   7.1; 240;eor
        603;2025091522;   10;   7.7; 240;eor
        603;2025091523;   10;   6.3; 230;eor
        603;2025091600;   10;   6.6; 230;eor
        603;2025091601;   10;   7.7; 240;eor
        603;2025091602;   10;   8.4; 240;eor
        603;2025091603;   10;   8.5; 240;eor
        603;2025091604;   10;   7.7; 240;eor
        603;2025091605;   10;   5.6; 210;eor
        603;2025091606;   10;   5.9; 220;eor
        603;2025091607;   10;   6.5; 220;eor
        603;2025091608;   10;   8.0; 240;eor
        603;2025091609;   10;   8.6; 240;eor
        603;2025091610;   10;   7.3; 250;eor
        603;2025091611;   10;   7.2; 250;eor
        603;2025091612;   10;   8.5; 250;eor
        603;2025091613;   10;   7.5; 250;eor
        603;2025091614;   10;   7.9; 240;eor
        603;2025091615;   10;   7.8; 250;eor
        603;2025091616;   10;   6.6; 260;eor
        603;2025091617;   10;   6.5; 260;eor
        603;2025091618;   10;   6.0; 250;eor
        603;2025091619;   10;   5.3; 250;eor
        603;2025091620;   10;   5.7; 240;eor
        603;2025091621;   10;   5.4; 240;eor
        603;2025091622;   10;   5.1; 240;eor
        603;2025091623;   10;   4.6; 230;eor
        603;2025091700;   10;   5.3; 230;eor
        603;2025091701;   10;   5.6; 220;eor
        603;2025091702;   10;   5.9; 220;eor
        603;2025091703;   10;   5.8; 220;eor
        603;2025091704;   10;   4.3; 210;eor
        603;2025091705;   10;   4.4; 200;eor
        603;2025091706;   10;   5.2; 200;eor
        603;2025091707;   10;   4.8; 210;eor
        603;2025091708;   10;   4.3; 210;eor
        603;2025091709;   10;   3.2; 210;eor
        603;2025091710;   10;   4.1; 210;eor
        603;2025091711;   10;   4.5; 220;eor
        603;2025091712;   10;   3.5; 210;eor
        603;2025091713;   10;   4.1; 220;eor
        603;2025091714;   10;   4.5; 220;eor
        603;2025091715;   10;   3.5; 210;eor
        603;2025091716;   10;   4.2; 210;eor
        603;2025091717;   10;   3.8; 200;eor
        603;2025091718;   10;   3.3; 190;eor
        603;2025091719;   10;   3.6; 190;eor
        603;2025091720;   10;   3.4; 200;eor
        603;2025091721;   10;   4.1; 210;eor
        603;2025091722;   10;   4.9; 210;eor
        603;2025091723;   10;   4.6; 200;eor
        603;2025091800;   10;   4.4; 210;eor
        603;2025091801;   10;   4.4; 210;eor
        603;2025091802;   10;   4.0; 210;eor
        603;2025091803;   10;   3.8; 210;eor
        603;2025091804;   10;   3.8; 200;eor
        603;2025091805;   10;   4.5; 200;eor
        603;2025091806;   10;   4.2; 200;eor
        603;2025091807;   10;   4.7; 200;eor
        603;2025091808;   10;   4.4; 200;eor
        603;2025091809;   10;   4.2; 210;eor
        603;2025091810;   10;   3.8; 230;eor
        603;2025091811;   10;   3.7; 250;eor
        603;2025091812;   10;   3.6; 230;eor
        603;2025091813;   10;   3.5; 230;eor
        603;2025091814;   10;   4.4; 260;eor
        603;2025091815;   10;   3.6; 270;eor
        603;2025091816;   10;   3.1; 300;eor
        603;2025091817;   10;   1.7; 310;eor
        603;2025091818;   10;   0.6; 270;eor
        603;2025091819;   10;   1.1; 230;eor
        603;2025091820;   10;   2.1; 240;eor
        603;2025091821;   10;   2.6; 240;eor
        603;2025091822;   10;   1.2; 300;eor
        603;2025091823;   10;   0.8; 100;eor
        603;2025091900;   10;   1.1; 150;eor
        603;2025091901;   10;   1.1; 160;eor
        603;2025091902;   10;   0.8; 150;eor
        603;2025091903;   10;   1.4; 160;eor
        603;2025091904;   10;   1.1; 290;eor
        603;2025091905;   10;   0.6; 240;eor
        603;2025091906;   10;   0.5;  20;eor
        603;2025091907;   10;   0.6; 140;eor
        603;2025091908;   10;   0.6; 100;eor
        603;2025091909;   10;   1.0; 190;eor
        603;2025091910;   10;   0.8; 160;eor
        603;2025091911;   10;   1.9; 120;eor
        603;2025091912;   10;   2.6; 160;eor
        603;2025091913;   10;   3.3; 170;eor
        603;2025091914;   10;   3.9; 150;eor
        603;2025091915;   10;   4.7; 140;eor
        603;2025091916;   10;   4.1; 150;eor
        603;2025091917;   10;   2.9; 140;eor
        603;2025091918;   10;   2.9; 140;eor
        603;2025091919;   10;   3.1; 140;eor
        603;2025091920;   10;   4.2; 160;eor
        603;2025091921;   10;   3.6; 160;eor
        603;2025091922;   10;   2.9; 150;eor
        603;2025091923;   10;   1.8;  90;eor
        603;2025092000;   10;   2.0; 120;eor
        603;2025092001;   10;   1.2;  80;eor
        603;2025092002;   10;   1.6;  40;eor
        603;2025092003;   10;   0.9;  50;eor
        603;2025092004;   10;   1.1;  60;eor
        603;2025092005;   10;   1.4; 140;eor
        603;2025092006;   10;   1.5; 140;eor
        603;2025092007;   10;   2.8; 120;eor
        603;2025092008;   10;   2.0; 110;eor
        603;2025092009;   10;   3.7; 170;eor
        603;2025092010;   10;   1.9; 190;eor
        603;2025092011;   10;   1.0; 140;eor
        603;2025092012;   10;   2.3; 180;eor
        603;2025092013;   10;   2.9; 200;eor
        603;2025092014;   10;   5.1; 230;eor
        603;2025092015;   10;   3.8; 280;eor
        603;2025092016;   10;   1.4; 280;eor
        603;2025092017;   10;   2.0; 160;eor
        603;2025092018;   10;   2.6; 170;eor
        603;2025092019;   10;   1.6; 180;eor
        603;2025092020;   10;   3.3; 180;eor
        603;2025092021;   10;   4.2; 180;eor
        603;2025092022;   10;   4.0; 190;eor
        603;2025092023;   10;   4.5; 190;eor
        603;2025092100;   10;   3.9; 200;eor
        603;2025092101;   10;   1.8; 210;eor
        603;2025092102;   10;   1.7; 130;eor
        603;2025092103;   10;   1.4; 180;eor
        603;2025092104;   10;   2.0; 230;eor
        603;2025092105;   10;   2.7; 280;eor
        603;2025092106;   10;   1.8; 300;eor
        603;2025092107;   10;   4.0; 290;eor
        603;2025092108;   10;   4.8; 270;eor
        603;2025092109;   10;   3.3; 260;eor
        603;2025092110;   10;   3.9; 250;eor
        603;2025092111;   10;   3.2; 250;eor
        603;2025092112;   10;   3.3; 270;eor
        603;2025092113;   10;   4.0; 280;eor
        603;2025092114;   10;   3.3; 290;eor
        603;2025092115;   10;   3.2; 290;eor
        603;2025092116;   10;   2.1; 310;eor
        603;2025092117;   10;   1.7; 300;eor
        603;2025092118;   10;   1.8; 300;eor
        603;2025092119;   10;   1.9; 320;eor
        603;2025092120;   10;   2.4; 340;eor
        603;2025092121;   10;   1.7; 350;eor
        603;2025092122;   10;   2.1; 360;eor
        603;2025092123;   10;   2.3; 350;eor
        603;2025092200;   10;   1.7; 340;eor
        603;2025092201;   10;   1.4; 330;eor
        603;2025092202;   10;   1.2; 340;eor
        603;2025092203;   10;   1.4; 330;eor
        603;2025092204;   10;   1.3; 340;eor
        603;2025092205;   10;   1.9; 340;eor
        603;2025092206;   10;   2.0; 320;eor
        603;2025092207;   10;   1.9; 330;eor
        603;2025092208;   10;   2.0;  10;eor
        603;2025092209;   10;   2.2; 360;eor
        603;2025092515;   10;   2.2;  30;eor
        603;2025092516;   10;   1.8;  20;eor
        603;2025092517;   10;   2.5;  70;eor
        603;2025092518;   10;   2.4;  80;eor
        603;2025092519;   10;   2.1;  70;eor
        603;2025092520;   10;   1.9;  80;eor
        603;2025092521;   10;   2.2;  80;eor
        603;2025092522;   10;   2.6;  80;eor
        603;2025092523;   10;   1.5;  50;eor
        603;2025092600;   10;   1.1; 360;eor
        603;2025092601;   10;   1.3;  30;eor
        603;2025092602;   10;   2.0;  70;eor
        603;2025092603;   10;   1.3; 110;eor
        603;2025092604;   10;   1.0; 120;eor
        603;2025092605;   10;   1.9; 130;eor
        603;2025092606;   10;   2.2; 100;eor
        603;2025092607;   10;   1.1;  80;eor
        603;2025092608;   10;   2.0;  90;eor
        603;2025092609;   10;   3.6; 110;eor
        603;2025092610;   10;   3.2; 100;eor
        603;2025092611;   10;   2.7;  60;eor
        603;2025092612;   10;   1.7;  50;eor
        603;2025092613;   10;   1.1; 300;eor
        603;2025092614;   10;   1.4; 340;eor
        603;2025092615;   10;   0.9; 220;eor
        603;2025092616;   10;   1.3;  80;eor
        603;2025092617;   10;   3.4; 110;eor
        603;2025092618;   10;   2.3; 110;eor
        603;2025092619;   10;   2.5; 100;eor
        603;2025092620;   10;   2.2; 100;eor
        603;2025092621;   10;   1.5;  90;eor
        603;2025092622;   10;   1.9;  70;eor
        603;2025092623;   10;   1.0; 100;eor
        603;2025092700;   10;   1.3;  90;eor
        603;2025092701;   10;   1.2; 110;eor
        603;2025092702;   10;   0.7; 190;eor
        603;2025092703;   10;   0.7; 190;eor
        603;2025092704;   10;   0.7; 100;eor
        603;2025092705;   10;   1.3; 130;eor
        603;2025092706;   10;   1.0; 130;eor
        603;2025092707;   10;   1.3; 130;eor
        603;2025092708;   10;   1.3; 120;eor
        603;2025092709;   10;   1.2; 190;eor
        603;2025092710;   10;   1.3; 130;eor
        603;2025092711;   10;   1.5;  90;eor
        603;2025092712;   10;   1.3;  90;eor
        603;2025092713;   10;   2.1; 180;eor
        603;2025092714;   10;   2.7; 170;eor
        603;2025092715;   10;   2.3; 180;eor
        603;2025092716;   10;   2.2; 180;eor
        603;2025092717;   10;   1.4; 190;eor
        603;2025092718;   10;   1.1; 150;eor
        603;2025092719;   10;   0.9; 250;eor
        603;2025092720;   10;   0.6; 170;eor
        603;2025092721;   10;   0.7; 130;eor
        603;2025092722;   10;   0.7; 160;eor
        603;2025092723;   10;   0.8; 160;eor
        603;2025092800;   10;   0.8; 260;eor
        603;2025092801;   10;   0.9; 260;eor
        603;2025092802;   10;   1.0; 310;eor
        603;2025092803;   10;   1.1; 210;eor
        603;2025092804;   10;   1.2; 130;eor
        603;2025092805;   10;   2.0; 240;eor
        603;2025092806;   10;   1.6; 220;eor
        603;2025092807;   10;   1.1; 220;eor
        603;2025092808;   10;   0.9; 120;eor
        603;2025092809;   10;   1.4;  90;eor
        603;2025092810;   10;   3.0; 120;eor
        603;2025092811;   10;   3.0; 110;eor
        603;2025092812;   10;   2.8; 120;eor
        603;2025092813;   10;   2.5; 200;eor
        603;2025092814;   10;   2.5; 220;eor
        603;2025092815;   10;   2.0; 240;eor
        603;2025092816;   10;   2.1; 220;eor
        603;2025092817;   10;   1.9; 230;eor
        603;2025092818;   10;   2.3; 230;eor
        603;2025092819;   10;   2.1; 240;eor
        603;2025092820;   10;   1.7; 230;eor
        603;2025092821;   10;   0.6; 240;eor
        603;2025092822;   10;   0.4; 140;eor
        603;2025092823;   10;   1.3; 260;eor
        603;2025092900;   10;   0.7; 220;eor
        603;2025092901;   10;   0.4; 170;eor
        603;2025092902;   10;   0.4;  60;eor
        603;2025092903;   10;   0.5; 190;eor
        603;2025092904;   10;   2.0; 250;eor
        603;2025092905;   10;   1.2; 270;eor
        603;2025092906;   10;   0.9; 140;eor
        603;2025092907;   10;   1.6; 230;eor
        603;2025092908;   10;   2.0; 240;eor
        603;2025092909;   10;   2.2; 230;eor
        603;2025092910;   10;   1.4; 270;eor
        603;2025092911;   10;   1.6; 280;eor
        603;2025092912;   10;   2.0; 290;eor
        603;2025092913;   10;   2.0; 290;eor
        603;2025092914;   10;   2.5; 290;eor
        603;2025092915;   10;   2.8; 280;eor
        603;2025092916;   10;   1.7; 310;eor
        603;2025092917;   10;   0.9; 330;eor
        603;2025092918;   10;   1.0; 330;eor
        603;2025092919;   10;   1.3; 290;eor
        603;2025092920;   10;   2.0; 290;eor
        603;2025092921;   10;   1.7; 300;eor
        603;2025092922;   10;   2.4; 270;eor
        603;2025092923;   10;   1.4; 260;eor
        603;2025093000;   10;   2.8; 260;eor
        603;2025093001;   10;   2.0; 250;eor
        603;2025093002;   10;   2.0; 250;eor
        603;2025093003;   10;   2.0; 250;eor
        603;2025093004;   10;   2.0; 260;eor
        603;2025093005;   10;   1.2; 280;eor
        603;2025093006;   10;   1.2; 310;eor
        603;2025093007;   10;   1.3; 280;eor
        603;2025093008;   10;   1.5; 310;eor
        603;2025093009;   10;   1.6; 360;eor
        603;2025093010;   10;   1.6;  50;eor
        603;2025093011;   10;   1.6;  50;eor
        603;2025093012;   10;   2.8;  30;eor
        603;2025093013;   10;   1.6; 350;eor
        603;2025093014;   10;   1.6; 300;eor
        603;2025093015;   10;   1.9; 330;eor
        603;2025093016;   10;   2.4; 310;eor
        603;2025093017;   10;   2.4; 330;eor
        603;2025093018;   10;   2.3;  60;eor
        603;2025093019;   10;   1.7;  60;eor
        603;2025093020;   10;   0.7;  40;eor
        603;2025093021;   10;   0.4;  60;eor
        603;2025093022;   10;   0.6;  40;eor
        603;2025093023;   10;   0.5;  50;eor
        603;2025100100;   10;   0.8;  20;eor
        603;2025100101;   10;   0.7; 190;eor
        603;2025100102;   10;   0.9;  80;eor
        603;2025100103;   10;   1.3; 110;eor
        603;2025100104;   10;   0.7; 110;eor
        603;2025100105;   10;   0.8; 170;eor
        603;2025100106;   10;   0.8; 190;eor
        603;2025100107;   10;   0.7;  80;eor
        603;2025100108;   10;   2.2;  90;eor
        603;2025100109;   10;   2.6;  90;eor
        603;2025100110;   10;   4.0; 110;eor
        603;2025100111;   10;   3.5; 110;eor
        603;2025100112;   10;   2.6; 110;eor
        603;2025100113;   10;   2.6; 100;eor
        603;2025100114;   10;   2.4; 140;eor
        603;2025100115;   10;   2.0; 110;eor
        603;2025100116;   10;   1.5; 120;eor
        603;2025100117;   10;   1.7; 100;eor
        603;2025100118;   10;   2.1; 140;eor
        603;2025100119;   10;   2.5; 140;eor
        603;2025100120;   10;   2.3; 140;eor
        603;2025100121;   10;   2.3; 130;eor
        603;2025100122;   10;   1.5; 140;eor
        603;2025100123;   10;   2.7; 110;eor
        603;2025100200;   10;   2.2;  80;eor
        603;2025100201;   10;   2.1;  70;eor
        603;2025100202;   10;   2.1;  80;eor
        603;2025100203;   10;   1.5;  70;eor
        603;2025100204;   10;   1.5;  70;eor
        603;2025100205;   10;   1.4;  80;eor
        603;2025100206;   10;   1.2;  90;eor
        603;2025100207;   10;   1.3;  60;eor
        603;2025100208;   10;   2.1; 110;eor
        603;2025100209;   10;   3.0; 120;eor
        603;2025100210;   10;   2.4; 130;eor
        603;2025100211;   10;   3.8; 120;eor
        603;2025100212;   10;   4.3; 140;eor
        603;2025100213;   10;   4.8; 180;eor
        603;2025100214;   10;   4.2; 170;eor
        603;2025100215;   10;   3.2; 170;eor
        603;2025100216;   10;   3.0; 140;eor
        603;2025100217;   10;   2.8; 140;eor
        603;2025100218;   10;   1.8; 150;eor
        603;2025100219;   10;   1.6; 150;eor
        603;2025100220;   10;   1.6; 130;eor
        603;2025100221;   10;   1.8; 110;eor
        603;2025100222;   10;   2.6; 120;eor
        603;2025100223;   10;   2.7; 130;eor
        603;2025100300;   10;   3.0; 110;eor
        603;2025100301;   10;   1.6; 130;eor
        603;2025100302;   10;   2.0; 130;eor
        603;2025100303;   10;   3.5; 110;eor
        603;2025100304;   10;   3.6; 120;eor
        603;2025100305;   10;   1.8; 120;eor
        603;2025100306;   10;   2.4; 120;eor
        603;2025100307;   10;   3.6; 130;eor
        603;2025100308;   10;   3.8; 120;eor
        603;2025100309;   10;   4.9; 120;eor
        603;2025100310;   10;   4.5; 160;eor
        603;2025100311;   10;   5.4; 150;eor
        603;2025100312;   10;   5.0; 150;eor
        603;2025100313;   10;   4.9; 140;eor
        603;2025100314;   10;   4.0; 120;eor
        603;2025100315;   10;   3.0; 150;eor
        603;2025100316;   10;   4.5; 130;eor
        603;2025100317;   10;   4.7; 120;eor
        603;2025100318;   10;   3.0; 120;eor
        603;2025100319;   10;   3.9; 150;eor
        603;2025100320;   10;   5.2; 160;eor
        603;2025100321;   10;   5.3; 160;eor
        603;2025100322;   10;   5.8; 160;eor
        603;2025100323;   10;   5.6; 160;eor
        603;2025100400;   10;   6.5; 170;eor
        603;2025100401;   10;   7.0; 170;eor
        603;2025100402;   10;   7.0; 170;eor
        603;2025100403;   10;   5.5; 160;eor
        603;2025100404;   10;   5.8; 170;eor
        603;2025100405;   10;   6.6; 180;eor
        603;2025100406;   10;   7.2; 180;eor
        603;2025100407;   10;   7.1; 180;eor
        603;2025100408;   10;   7.2; 180;eor
        603;2025100409;   10;   5.4; 290;eor
        603;2025100410;   10;   1.9; 290;eor
        603;2025100411;   10;   3.8; 230;eor
        603;2025100412;   10;   7.3; 230;eor
        603;2025100413;   10;   5.4; 250;eor
        603;2025100414;   10;   7.8; 260;eor
        603;2025100415;   10;   5.9; 270;eor
        603;2025100416;   10;   8.6; 250;eor
        603;2025100417;   10;   5.8; 240;eor
        603;2025100418;   10;   6.1; 230;eor
        603;2025100419;   10;   7.7; 230;eor
        603;2025100420;   10;   8.3; 240;eor
        603;2025100421;   10;   6.0; 250;eor
        603;2025100422;   10;   6.0; 240;eor
        603;2025100423;   10;   6.6; 240;eor
        603;2025100500;   10;   6.9; 240;eor
        603;2025100501;   10;   7.9; 240;eor
        603;2025100502;   10;   6.6; 240;eor
        603;2025100503;   10;   6.4; 240;eor
        603;2025100504;   10;   6.2; 240;eor
        603;2025100505;   10;   6.4; 250;eor
        603;2025100506;   10;   6.5; 250;eor
        603;2025100507;   10;   6.1; 250;eor
        603;2025100508;   10;   5.8; 260;eor
        603;2025100509;   10;   6.2; 250;eor
        603;2025100510;   10;   7.2; 260;eor
        603;2025100511;   10;   7.4; 260;eor
        603;2025100512;   10;   6.9; 270;eor
        603;2025100513;   10;   6.9; 260;eor
        603;2025100514;   10;   7.0; 260;eor
        603;2025100515;   10;   7.6; 260;eor
        603;2025100516;   10;   6.8; 260;eor
        603;2025100517;   10;   6.7; 270;eor
        603;2025100518;   10;   5.2; 270;eor
        603;2025100519;   10;   4.2; 260;eor
        603;2025100520;   10;   4.8; 260;eor
        603;2025100521;   10;   4.7; 260;eor
        603;2025100522;   10;   5.0; 250;eor
        603;2025100523;   10;   4.9; 250;eor
        603;2025100600;   10;   4.8; 240;eor
        603;2025100601;   10;   5.4; 240;eor
        603;2025100602;   10;   5.1; 240;eor
        603;2025100603;   10;   4.7; 250;eor
        603;2025100604;   10;   4.4; 270;eor
        603;2025100605;   10;   4.2; 250;eor
        603;2025100606;   10;   1.9; 270;eor
        603;2025100607;   10;   3.7; 250;eor
        603;2025100608;   10;   4.0; 250;eor
        603;2025100609;   10;   4.2; 240;eor
        603;2025100610;   10;   3.5; 250;eor
        603;2025100611;   10;   3.5; 250;eor
        603;2025100612;   10;   4.1; 260;eor
        603;2025100613;   10;   4.7; 270;eor
        603;2025100614;   10;   5.2; 270;eor
        603;2025100615;   10;   4.6; 260;eor
        603;2025100616;   10;   3.9; 260;eor
        603;2025100617;   10;   3.7; 260;eor
        603;2025100618;   10;   3.1; 250;eor
        603;2025100619;   10;   3.1; 250;eor
        603;2025100620;   10;   2.9; 230;eor
        603;2025100621;   10;   4.0; 230;eor
        603;2025100622;   10;   3.6; 240;eor
        603;2025100623;   10;   3.4; 230;eor
        603;2025100700;   10;   3.0; 230;eor
        603;2025100701;   10;   2.1; 250;eor
        603;2025100702;   10;   2.0; 250;eor
        603;2025100703;   10;   1.9; 250;eor
        603;2025100704;   10;   2.6; 230;eor
        603;2025100705;   10;   2.7; 220;eor
        603;2025100706;   10;   2.8; 220;eor
        603;2025100707;   10;   2.6; 220;eor
        603;2025100708;   10;   2.9; 230;eor
        603;2025100709;   10;   2.8; 240;eor
        603;2025100710;   10;   2.5; 250;eor
        603;2025100711;   10;   2.4; 240;eor
        603;2025100712;   10;   1.8; 240;eor
        603;2025100713;   10;   2.0; 250;eor
        603;2025100714;   10;   1.4; 270;eor
        603;2025100715;   10;   0.8;  70;eor
        603;2025100716;   10;   0.4; 100;eor
        603;2025100717;   10;   1.1; 160;eor
        603;2025100718;   10;   1.2; 180;eor
        603;2025100719;   10;   1.8; 190;eor
        603;2025100720;   10;   2.6; 200;eor
        603;2025100721;   10;   2.5; 200;eor
        603;2025100722;   10;   2.2; 220;eor
        603;2025100723;   10;   0.9; 320;eor
        603;2025100800;   10;   0.4; 180;eor
        603;2025100801;   10;   0.9; 250;eor
        603;2025100802;   10;   1.3; 220;eor
        603;2025100803;   10;   1.1; 250;eor
        603;2025100804;   10;   1.3; 220;eor
        603;2025100805;   10;   0.9; 300;eor
        603;2025100806;   10;   1.4; 290;eor
        603;2025100807;   10;   1.3; 280;eor
        603;2025100808;   10;   1.0; 340;eor
        603;2025100809;   10;   1.0; 320;eor
        603;2025100810;   10;   1.4; 310;eor
        603;2025100811;   10;   1.2; 340;eor
        603;2025100812;   10;   0.9; 320;eor
        603;2025100813;   10;   1.8; 340;eor
        603;2025100814;   10;   1.3; 350;eor
        603;2025100815;   10;   1.0; 300;eor
        603;2025100816;   10;   0.9; 290;eor
        603;2025100817;   10;   1.0; 300;eor
        603;2025100818;   10;   0.9; 300;eor
        603;2025100819;   10;   1.3; 270;eor
        603;2025100820;   10;   1.5; 280;eor
        603;2025100821;   10;   1.5; 260;eor
        603;2025100822;   10;   1.5; 260;eor
        603;2025100823;   10;   1.5; 250;eor
        603;2025100900;   10;   1.4; 270;eor
        603;2025100901;   10;   1.7; 250;eor
        603;2025100902;   10;   2.2; 240;eor
        603;2025100903;   10;   1.7; 250;eor
        603;2025100904;   10;   2.0; 240;eor
        603;2025100905;   10;   1.7; 260;eor
        603;2025100906;   10;   2.1; 260;eor
        603;2025100907;   10;   2.6; 290;eor
        603;2025100908;   10;   2.7; 300;eor
        603;2025100909;   10;   2.5; 290;eor
        603;2025100910;   10;   2.0; 300;eor
        603;2025100911;   10;   1.9; 300;eor
        603;2025100912;   10;   1.7; 300;eor
        603;2025100913;   10;   1.6; 300;eor
        603;2025100914;   10;   2.0; 300;eor
        603;2025100915;   10;   1.8; 310;eor
        603;2025100916;   10;   0.9; 340;eor
        603;2025100917;   10;   0.9; 280;eor
        603;2025100918;   10;   1.1; 250;eor
        603;2025100919;   10;   1.6; 260;eor
        603;2025100920;   10;   1.7; 260;eor
        603;2025100921;   10;   1.5; 280;eor
        603;2025100922;   10;   1.8; 270;eor
        603;2025100923;   10;   1.5; 270;eor
        603;2025101000;   10;   1.3; 270;eor
        603;2025101001;   10;   1.6; 270;eor
        603;2025101002;   10;   1.1; 280;eor
        603;2025101003;   10;   1.8; 260;eor
        603;2025101004;   10;   1.8; 280;eor
        603;2025101005;   10;   2.1; 280;eor
        603;2025101006;   10;   2.2; 260;eor
        603;2025101007;   10;   2.1; 270;eor
        603;2025101008;   10;   2.2; 280;eor
        603;2025101009;   10;   2.4; 280;eor
        603;2025101010;   10;   2.7; 280;eor
        603;2025101011;   10;   1.9; 300;eor
        603;2025101012;   10;   2.0; 290;eor
        603;2025101013;   10;   2.0;  10;eor
        603;2025101014;   10;   1.2; 350;eor
        603;2025101015;   10;   0.7; 350;eor
        603;2025101016;   10;   0.6; 270;eor
        603;2025101017;   10;   1.3; 220;eor
        603;2025101018;   10;   2.1; 210;eor
        603;2025101019;   10;   1.8; 230;eor
        603;2025101020;   10;   2.2; 240;eor
        603;2025101021;   10;   2.6; 230;eor
        603;2025101022;   10;   3.2; 210;eor
        603;2025101023;   10;   1.1; 240;eor
        603;2025101100;   10;   1.8; 240;eor
        603;2025101101;   10;   1.4; 250;eor
        603;2025101102;   10;   1.7; 250;eor
        603;2025101103;   10;   1.7; 260;eor
        603;2025101104;   10;   1.7; 260;eor
        603;2025101105;   10;   1.4; 280;eor
        603;2025101106;   10;   1.5; 260;eor
        603;2025101107;   10;   1.3; 260;eor
        603;2025101108;   10;   1.2; 290;eor
        603;2025101109;   10;   1.5; 350;eor
        603;2025101110;   10;   1.9; 360;eor
        603;2025101111;   10;   2.1; 360;eor
        603;2025101112;   10;   2.0;  10;eor
        603;2025101113;   10;   1.4; 350;eor
        603;2025101114;   10;   1.1; 340;eor
        603;2025101115;   10;   1.1; 300;eor
        603;2025101116;   10;   0.8; 310;eor
        603;2025101117;   10;   0.4; 340;eor
        603;2025101118;   10;   0.5; 350;eor
        603;2025101119;   10;   0.3; 300;eor
        603;2025101120;   10;   0.6; 330;eor
        603;2025101121;   10;   0.5; 280;eor
        603;2025101122;   10;   0.4; 250;eor
        603;2025101123;   10;   0.5; 320;eor
        603;2025101200;   10;   0.4;  20;eor
        603;2025101201;   10;   0.5;  10;eor
        603;2025101202;   10;   0.6; 310;eor
        603;2025101203;   10;   0.7; 290;eor
        603;2025101204;   10;   0.4; 350;eor
        603;2025101205;   10;   0.5; 150;eor
        603;2025101206;   10;   0.9; 210;eor
        603;2025101207;   10;   1.0; 270;eor
        603;2025101208;   10;   1.0;  20;eor
        603;2025101209;   10;   0.7; 110;eor
        603;2025101210;   10;   0.8; 320;eor
        603;2025101211;   10;   1.1; 340;eor
        603;2025101212;   10;   1.1;  10;eor
        603;2025101213;   10;   2.2; 360;eor
        603;2025101214;   10;   1.9; 350;eor
        603;2025101215;   10;   2.0; 350;eor
        603;2025101216;   10;   1.2; 340;eor
        603;2025101217;   10;   1.5; 340;eor
        603;2025101218;   10;   1.5; 360;eor
        603;2025101219;   10;   1.1; 350;eor
        603;2025101220;   10;   0.7; 320;eor
        603;2025101221;   10;   1.1; 340;eor
        603;2025101222;   10;   1.1;  40;eor
        603;2025101223;   10;   1.2; 230;eor
        603;2025101300;   10;   0.7; 270;eor
        603;2025101301;   10;   0.5; 190;eor
        603;2025101302;   10;   0.8; 240;eor
        603;2025101303;   10;   1.0; 210;eor
        603;2025101304;   10;   1.0; 250;eor
        603;2025101305;   10;   0.5; 240;eor
        603;2025101306;   10;   0.2; 210;eor
        603;2025101307;   10;   0.3; 130;eor
        603;2025101308;   10;   1.2;  40;eor
        603;2025101309;   10;   1.6;  40;eor
        603;2025101310;   10;   2.4;  40;eor
        603;2025101311;   10;   2.5;  40;eor
        603;2025101312;   10;   2.1;  40;eor
        603;2025101313;   10;   1.5;  60;eor
        603;2025101314;   10;   0.6; 210;eor
        603;2025101315;   10;   1.2; 310;eor
        603;2025101316;   10;   1.8;  10;eor
        603;2025101317;   10;   2.7;  10;eor
        603;2025101318;   10;   2.2;  20;eor
        603;2025101319;   10;   1.7;  30;eor
        603;2025101320;   10;   1.2;  30;eor
        603;2025101321;   10;   0.6; 340;eor
        603;2025101322;   10;   1.7; 350;eor
        603;2025101323;   10;   0.9;  60;eor
        603;2025101400;   10;   0.9;  40;eor
        603;2025101401;   10;   0.8; 330;eor
        603;2025101402;   10;   1.3; 300;eor
        603;2025101403;   10;   1.4; 280;eor
        603;2025101404;   10;   1.3; 300;eor
        603;2025101405;   10;   0.8; 310;eor
        603;2025101406;   10;   1.0; 320;eor
        603;2025101407;   10;   1.2; 310;eor
        603;2025101408;   10;   0.8; 360;eor
        603;2025101409;   10;   1.6;  30;eor
        603;2025101410;   10;   2.0;  10;eor
        603;2025101411;   10;   2.2; 340;eor
        603;2025101412;   10;   2.1; 350;eor
        603;2025101413;   10;   2.1; 360;eor
        603;2025101414;   10;   1.4; 320;eor
        603;2025101415;   10;   1.8; 300;eor
        603;2025101416;   10;   1.4; 310;eor
        603;2025101417;   10;   1.6; 310;eor
        603;2025101418;   10;   1.0; 290;eor
        603;2025101419;   10;   1.2; 280;eor
        603;2025101420;   10;   1.4; 260;eor
        603;2025101421;   10;   0.9; 230;eor
        603;2025101422;   10;   1.2; 240;eor
        603;2025101423;   10;   1.6; 260;eor
        603;2025101500;   10;   1.8; 250;eor
        603;2025101501;   10;   1.4; 320;eor
        603;2025101502;   10;   1.6; 290;eor
        603;2025101503;   10;   1.6; 300;eor
        603;2025101504;   10;   0.8; 320;eor
        603;2025101505;   10;   0.8; 350;eor
        603;2025101506;   10;   1.2; 350;eor
        603;2025101507;   10;   1.2; 360;eor
        603;2025101508;   10;   1.5; 360;eor
        603;2025101509;   10;   1.8; 360;eor
        603;2025101510;   10;   2.0; 360;eor
        603;2025101511;   10;   1.6; 360;eor
        603;2025101512;   10;   1.8; 320;eor
        603;2025101513;   10;   2.1; 330;eor
        603;2025101514;   10;   2.0; 350;eor
        603;2025101515;   10;   2.1; 350;eor
        603;2025101516;   10;   1.8;  10;eor
        603;2025101517;   10;   1.3; 350;eor
        603;2025101518;   10;   1.4; 350;eor
        603;2025101519;   10;   1.4; 340;eor
        603;2025101520;   10;   1.2; 310;eor
        603;2025101521;   10;   1.1; 310;eor
        603;2025101522;   10;   1.4; 300;eor
        603;2025101523;   10;   1.5; 290;eor
        603;2025101600;   10;   1.7; 270;eor
        603;2025101601;   10;   1.4; 270;eor
        603;2025101602;   10;   1.4; 260;eor
        603;2025101603;   10;   1.0; 280;eor
        603;2025101604;   10;   1.3; 290;eor
        603;2025101605;   10;   1.7; 290;eor
        603;2025101606;   10;   1.3; 290;eor
        603;2025101607;   10;   1.7; 350;eor
        603;2025101608;   10;   1.7;  20;eor
        603;2025101609;   10;   1.4; 360;eor
        603;2025101610;   10;   1.4; 330;eor
        603;2025101611;   10;   2.1; 300;eor
        603;2025101612;   10;   2.2; 300;eor
        603;2025101613;   10;   2.1; 310;eor
        603;2025101614;   10;   2.0; 290;eor
        603;2025101615;   10;   1.2; 310;eor
        603;2025101616;   10;   1.8; 290;eor
        603;2025101617;   10;   1.3; 300;eor
        603;2025101618;   10;   0.7; 290;eor
        603;2025101619;   10;   1.0; 290;eor
        603;2025101620;   10;   0.8; 280;eor
        603;2025101621;   10;   1.0; 280;eor
        603;2025101622;   10;   1.0; 290;eor
        603;2025101623;   10;   1.0; 270;eor
        603;2025101700;   10;   1.2; 280;eor
        603;2025101701;   10;   1.6; 280;eor
        603;2025101702;   10;   1.8; 290;eor
        603;2025101703;   10;   1.6; 310;eor
        603;2025101704;   10;   1.6; 310;eor
        603;2025101705;   10;   1.7; 310;eor
        603;2025101706;   10;   1.4; 320;eor
        603;2025101707;   10;   1.6; 330;eor
        603;2025101708;   10;   1.2; 320;eor
        603;2025101709;   10;   1.3; 320;eor
        603;2025101710;   10;   1.6; 340;eor
        603;2025101711;   10;   1.0;  30;eor
        603;2025101712;   10;   1.3; 350;eor
        603;2025101713;   10;   2.1; 300;eor
        603;2025101714;   10;   2.6; 290;eor
        603;2025101715;   10;   2.0; 310;eor
        603;2025101716;   10;   1.2; 300;eor
        603;2025101717;   10;   1.4; 300;eor
        603;2025101718;   10;   1.0; 290;eor
        603;2025101719;   10;   1.1; 300;eor
        603;2025101720;   10;   1.1; 270;eor
        603;2025101721;   10;   1.5; 270;eor
        603;2025101722;   10;   1.5; 280;eor
        603;2025101723;   10;   1.7; 290;eor
        603;2025101800;   10;   1.6; 290;eor
        603;2025101801;   10;   1.4; 270;eor
        603;2025101802;   10;   1.5; 290;eor
        603;2025101803;   10;   1.1; 290;eor
        603;2025101804;   10;   0.6; 310;eor
        603;2025101805;   10;   0.6;  30;eor
        603;2025101806;   10;   0.3; 330;eor
        603;2025101807;   10;   0.5;  40;eor
        603;2025101808;   10;   0.9;  50;eor
        603;2025101809;   10;   1.5;  80;eor
        603;2025101810;   10;   2.5;  80;eor
        603;2025101811;   10;   2.1; 100;eor
        603;2025101812;   10;   2.3; 100;eor
        603;2025101813;   10;   2.7; 100;eor
        603;2025101814;   10;   3.5;  90;eor
        603;2025101815;   10;   3.3;  80;eor
        603;2025101816;   10;   2.5;  70;eor
        603;2025101817;   10;   2.0; 110;eor
        603;2025101818;   10;   2.0; 120;eor
        603;2025101819;   10;   2.5; 110;eor
        603;2025101820;   10;   3.1; 100;eor
        603;2025101821;   10;   2.8; 100;eor
        603;2025101822;   10;   3.5; 100;eor
        603;2025101823;   10;   1.7; 140;eor
        603;2025101900;   10;   2.8; 100;eor
        603;2025101901;   10;   2.0;  90;eor
        603;2025101902;   10;   2.7; 110;eor
        603;2025101903;   10;   3.2; 110;eor
        603;2025101904;   10;   3.7; 110;eor
        603;2025101905;   10;   3.8; 110;eor
        603;2025101906;   10;   4.1; 130;eor
        603;2025101907;   10;   4.4; 120;eor
        603;2025101908;   10;   4.3; 130;eor
        603;2025101909;   10;   5.1; 130;eor
        603;2025101910;   10;   5.4; 130;eor
        603;2025101911;   10;   4.5; 130;eor
        603;2025101912;   10;   5.3; 130;eor
        603;2025101913;   10;   4.8; 130;eor
        603;2025101914;   10;   4.8; 150;eor
        603;2025101915;   10;   4.4; 140;eor
        603;2025101916;   10;   5.1; 130;eor
        603;2025101917;   10;   3.2; 120;eor
        603;2025101918;   10;   3.2; 120;eor
        603;2025101919;   10;   3.5; 120;eor
        603;2025101920;   10;   3.5; 120;eor
        603;2025101921;   10;   2.6; 120;eor
        603;2025101922;   10;   3.6; 110;eor
        603;2025101923;   10;   2.4; 100;eor
        603;2025102000;   10;   3.1; 120;eor
        603;2025102001;   10;   3.2; 100;eor
        603;2025102002;   10;   4.1; 150;eor
        603;2025102003;   10;   4.3; 140;eor
        603;2025102004;   10;   4.4; 140;eor
        603;2025102005;   10;   5.8; 150;eor
        603;2025102006;   10;   6.0; 160;eor
        603;2025102007;   10;   6.7; 160;eor
        603;2025102008;   10;   7.2; 160;eor
        603;2025102009;   10;   6.1; 150;eor
        603;2025102010;   10;   4.3; 130;eor
        603;2025102011;   10;   4.6; 150;eor
        603;2025102012;   10;   5.6; 150;eor
        603;2025102013;   10;   5.7; 160;eor
        603;2025102014;   10;   5.4; 160;eor
        603;2025102015;   10;   4.9; 170;eor
        603;2025102016;   10;   5.0; 170;eor
        603;2025102017;   10;   5.1; 160;eor
        603;2025102018;   10;   5.1; 150;eor
        603;2025102019;   10;   4.9; 150;eor
        603;2025102020;   10;   6.0; 170;eor
        603;2025102021;   10;   5.2; 160;eor
        603;2025102022;   10;   6.8; 170;eor
        603;2025102023;   10;   5.2; 170;eor
        603;2025102100;   10;   6.0; 170;eor
        603;2025102101;   10;   5.4; 170;eor
        603;2025102102;   10;   5.4; 170;eor
        603;2025102103;   10;   5.6; 170;eor
        603;2025102104;   10;   6.1; 180;eor
        603;2025102105;   10;   5.5; 190;eor
        603;2025102106;   10;   5.5; 200;eor
        603;2025102107;   10;   6.1; 200;eor
        603;2025102108;   10;   6.4; 210;eor
        603;2025102109;   10;   6.7; 210;eor
        603;2025102110;   10;   6.7; 210;eor
        603;2025102111;   10;   7.8; 220;eor
        603;2025102112;   10;   6.8; 220;eor
        603;2025102113;   10;   8.2; 220;eor
        603;2025102114;   10;   8.0; 220;eor
        603;2025102115;   10;   6.3; 210;eor
        603;2025102116;   10;   3.6; 200;eor
        603;2025102117;   10;   2.8; 170;eor
        603;2025102118;   10;   3.0; 170;eor
        603;2025102119;   10;   3.7; 170;eor
        603;2025102120;   10;   3.8; 160;eor
        603;2025102121;   10;   3.3; 170;eor
        603;2025102122;   10;   2.8; 180;eor
        603;2025102123;   10;   3.3; 170;eor
        603;2025102200;   10;   3.6; 180;eor
        603;2025102201;   10;   3.9; 180;eor
        603;2025102202;   10;   3.0; 180;eor
        603;2025102203;   10;   3.8; 200;eor
        603;2025102204;   10;   3.5; 200;eor
        603;2025102205;   10;   3.3; 200;eor
        603;2025102206;   10;   4.0; 210;eor
        603;2025102207;   10;   4.5; 210;eor
        603;2025102208;   10;   4.2; 200;eor
        603;2025102209;   10;   3.9; 200;eor
        603;2025102210;   10;   3.8; 200;eor
        603;2025102211;   10;   2.7; 200;eor
        603;2025102212;   10;   2.1; 230;eor
        603;2025102213;   10;   2.1; 200;eor
        603;2025102214;   10;   2.5; 200;eor
        603;2025102215;   10;   2.5; 210;eor
        603;2025102216;   10;   2.6; 190;eor
        603;2025102217;   10;   1.8; 170;eor
        603;2025102218;   10;   2.3; 180;eor
        603;2025102219;   10;   2.4; 170;eor
        603;2025102220;   10;   2.5; 160;eor
        603;2025102221;   10;   3.5; 180;eor
        603;2025102222;   10;   2.3; 150;eor
        603;2025102223;   10;   3.0; 150;eor
        603;2025102300;   10;   3.0; 110;eor
        603;2025102301;   10;   4.4; 130;eor
        603;2025102302;   10;   4.7; 140;eor
        603;2025102303;   10;   6.1; 150;eor
        603;2025102304;   10;   8.6; 160;eor
        603;2025102305;   10;   7.3; 160;eor
        603;2025102306;   10;   7.1; 170;eor
        603;2025102307;   10;   7.0; 200;eor
        603;2025102308;   10;   6.3; 210;eor
        603;2025102309;   10;   6.8; 200;eor
        603;2025102310;   10;   8.5; 210;eor
        603;2025102311;   10;   9.2; 210;eor
        603;2025102312;   10;  10.2; 200;eor
        603;2025102313;   10;  10.1; 200;eor
        603;2025102314;   10;  11.0; 200;eor
        603;2025102315;   10;  11.4; 200;eor
        603;2025102316;   10;   9.8; 200;eor
        603;2025102317;   10;   9.6; 220;eor
        603;2025102318;   10;   8.4; 250;eor
        603;2025102319;   10;   9.4; 250;eor
        603;2025102320;   10;  10.0; 250;eor
        603;2025102321;   10;   9.7; 250;eor
        603;2025102322;   10;   8.8; 240;eor
        603;2025102323;   10;   7.5; 230;eor
        603;2025102400;   10;   7.7; 240;eor
        603;2025102401;   10;   7.8; 230;eor
        603;2025102402;   10;   7.4; 240;eor
        603;2025102403;   10;   4.5; 260;eor
        603;2025102404;   10;   5.4; 250;eor
        603;2025102405;   10;   5.6; 240;eor
        603;2025102406;   10;   6.7; 250;eor
        603;2025102407;   10;   6.6; 250;eor
        603;2025102408;   10;   6.6; 240;eor
        603;2025102409;   10;   7.8; 240;eor
        603;2025102410;   10;   8.0; 240;eor
        603;2025102411;   10;   9.6; 240;eor
        603;2025102412;   10;   9.1; 250;eor
        603;2025102413;   10;  10.0; 240;eor
        603;2025102414;   10;   9.4; 240;eor
        603;2025102415;   10;   8.1; 230;eor
        603;2025102416;   10;   7.0; 230;eor
        603;2025102417;   10;   5.8; 220;eor
        603;2025102418;   10;   4.0; 210;eor
        603;2025102419;   10;   5.0; 210;eor
        603;2025102420;   10;   7.0; 220;eor
        603;2025102421;   10;   5.4; 210;eor
        603;2025102422;   10;   5.3; 200;eor
        603;2025102423;   10;   5.3; 210;eor
        603;2025102500;   10;   5.3; 200;eor
        603;2025102501;   10;   5.5; 200;eor
        603;2025102502;   10;   5.4; 200;eor
        603;2025102503;   10;   5.2; 200;eor
        603;2025102504;   10;   5.2; 200;eor
        603;2025102505;   10;   4.9; 200;eor
        603;2025102506;   10;   4.8; 190;eor
        603;2025102507;   10;   5.6; 200;eor
        603;2025102508;   10;   5.7; 200;eor
        603;2025102509;   10;   6.5; 210;eor
        603;2025102510;   10;   6.3; 250;eor
        603;2025102511;   10;   7.6; 250;eor
        603;2025102512;   10;   8.2; 240;eor
        603;2025102513;   10;   8.7; 250;eor
        603;2025102514;   10;   7.9; 250;eor
        603;2025102515;   10;   6.9; 270;eor
        603;2025102516;   10;   5.9; 260;eor
        603;2025102517;   10;   5.1; 270;eor
        603;2025102518;   10;   3.1; 270;eor
        603;2025102519;   10;   3.5; 280;eor
        603;2025102520;   10;   2.8; 260;eor
        603;2025102521;   10;   2.5; 210;eor
        603;2025102522;   10;   3.5; 210;eor
        603;2025102523;   10;   4.5; 250;eor
        603;2025102600;   10;   4.2; 230;eor
        603;2025102601;   10;   5.2; 230;eor
        603;2025102602;   10;   5.0; 250;eor
        603;2025102603;   10;   5.8; 250;eor
        603;2025102604;   10;   5.5; 240;eor
        603;2025102605;   10;   6.0; 240;eor
        603;2025102606;   10;   5.8; 240;eor
        603;2025102607;   10;   7.1; 230;eor
        603;2025102608;   10;   7.0; 240;eor
        603;2025102609;   10;   8.7; 250;eor
        603;2025102610;   10;  10.7; 250;eor
        603;2025102611;   10;   9.6; 250;eor
        603;2025102612;   10;   8.8; 260;eor
        603;2025102613;   10;   8.0; 260;eor
        603;2025102614;   10;   8.1; 250;eor
        603;2025102615;   10;   7.5; 260;eor
        603;2025102616;   10;   7.7; 260;eor
        603;2025102617;   10;   6.3; 250;eor
        603;2025102618;   10;   5.4; 240;eor
        603;2025102619;   10;   5.0; 230;eor
        603;2025102620;   10;   5.9; 230;eor
        603;2025102621;   10;   6.8; 240;eor
        603;2025102622;   10;   6.2; 230;eor
        603;2025102623;   10;   5.1; 210;eor
        603;2025102700;   10;   5.1; 210;eor
        603;2025102701;   10;   5.5; 200;eor
        603;2025102702;   10;   6.7; 200;eor
        603;2025102703;   10;   6.9; 210;eor
        603;2025102704;   10;   6.4; 220;eor
        603;2025102705;   10;   6.9; 230;eor
        603;2025102706;   10;   5.9; 220;eor
        603;2025102707;   10;   6.3; 250;eor
        603;2025102708;   10;   6.0; 260;eor
        603;2025102709;   10;   6.6; 270;eor
        603;2025102710;   10;   5.8; 270;eor
        603;2025102711;   10;   7.8; 270;eor
        603;2025102712;   10;   8.1; 270;eor
        603;2025102713;   10;   7.4; 270;eor
        603;2025102714;   10;   7.3; 260;eor
        603;2025102715;   10;   6.0; 270;eor
        603;2025102716;   10;   4.9; 260;eor
        603;2025102717;   10;   6.2; 260;eor
        603;2025102718;   10;   5.3; 270;eor
        603;2025102719;   10;   4.7; 270;eor
        603;2025102720;   10;   5.0; 270;eor
        603;2025102721;   10;   4.5; 260;eor
        603;2025102722;   10;   4.4; 250;eor
        603;2025102723;   10;   4.6; 230;eor
        603;2025102800;   10;   4.3; 240;eor
        603;2025102801;   10;   4.2; 220;eor
        603;2025102802;   10;   4.3; 210;eor
        603;2025102803;   10;   5.1; 210;eor
        603;2025102804;   10;   4.5; 200;eor
        603;2025102805;   10;   5.0; 190;eor
        603;2025102806;   10;   5.6; 200;eor
        603;2025102807;   10;   6.3; 210;eor
        603;2025102808;   10;   5.7; 210;eor
        603;2025102809;   10;   6.3; 230;eor
        603;2025102810;   10;   7.0; 240;eor
        603;2025102811;   10;   7.0; 250;eor
        603;2025102812;   10;   5.0; 240;eor
        603;2025102813;   10;   5.1; 250;eor
        603;2025102814;   10;   5.7; 240;eor
        603;2025102815;   10;   6.1; 250;eor
        603;2025102816;   10;   5.7; 260;eor
        603;2025102817;   10;   7.1; 260;eor
        603;2025102818;   10;   6.8; 250;eor
        603;2025102819;   10;   6.2; 240;eor
        603;2025102820;   10;   3.7; 230;eor
        603;2025102821;   10;   4.0; 220;eor
        603;2025102822;   10;   3.8; 220;eor
        603;2025102823;   10;   3.4; 220;eor
        603;2025102900;   10;   2.9; 200;eor
        603;2025102901;   10;   4.0; 200;eor
        603;2025102902;   10;   2.4; 200;eor
        603;2025102903;   10;   3.6; 190;eor
        603;2025102904;   10;   4.0; 200;eor
        603;2025102905;   10;   4.1; 200;eor
        603;2025102906;   10;   3.7; 190;eor
        603;2025102907;   10;   4.7; 190;eor
        603;2025102908;   10;   3.1; 180;eor
        603;2025102909;   10;   3.4; 170;eor
        603;2025102910;   10;   3.5; 150;eor
        603;2025102911;   10;   4.8; 160;eor
        603;2025102912;   10;   4.8; 160;eor
        603;2025102913;   10;   4.5; 160;eor
        603;2025102914;   10;   4.1; 140;eor
        603;2025102915;   10;   3.3; 130;eor
        603;2025102916;   10;   4.1; 150;eor
        603;2025102917;   10;   3.3; 140;eor
        603;2025102918;   10;   4.2; 150;eor
        603;2025102919;   10;   5.1; 180;eor
        603;2025102920;   10;   4.5; 180;eor
        603;2025102921;   10;   3.1; 190;eor
        603;2025102922;   10;   4.0; 190;eor
        603;2025102923;   10;   4.9; 160;eor
        603;2025103000;   10;   5.3; 190;eor
        603;2025103001;   10;   3.4; 230;eor
        603;2025103002;   10;   4.0; 260;eor
        603;2025103003;   10;   4.9; 250;eor
        603;2025103004;   10;   5.7; 270;eor
        603;2025103005;   10;   5.0; 260;eor
        603;2025103006;   10;   4.7; 260;eor
        603;2025103007;   10;   4.8; 260;eor
        603;2025103008;   10;   4.9; 250;eor
        603;2025103009;   10;   5.5; 230;eor
        603;2025103010;   10;   5.3; 240;eor
        603;2025103011;   10;   5.9; 250;eor
        603;2025103012;   10;   5.9; 250;eor
        603;2025103013;   10;   5.0; 260;eor
        603;2025103014;   10;   5.1; 250;eor
        603;2025103015;   10;   4.3; 250;eor
        603;2025103016;   10;   3.0; 250;eor
        603;2025103017;   10;   2.1; 220;eor
        603;2025103018;   10;   3.4; 200;eor
        603;2025103019;   10;   3.4; 200;eor
        603;2025103020;   10;   2.8; 190;eor
        603;2025103021;   10;   3.0; 180;eor
        603;2025103022;   10;   1.0; 130;eor
        603;2025103023;   10;   0.9; 200;eor
        603;2025103100;   10;   1.4; 130;eor
        603;2025103101;   10;   1.5; 110;eor
        603;2025103102;   10;   2.6; 120;eor
        603;2025103103;   10;   2.8; 120;eor
        603;2025103104;   10;   4.3; 130;eor
        603;2025103105;   10;   4.7; 140;eor
        603;2025103106;   10;   3.4; 120;eor
        603;2025103107;   10;   2.8; 100;eor
        603;2025103108;   10;   3.6; 110;eor
        603;2025103109;   10;   6.0; 130;eor
        603;2025103110;   10;   5.2; 140;eor
        603;2025103111;   10;   3.6; 140;eor
        603;2025103112;   10;   4.2; 150;eor
        603;2025103113;   10;   4.5; 150;eor
        603;2025103114;   10;   4.7; 160;eor
        603;2025103115;   10;   3.1; 130;eor
        603;2025103116;   10;   2.9; 130;eor
        603;2025103117;   10;   4.0; 160;eor
        603;2025103118;   10;   4.3; 160;eor
        603;2025103119;   10;   5.0; 160;eor
        603;2025103120;   10;   4.4; 160;eor
        603;2025103121;   10;   2.8; 150;eor
        603;2025103122;   10;   2.2; 150;eor
        603;2025103123;   10;   0.9;  70;eor
        603;2025110100;   10;   2.2; 140;eor
        603;2025110101;   10;   2.4; 130;eor
        603;2025110102;   10;   2.9; 130;eor
        603;2025110103;   10;   3.5; 150;eor
        603;2025110104;   10;   3.2; 100;eor
        603;2025110105;   10;   4.5; 100;eor
        603;2025110106;   10;   2.1; 100;eor
        603;2025110107;   10;   2.8; 140;eor
        603;2025110108;   10;   2.7;  70;eor
        603;2025110109;   10;   3.4; 110;eor
        603;2025110110;   10;   6.0; 160;eor
        603;2025110111;   10;   5.8; 160;eor
        603;2025110112;   10;   6.5; 170;eor
        603;2025110113;   10;   6.7; 180;eor
        603;2025110114;   10;   6.0; 200;eor
        603;2025110115;   10;   3.3; 270;eor
        603;2025110116;   10;   2.1; 190;eor
        603;2025110117;   10;   2.0; 170;eor
        603;2025110118;   10;   3.5; 190;eor
        603;2025110119;   10;   4.5; 200;eor
        603;2025110120;   10;   4.4; 210;eor
        603;2025110121;   10;   4.6; 210;eor
        603;2025110122;   10;   4.3; 200;eor
        603;2025110123;   10;   2.9; 200;eor
        603;2025110200;   10;   4.7; 200;eor
        603;2025110201;   10;   5.7; 210;eor
        603;2025110202;   10;   5.6; 200;eor
        603;2025110203;   10;   4.9; 200;eor
        603;2025110204;   10;   4.5; 200;eor
        603;2025110205;   10;   4.2; 200;eor
        603;2025110206;   10;   4.6; 200;eor
        603;2025110207;   10;   4.8; 200;eor
        603;2025110208;   10;   4.4; 210;eor
        603;2025110209;   10;   4.4; 200;eor
        603;2025110210;   10;   4.5; 200;eor
        603;2025110211;   10;   4.9; 200;eor
        603;2025110212;   10;   5.1; 200;eor
        603;2025110213;   10;   4.6; 210;eor
        603;2025110214;   10;   4.7; 210;eor
        603;2025110215;   10;   4.5; 200;eor
        603;2025110216;   10;   3.6; 210;eor
        603;2025110217;   10;   5.5; 250;eor
        603;2025110218;   10;   2.8; 220;eor
        603;2025110219;   10;   3.5; 210;eor
        603;2025110220;   10;   3.6; 210;eor
        603;2025110221;   10;   3.8; 210;eor
        603;2025110222;   10;   3.1; 240;eor
        603;2025110223;   10;   2.8; 230;eor
        603;2025110300;   10;   3.6; 230;eor
        603;2025110301;   10;   3.6; 210;eor
        603;2025110302;   10;   4.3; 200;eor
        603;2025110303;   10;   4.4; 200;eor
        603;2025110304;   10;   5.2; 200;eor
        603;2025110305;   10;   5.4; 200;eor
        603;2025110306;   10;   5.6; 200;eor
        603;2025110307;   10;   5.1; 200;eor
        603;2025110308;   10;   5.5; 200;eor
        603;2025110309;   10;   5.7; 200;eor
        603;2025110310;   10;   6.2; 190;eor
        603;2025110311;   10;   6.3; 200;eor
        603;2025110312;   10;   6.1; 200;eor
        603;2025110313;   10;   6.9; 200;eor
        603;2025110314;   10;   7.1; 200;eor
        603;2025110315;   10;   6.4; 210;eor
        603;2025110316;   10;   6.1; 210;eor
        603;2025110317;   10;   6.0; 200;eor
        603;2025110318;   10;   6.2; 200;eor
        603;2025110319;   10;   6.4; 210;eor
        603;2025110320;   10;   5.7; 200;eor
        603;2025110321;   10;   6.4; 200;eor
        603;2025110322;   10;   6.7; 190;eor
        603;2025110323;   10;   6.5; 200;eor
        603;2025110400;   10;   6.0; 190;eor
        603;2025110401;   10;   5.6; 190;eor
        603;2025110402;   10;   5.4; 190;eor
        603;2025110403;   10;   5.6; 190;eor
        603;2025110404;   10;   4.9; 190;eor
        603;2025110405;   10;   4.4; 190;eor
        603;2025110406;   10;   3.9; 170;eor
        603;2025110407;   10;   4.2; 180;eor
        603;2025110408;   10;   4.2; 180;eor
        603;2025110409;   10;   4.9; 170;eor
        603;2025110410;   10;   5.2; 160;eor
        603;2025110411;   10;   5.2; 160;eor
        603;2025110412;   10;   4.7; 170;eor
        603;2025110413;   10;   5.2; 160;eor
        603;2025110414;   10;   5.4; 160;eor
        603;2025110415;   10;   4.6; 160;eor
        603;2025110416;   10;   3.6; 150;eor
        603;2025110417;   10;   3.9; 140;eor
        603;2025110418;   10;   3.4; 130;eor
        603;2025110419;   10;   4.2; 140;eor
        603;2025110420;   10;   2.5; 150;eor
        603;2025110421;   10;   2.9; 150;eor
        603;2025110422;   10;   3.3; 140;eor
        603;2025110423;   10;   2.5; 120;eor
        603;2025110500;   10;   2.9; 130;eor
        603;2025110501;   10;   2.2;  90;eor
        603;2025110502;   10;   1.1;  40;eor
        603;2025110503;   10;   1.1;  60;eor
        603;2025110504;   10;   3.3; 110;eor
        603;2025110505;   10;   2.5; 120;eor
        603;2025110506;   10;   1.3;  80;eor
        603;2025110507;   10;   1.3;  90;eor
        603;2025110508;   10;   1.4; 120;eor
        603;2025110509;   10;   2.1;  90;eor
        603;2025110510;   10;   2.9; 110;eor
        603;2025110511;   10;   3.6; 120;eor
        603;2025110512;   10;   3.5; 110;eor
        603;2025110513;   10;   4.2; 120;eor
        603;2025110514;   10;   3.7; 120;eor
        603;2025110515;   10;   3.3; 150;eor
        603;2025110516;   10;   4.0; 160;eor
        603;2025110517;   10;   4.0; 120;eor
        603;2025110518;   10;   4.2; 130;eor
        603;2025110519;   10;   3.8; 130;eor
        603;2025110520;   10;   3.7; 130;eor
        603;2025110521;   10;   4.0; 150;eor
        603;2025110522;   10;   3.2; 130;eor
        603;2025110523;   10;   3.6; 120;eor
        603;2025110600;   10;   3.4; 110;eor
        603;2025110601;   10;   4.8; 100;eor
        603;2025110602;   10;   4.2; 100;eor
        603;2025110603;   10;   2.1; 140;eor
        603;2025110604;   10;   3.4; 100;eor
        603;2025110605;   10;   3.8; 110;eor
        603;2025110606;   10;   4.7; 110;eor
        603;2025110607;   10;   4.0; 100;eor
        603;2025110608;   10;   2.5; 110;eor
        603;2025110609;   10;   1.3; 280;eor
        603;2025110610;   10;   0.9; 230;eor
        603;2025110611;   10;   4.2; 130;eor
        603;2025110612;   10;   3.3; 150;eor
        603;2025110613;   10;   2.1; 140;eor
        603;2025110614;   10;   2.5; 130;eor
        603;2025110615;   10;   2.9; 130;eor
        603;2025110616;   10;   2.3; 110;eor
        603;2025110617;   10;   1.7; 100;eor
        603;2025110618;   10;   2.5; 110;eor
        603;2025110619;   10;   1.4; 110;eor
        603;2025110620;   10;   1.5;  70;eor
        603;2025110621;   10;   1.1;  80;eor
        603;2025110622;   10;   1.0;  20;eor
        603;2025110623;   10;   1.2; 130;eor
        603;2025110700;   10;   0.7; 130;eor
        603;2025110701;   10;   0.5;  90;eor
        603;2025110702;   10;   0.9; 110;eor
        603;2025110703;   10;   0.7; 110;eor
        603;2025110704;   10;   0.8; 300;eor
        603;2025110705;   10;   0.7;  30;eor
        603;2025110706;   10;   1.4; 150;eor
        603;2025110707;   10;   1.5; 190;eor
        603;2025110708;   10;   1.4; 190;eor
        603;2025110709;   10;   1.2; 130;eor
        603;2025110710;   10;   1.6; 220;eor
        603;2025110711;   10;   2.1; 110;eor
        603;2025110712;   10;   1.7; 170;eor
        603;2025110713;   10;   2.4;  90;eor
        603;2025110714;   10;   3.7; 110;eor
        603;2025110715;   10;   1.4; 180;eor
        603;2025110716;   10;   1.4; 130;eor
        603;2025110717;   10;   2.2; 110;eor
        603;2025110718;   10;   2.1; 110;eor
        603;2025110719;   10;   2.2; 110;eor
        603;2025110720;   10;   2.4; 110;eor
        603;2025110721;   10;   1.9; 120;eor
        603;2025110722;   10;   1.2; 110;eor
        603;2025110723;   10;   1.2; 110;eor
        603;2025110800;   10;   1.6; 110;eor
        603;2025110801;   10;   2.0; 120;eor
        603;2025110802;   10;   0.6; 140;eor
        603;2025110803;   10;   0.9; 110;eor
        603;2025110804;   10;   0.7; 100;eor
        603;2025110805;   10;   1.5; 110;eor
        603;2025110806;   10;   2.4; 110;eor
        603;2025110807;   10;   1.5; 130;eor
        603;2025110808;   10;   1.2; 200;eor
        603;2025110809;   10;   0.9; 190;eor
        603;2025110810;   10;   1.5; 240;eor
        603;2025110811;   10;   2.2; 240;eor
        603;2025110812;   10;   1.4; 230;eor
        603;2025110813;   10;   2.3; 240;eor
        603;2025110814;   10;   1.2; 270;eor
        603;2025110815;   10;   1.4; 230;eor
        603;2025110816;   10;   2.7; 220;eor
        603;2025110817;   10;   1.6; 220;eor
        603;2025110818;   10;   0.9; 180;eor
        603;2025110819;   10;   1.0; 240;eor
        603;2025110820;   10;   0.7; 200;eor
        603;2025110821;   10;   0.6; 270;eor
        603;2025110822;   10;   1.9; 240;eor
        603;2025110823;   10;   2.5; 230;eor
        603;2025110900;   10;   2.1; 240;eor
        603;2025110901;   10;   2.6; 240;eor
        603;2025110902;   10;   1.9; 250;eor
        603;2025110903;   10;   1.8; 250;eor
        603;2025110904;   10;   1.6; 240;eor
        603;2025110905;   10;   1.8; 260;eor
        603;2025110906;   10;   1.3; 300;eor
        603;2025110907;   10;   1.2; 290;eor
        603;2025110908;   10;   1.4; 290;eor
        603;2025110909;   10;   1.5; 290;eor
        603;2025110910;   10;   1.5; 290;eor
        603;2025110911;   10;   1.8; 290;eor
        603;2025110912;   10;   2.2; 280;eor
        603;2025110913;   10;   2.7; 260;eor
        603;2025110914;   10;   1.7; 260;eor
        603;2025110915;   10;   2.6; 270;eor
        603;2025110916;   10;   2.0; 270;eor
        603;2025110917;   10;   2.0; 250;eor
        603;2025110918;   10;   2.0; 250;eor
        603;2025110919;   10;   2.1; 250;eor
        603;2025110920;   10;   2.9; 230;eor
        603;2025110921;   10;   3.7; 220;eor
        603;2025110922;   10;   3.2; 230;eor
        603;2025110923;   10;   3.1; 220;eor
        603;2025111000;   10;   2.2; 230;eor
        603;2025111001;   10;   1.3; 230;eor
        603;2025111002;   10;   1.0; 200;eor
        603;2025111003;   10;   1.1; 210;eor
        603;2025111004;   10;   0.5; 130;eor
        603;2025111005;   10;   0.8;  80;eor
        603;2025111006;   10;   1.7;  90;eor
        603;2025111007;   10;   1.2; 120;eor
        603;2025111008;   10;   1.7; 180;eor
        603;2025111009;   10;   2.1; 160;eor
        603;2025111010;   10;   2.7; 170;eor
        603;2025111011;   10;   4.4; 180;eor
        603;2025111012;   10;   3.2; 170;eor
        603;2025111013;   10;   3.1; 160;eor
        603;2025111014;   10;   3.6; 150;eor
        603;2025111015;   10;   3.8; 130;eor
        603;2025111016;   10;   2.6; 130;eor
        603;2025111017;   10;   3.0; 120;eor
        603;2025111018;   10;   3.2; 120;eor
        603;2025111019;   10;   2.9; 120;eor
        603;2025111020;   10;   3.7; 120;eor
        603;2025111021;   10;   3.5; 160;eor
        603;2025111022;   10;   3.0; 170;eor
        603;2025111023;   10;   2.0; 180;eor
        603;2025111100;   10;   3.0; 180;eor
        603;2025111101;   10;   5.1; 200;eor
        603;2025111102;   10;   6.1; 200;eor
        603;2025111103;   10;   5.4; 200;eor
        603;2025111104;   10;   5.8; 200;eor
        603;2025111105;   10;   5.2; 200;eor
        603;2025111106;   10;   4.2; 190;eor
        603;2025111107;   10;   4.7; 190;eor
        603;2025111108;   10;   4.6; 200;eor
        603;2025111109;   10;   5.2; 200;eor
        603;2025111110;   10;   5.5; 190;eor
        603;2025111111;   10;   5.0; 190;eor
        603;2025111112;   10;   5.2; 190;eor
        603;2025111113;   10;   5.4; 200;eor
        603;2025111114;   10;   5.4; 200;eor
        603;2025111115;   10;   4.7; 200;eor
        603;2025111116;   10;   5.2; 210;eor
        603;2025111117;   10;   2.3; 170;eor
        603;2025111118;   10;   2.5; 140;eor
        603;2025111119;   10;   3.0; 150;eor
        603;2025111120;   10;   3.3; 140;eor
        603;2025111121;   10;   4.5; 170;eor
        603;2025111122;   10;   4.4; 170;eor
        603;2025111123;   10;   3.0; 130;eor
        603;2025111200;   10;   4.2; 160;eor
        603;2025111201;   10;   6.1; 180;eor
        603;2025111202;   10;   1.9; 140;eor
        603;2025111203;   10;   2.4; 130;eor
        603;2025111204;   10;   2.1; 130;eor
        603;2025111205;   10;   3.1; 140;eor
        603;2025111206;   10;   3.6; 130;eor
        603;2025111207;   10;   3.5; 130;eor
        603;2025111208;   10;   4.0; 150;eor
        603;2025111209;   10;   5.0; 160;eor
        603;2025111210;   10;   4.9; 170;eor
        603;2025111211;   10;   4.0; 170;eor
        603;2025111212;   10;   4.6; 170;eor
        603;2025111213;   10;   4.3; 170;eor
        603;2025111214;   10;   4.6; 170;eor
        603;2025111215;   10;   5.0; 150;eor
        603;2025111216;   10;   5.0; 160;eor
        603;2025111217;   10;   4.0; 160;eor
        603;2025111218;   10;   4.9; 160;eor
        603;2025111219;   10;   4.3; 160;eor
        603;2025111220;   10;   4.6; 160;eor
        603;2025111221;   10;   4.6; 160;eor
        603;2025111222;   10;   4.0; 160;eor
        603;2025111223;   10;   3.2; 170;eor
        603;2025111300;   10;   4.6; 200;eor
        603;2025111301;   10;   4.7; 180;eor
        603;2025111302;   10;   4.5; 180;eor
        603;2025111303;   10;   7.4; 200;eor
        603;2025111304;   10;   8.1; 200;eor
        603;2025111305;   10;   7.8; 200;eor
        603;2025111306;   10;   6.9; 200;eor
        603;2025111307;   10;   6.9; 200;eor
        603;2025111308;   10;   5.5; 190;eor
        603;2025111309;   10;   4.6; 190;eor
        603;2025111310;   10;   5.7; 200;eor
        603;2025111311;   10;   4.8; 210;eor
        603;2025111312;   10;   3.0; 210;eor
        603;2025111313;   10;   2.9; 200;eor
        603;2025111314;   10;   2.8; 190;eor
        603;2025111315;   10;   3.8; 200;eor
        603;2025111316;   10;   3.7; 200;eor
        603;2025111317;   10;   3.1; 200;eor
        603;2025111318;   10;   4.4; 200;eor
        603;2025111319;   10;   1.0; 130;eor
        603;2025111320;   10;   1.6; 140;eor
        603;2025111321;   10;   3.3; 130;eor
        603;2025111322;   10;   3.5; 130;eor
        603;2025111323;   10;   1.2;  10;eor
        603;2025111400;   10;   3.3; 130;eor
        603;2025111401;   10;   2.8; 120;eor
        603;2025111402;   10;   1.9; 120;eor
        603;2025111403;   10;   2.5; 110;eor
        603;2025111404;   10;   1.6;  70;eor
        603;2025111405;   10;   1.4;  70;eor
        603;2025111406;   10;   2.8; 140;eor
        603;2025111407;   10;   2.9; 140;eor
        603;2025111408;   10;   0.8;  70;eor
        603;2025111409;   10;   2.0; 200;eor
        603;2025111410;   10;   4.7; 200;eor
        603;2025111411;   10;   5.4; 200;eor
        603;2025111412;   10;   5.6; 200;eor
        603;2025111413;   10;   4.4; 200;eor
        603;2025111414;   10;   2.8; 170;eor
        603;2025111415;   10;   1.3; 130;eor
        603;2025111416;   10;   1.5; 170;eor
        603;2025111417;   10;   1.0; 130;eor
        603;2025111418;   10;   1.6; 160;eor
        603;2025111419;   10;   1.5; 160;eor
        603;2025111420;   10;   1.3; 120;eor
        603;2025111421;   10;   2.1; 130;eor
        603;2025111422;   10;   2.0; 150;eor
        603;2025111423;   10;   4.0; 170;eor
        603;2025111500;   10;   2.8; 160;eor
        603;2025111501;   10;   2.0; 120;eor
        603;2025111502;   10;   1.4; 150;eor
        603;2025111503;   10;   3.6; 210;eor
        603;2025111504;   10;   3.7; 200;eor
        603;2025111505;   10;   2.6; 200;eor
        603;2025111506;   10;   1.8; 170;eor
        603;2025111507;   10;   1.8; 140;eor
        603;2025111508;   10;   1.8; 110;eor
        603;2025111509;   10;   0.8; 120;eor
        603;2025111510;   10;   1.9; 200;eor
        603;2025111511;   10;   3.3; 220;eor
        603;2025111512;   10;   4.0; 220;eor
        603;2025111513;   10;   3.1; 220;eor
        603;2025111514;   10;   2.4; 210;eor
        603;2025111515;   10;   0.9; 260;eor
        603;2025111516;   10;   0.8;  40;eor
        603;2025111517;   10;   0.5;  40;eor
        603;2025111518;   10;   0.7; 170;eor
        603;2025111519;   10;   2.1; 180;eor
        603;2025111520;   10;   1.8; 180;eor
        603;2025111521;   10;   1.2; 120;eor
        603;2025111522;   10;   3.2; 200;eor
        603;2025111523;   10;   1.9; 170;eor
        603;2025111600;   10;   3.7; 190;eor
        603;2025111601;   10;   4.7; 190;eor
        603;2025111602;   10;   4.8; 200;eor
        603;2025111603;   10;   3.9; 220;eor
        603;2025111604;   10;   3.0; 200;eor
        603;2025111605;   10;   3.6; 200;eor
        603;2025111606;   10;   5.3; 200;eor
        603;2025111607;   10;   5.2; 210;eor
        603;2025111608;   10;   4.9; 210;eor
        603;2025111609;   10;   4.5; 210;eor
        603;2025111610;   10;   4.1; 200;eor
        603;2025111611;   10;   3.7; 200;eor
        603;2025111612;   10;   2.6; 220;eor
        603;2025111613;   10;   2.1; 270;eor
        603;2025111614;   10;   2.8; 300;eor
        603;2025111615;   10;   2.4; 300;eor
        603;2025111616;   10;   2.5; 310;eor
        603;2025111617;   10;   2.8; 310;eor
        603;2025111618;   10;   2.7; 300;eor
        603;2025111619;   10;   3.1; 290;eor
        603;2025111620;   10;   2.8; 310;eor
        603;2025111621;   10;   2.3; 310;eor
        603;2025111622;   10;   2.7; 330;eor
        603;2025111623;   10;   2.3; 330;eor
        603;2025111700;   10;   2.2; 330;eor
        603;2025111701;   10;   3.0; 320;eor
        603;2025111702;   10;   2.4; 310;eor
        603;2025111703;   10;   2.3; 290;eor
        603;2025111704;   10;   1.9; 260;eor
        603;2025111705;   10;   2.1; 260;eor
        603;2025111706;   10;   2.3; 260;eor
        603;2025111707;   10;   2.1; 270;eor
        603;2025111708;   10;   2.8; 280;eor
        603;2025111709;   10;   2.3; 290;eor
        603;2025111710;   10;   2.8; 310;eor
        603;2025111711;   10;   3.6; 310;eor
        603;2025111712;   10;   4.2; 310;eor
        603;2025111713;   10;   3.7; 310;eor
        603;2025111714;   10;   2.9; 320;eor
        603;2025111715;   10;   2.8; 320;eor
        603;2025111716;   10;   2.5; 320;eor
        603;2025111717;   10;   1.9; 300;eor
        603;2025111718;   10;   2.3; 290;eor
        603;2025111719;   10;   2.2; 270;eor
        603;2025111720;   10;   2.7; 260;eor
        603;2025111721;   10;   3.5; 250;eor
        603;2025111722;   10;   3.3; 250;eor
        603;2025111723;   10;   3.5; 240;eor
        603;2025111800;   10;   2.7; 260;eor
        603;2025111801;   10;   1.4; 280;eor
        603;2025111802;   10;   2.2; 230;eor
        603;2025111803;   10;   2.8; 240;eor
        603;2025111804;   10;   2.9; 230;eor
        603;2025111805;   10;   2.5; 230;eor
        603;2025111806;   10;   3.1; 230;eor
        603;2025111807;   10;   3.5; 210;eor
        603;2025111808;   10;   4.6; 210;eor
        603;2025111809;   10;   6.3; 200;eor
        603;2025111810;   10;   6.3; 200;eor
        603;2025111811;   10;   5.8; 200;eor
        603;2025111812;   10;   5.3; 190;eor
        603;2025111813;   10;   5.0; 190;eor
        603;2025111814;   10;   6.1; 230;eor
        603;2025111815;   10;   5.4; 240;eor
        603;2025111816;   10;   4.8; 230;eor
        603;2025111817;   10;   4.9; 210;eor
        603;2025111818;   10;   6.0; 220;eor
        603;2025111819;   10;   6.2; 230;eor
        603;2025111820;   10;   6.1; 220;eor
        603;2025111821;   10;   4.2; 210;eor
        603;2025111822;   10;   4.5; 210;eor
        603;2025111823;   10;   4.9; 190;eor
        603;2025111900;   10;   5.0; 200;eor
        603;2025111901;   10;   4.3; 200;eor
        603;2025111902;   10;   4.1; 180;eor
        603;2025111903;   10;   6.0; 190;eor
        603;2025111904;   10;   3.7; 180;eor
        603;2025111905;   10;   3.3; 170;eor
        603;2025111906;   10;   4.9; 180;eor
        603;2025111907;   10;   5.8; 190;eor
        603;2025111908;   10;   5.5; 200;eor
        603;2025111909;   10;   5.5; 200;eor
        603;2025111910;   10;   5.0; 190;eor
        603;2025111911;   10;   5.1; 190;eor
        603;2025111912;   10;   4.3; 190;eor
        603;2025111913;   10;   4.2; 170;eor
        603;2025111914;   10;   4.2; 170;eor
        603;2025111915;   10;   5.1; 190;eor
        603;2025111916;   10;   5.0; 180;eor
        603;2025111917;   10;   5.6; 180;eor
        603;2025111918;   10;   5.0; 180;eor
        603;2025111919;   10;   4.4; 170;eor
        603;2025111920;   10;   5.0; 200;eor
        603;2025111921;   10;   3.3; 220;eor
        603;2025111922;   10;   3.0; 220;eor
        603;2025111923;   10;   4.1; 210;eor
        603;2025112000;   10;   4.1; 260;eor
        603;2025112001;   10;   4.4; 280;eor
        603;2025112002;   10;   3.1; 280;eor
        603;2025112003;   10;   3.0; 290;eor
        603;2025112004;   10;   3.4; 310;eor
        603;2025112005;   10;   3.2; 300;eor
        603;2025112006;   10;   2.6; 310;eor
        603;2025112007;   10;   3.0; 290;eor
        603;2025112008;   10;   2.8; 290;eor
        603;2025112009;   10;   2.7; 280;eor
        603;2025112010;   10;   3.4; 270;eor
        603;2025112011;   10;   3.1; 280;eor
        603;2025112012;   10;   2.4; 290;eor
        603;2025112013;   10;   1.8; 320;eor
        603;2025112014;   10;   1.3; 320;eor
        603;2025112015;   10;   0.8; 220;eor
        603;2025112016;   10;   1.2; 120;eor
        603;2025112017;   10;   1.9; 130;eor
        603;2025112018;   10;   1.8; 120;eor
        603;2025112019;   10;   1.3; 100;eor
        603;2025112020;   10;   1.9; 120;eor
        603;2025112021;   10;   1.6; 130;eor
        603;2025112022;   10;   1.6; 120;eor
        603;2025112023;   10;   1.2; 130;eor
        603;2025112100;   10;   1.1; 100;eor
        603;2025112101;   10;   1.2; 100;eor
        603;2025112102;   10;   1.0;  70;eor
        603;2025112103;   10;   1.1;  50;eor
        603;2025112104;   10;   1.9; 100;eor
        603;2025112105;   10;   1.8; 120;eor
        603;2025112106;   10;   2.4;  60;eor
        603;2025112107;   10;   1.8;  60;eor
        603;2025112108;   10;   1.9;  60;eor
        603;2025112109;   10;   1.6;  80;eor
        603;2025112110;   10;   1.6;  40;eor
        603;2025112111;   10;   0.9;  50;eor
        603;2025112112;   10;   2.1;  20;eor
        603;2025112113;   10;   3.2;  20;eor
        603;2025112114;   10;   3.3;  20;eor
        603;2025112115;   10;   3.4;  10;eor
        603;2025112116;   10;   2.6;  20;eor
        603;2025112117;   10;   1.1;  20;eor
        603;2025112118;   10;   0.9;  40;eor
        603;2025112119;   10;   0.7;  90;eor
        603;2025112120;   10;   1.0; 140;eor
        603;2025112121;   10;   1.3; 180;eor
        603;2025112122;   10;   1.0; 190;eor
        603;2025112123;   10;   1.0; 210;eor
        603;2025112200;   10;   0.9; 240;eor
        603;2025112201;   10;   0.5; 140;eor
        603;2025112202;   10;   0.3; 240;eor
        603;2025112203;   10;   1.8; 190;eor
        603;2025112204;   10;   1.9; 250;eor
        603;2025112205;   10;   0.9;  40;eor
        603;2025112206;   10;   1.4; 220;eor
        603;2025112207;   10;   1.9; 210;eor
        603;2025112208;   10;   1.1; 190;eor
        603;2025112209;   10;   1.3; 180;eor
        603;2025112210;   10;   1.4; 310;eor
        603;2025112211;   10;   0.9;  10;eor
        603;2025112212;   10;   1.2; 230;eor
        603;2025112213;   10;   2.6; 180;eor
        603;2025112214;   10;   2.5; 170;eor
        603;2025112215;   10;   2.2; 170;eor
        603;2025112216;   10;   2.7; 180;eor
        603;2025112217;   10;   3.6; 170;eor
        603;2025112218;   10;   3.5; 170;eor
        603;2025112219;   10;   4.2; 170;eor
        603;2025112220;   10;   4.3; 160;eor
        603;2025112221;   10;   4.1; 150;eor
        603;2025112222;   10;   2.8; 150;eor
        603;2025112223;   10;   2.5; 130;eor
        603;2025112300;   10;   3.4; 140;eor
        603;2025112301;   10;   3.4; 140;eor
        603;2025112302;   10;   1.5; 130;eor
        603;2025112303;   10;   3.1; 130;eor
        603;2025112304;   10;   3.0; 140;eor
        603;2025112305;   10;   4.5; 120;eor
        603;2025112306;   10;   3.6; 100;eor
        603;2025112307;   10;   3.5; 120;eor
        603;2025112308;   10;   4.3; 130;eor
        603;2025112309;   10;   4.9; 100;eor
        603;2025112310;   10;   3.7; 120;eor
        603;2025112311;   10;   5.9; 150;eor
        603;2025112312;   10;   6.4; 150;eor
        603;2025112313;   10;   6.7; 150;eor
        603;2025112314;   10;   6.8; 150;eor
        603;2025112315;   10;   6.1; 150;eor
        603;2025112316;   10;   6.9; 160;eor
        603;2025112317;   10;   7.8; 170;eor
        603;2025112318;   10;   5.6; 170;eor
        603;2025112319;   10;   5.3; 180;eor
        603;2025112320;   10;   4.2; 180;eor
        603;2025112321;   10;   2.6; 170;eor
        603;2025112322;   10;   3.6; 190;eor
        603;2025112323;   10;   4.2; 190;eor
        603;2025112400;   10;   4.9; 190;eor
        603;2025112401;   10;   5.6; 190;eor
        603;2025112402;   10;   6.9; 200;eor
        603;2025112403;   10;   7.3; 200;eor
        603;2025112404;   10;   7.0; 200;eor
        603;2025112405;   10;   6.4; 200;eor
        603;2025112406;   10;   5.5; 200;eor
        603;2025112407;   10;   4.7; 190;eor
        603;2025112408;   10;   5.6; 200;eor
        603;2025112409;   10;   5.4; 190;eor
        603;2025112410;   10;   5.8; 200;eor
        603;2025112411;   10;   5.1; 190;eor
        603;2025112412;   10;   4.5; 190;eor
        603;2025112413;   10;   4.4; 190;eor
        603;2025112414;   10;   4.0; 180;eor
        603;2025112415;   10;   3.7; 190;eor
        603;2025112416;   10;   3.6; 180;eor
        603;2025112417;   10;   3.6; 190;eor
        603;2025112418;   10;   4.0; 180;eor
        603;2025112419;   10;   4.6; 180;eor
        603;2025112420;   10;   4.2; 180;eor
        603;2025112421;   10;   3.9; 170;eor
        603;2025112422;   10;   4.3; 170;eor
        603;2025112423;   10;   4.4; 180;eor
        603;2025112500;   10;   1.8;  90;eor
        603;2025112501;   10;   3.8; 170;eor
        603;2025112502;   10;   3.3; 180;eor
        603;2025112503;   10;   3.2; 160;eor
        603;2025112504;   10;   2.5; 160;eor
        603;2025112505;   10;   0.8;  40;eor
        603;2025112506;   10;   0.8;  40;eor
        603;2025112507;   10;   1.1;  30;eor
        603;2025112508;   10;   1.7;  90;eor
        603;2025112509;   10;   1.4;  90;eor
        603;2025112510;   10;   1.7;  90;eor
        603;2025112511;   10;   1.0; 100;eor
        603;2025112512;   10;   1.3; 360;eor
        603;2025112513;   10;   1.6; 320;eor
        603;2025112514;   10;   1.9; 320;eor
        603;2025112515;   10;   2.0; 320;eor
        603;2025112516;   10;   2.5; 320;eor
        603;2025112517;   10;   2.8; 320;eor
        603;2025112518;   10;   2.5; 330;eor
        603;2025112519;   10;   2.3; 320;eor
        603;2025112520;   10;   2.2; 330;eor
        603;2025112521;   10;   2.0; 330;eor
        603;2025112522;   10;   1.6; 340;eor
        603;2025112523;   10;   1.8; 350;eor
        603;2025112600;   10;   2.0;  20;eor
        603;2025112601;   10;   1.7;  20;eor
        603;2025112602;   10;   2.2;  30;eor
        603;2025112603;   10;   0.8;  10;eor
        603;2025112604;   10;   1.2; 330;eor
        603;2025112605;   10;   1.7; 340;eor
        603;2025112606;   10;   1.6; 330;eor
        603;2025112607;   10;   1.8; 300;eor
        603;2025112608;   10;   1.8; 320;eor
        603;2025112609;   10;   1.8; 300;eor
        603;2025112610;   10;   2.2; 300;eor
        603;2025112611;   10;   1.7; 310;eor
        603;2025112612;   10;   1.9; 290;eor
        603;2025112613;   10;   1.8; 310;eor
        603;2025112614;   10;   1.9; 310;eor
        603;2025112615;   10;   1.7; 310;eor
        603;2025112616;   10;   1.3; 270;eor
        603;2025112617;   10;   1.8; 250;eor
        603;2025112618;   10;   2.1; 260;eor
        603;2025112619;   10;   1.9; 240;eor
        603;2025112620;   10;   1.7; 240;eor
        603;2025112621;   10;   2.4; 220;eor
        603;2025112622;   10;   2.3; 210;eor
        603;2025112623;   10;   3.0; 210;eor
        603;2025112700;   10;   2.9; 200;eor
        603;2025112701;   10;   2.3; 190;eor
        603;2025112702;   10;   2.3; 190;eor
        603;2025112703;   10;   2.1; 170;eor
        603;2025112704;   10;   2.9; 200;eor
        603;2025112705;   10;   4.4; 200;eor
        603;2025112706;   10;   5.1; 190;eor
        603;2025112707;   10;   6.8; 190;eor
        603;2025112708;   10;   6.4; 200;eor
        603;2025112709;   10;   5.4; 190;eor
        603;2025112710;   10;   5.3; 200;eor
        603;2025112711;   10;   6.1; 200;eor
        603;2025112712;   10;   6.0; 200;eor
        603;2025112713;   10;   6.3; 210;eor
        603;2025112714;   10;   7.2; 200;eor
        603;2025112715;   10;   4.1; 180;eor
        603;2025112716;   10;   4.0; 180;eor
        603;2025112717;   10;   4.2; 180;eor
        603;2025112718;   10;   4.6; 180;eor
        603;2025112719;   10;   4.3; 180;eor
        603;2025112720;   10;   4.2; 180;eor
        603;2025112721;   10;   4.8; 190;eor
        603;2025112722;   10;   5.0; 190;eor
        603;2025112723;   10;   5.7; 200;eor
        603;2025112800;   10;   3.3; 180;eor
        603;2025112801;   10;   1.9; 180;eor
        603;2025112802;   10;   3.3; 160;eor
        603;2025112803;   10;   2.5; 140;eor
        603;2025112804;   10;   2.9; 150;eor
        603;2025112805;   10;   3.4; 160;eor
        603;2025112806;   10;   2.9; 150;eor
        603;2025112807;   10;   3.4; 160;eor
        603;2025112808;   10;   3.7; 160;eor
        603;2025112809;   10;   3.2; 150;eor
        603;2025112810;   10;   2.6; 150;eor
        603;2025112811;   10;   2.6; 160;eor
        603;2025112812;   10;   2.4; 160;eor
        603;2025112813;   10;   3.2; 160;eor
        603;2025112814;   10;   3.0; 150;eor
        603;2025112815;   10;   2.9; 150;eor
        603;2025112816;   10;   3.2; 160;eor
        603;2025112817;   10;   2.9; 160;eor
        603;2025112818;   10;   2.3; 170;eor
        603;2025112819;   10;   3.4; 180;eor
        603;2025112820;   10;   4.9; 190;eor
        603;2025112821;   10;   4.8; 200;eor
        603;2025112822;   10;   5.7; 200;eor
        603;2025112823;   10;   5.1; 200;eor
        603;2025112900;   10;   4.9; 200;eor
        603;2025112901;   10;   4.8; 200;eor
        603;2025112902;   10;   5.0; 200;eor
        603;2025112903;   10;   4.2; 200;eor
        603;2025112904;   10;   2.2; 190;eor
        603;2025112905;   10;   1.3; 190;eor
        603;2025112906;   10;   1.0;  80;eor
        603;2025112907;   10;   1.1;  70;eor
        603;2025112908;   10;   1.3; 110;eor
        603;2025112909;   10;   1.7; 150;eor
        603;2025112910;   10;   4.2; 170;eor
        603;2025112911;   10;   2.6; 170;eor
        603;2025112912;   10;   3.9; 160;eor
        603;2025112913;   10;   3.4; 150;eor
        603;2025112914;   10;   3.6; 160;eor
        603;2025112915;   10;   4.3; 160;eor
        603;2025112916;   10;   4.6; 150;eor
        603;2025112917;   10;   4.8; 150;eor
        603;2025112918;   10;   4.1; 160;eor
        603;2025112919;   10;   4.8; 160;eor
        603;2025112920;   10;   4.8; 170;eor
        603;2025112921;   10;   4.7; 170;eor
        603;2025112922;   10;   5.3; 160;eor
        603;2025112923;   10;   5.2; 160;eor
        603;2025113000;   10;   6.6; 170;eor
        603;2025113001;   10;   5.7; 170;eor
        603;2025113002;   10;   4.9; 220;eor
        603;2025113003;   10;   3.4; 240;eor
        603;2025113004;   10;   3.3; 210;eor
        603;2025113005;   10;   3.4; 200;eor
        603;2025113006;   10;   3.9; 210;eor
        603;2025113007;   10;   3.6; 200;eor
        603;2025113008;   10;   3.8; 200;eor
        603;2025113009;   10;   3.5; 200;eor
        603;2025113010;   10;   4.1; 200;eor
        603;2025113011;   10;   3.4; 210;eor
        603;2025113012;   10;   2.7; 230;eor
        603;2025113013;   10;   2.8; 300;eor
        603;2025113014;   10;   2.3; 290;eor
        603;2025113015;   10;   3.4; 280;eor
        603;2025113016;   10;   3.4; 270;eor
        603;2025113017;   10;   3.1; 280;eor
        603;2025113018;   10;   3.4; 280;eor
        603;2025113019;   10;   2.8; 250;eor
        603;2025113020;   10;   3.6; 250;eor
        603;2025113021;   10;   3.6; 250;eor
        603;2025113022;   10;   3.6; 250;eor
        603;2025113023;   10;   4.0; 230;eor
        603;2025120100;   10;   4.2; 230;eor
        603;2025120101;   10;   4.2; 210;eor
        603;2025120102;   10;   4.8; 200;eor
        603;2025120103;   10;   5.3; 200;eor
        603;2025120104;   10;   5.8; 200;eor
        603;2025120105;   10;   6.2; 200;eor
        603;2025120106;   10;   5.8; 200;eor
        603;2025120107;   10;   5.6; 200;eor
        603;2025120108;   10;   4.6; 190;eor
        603;2025120109;   10;   3.3; 180;eor
        603;2025120110;   10;   4.2; 160;eor
        603;2025120111;   10;   5.0; 170;eor
        603;2025120112;   10;   5.8; 180;eor
        603;2025120113;   10;   6.0; 180;eor
        603;2025120114;   10;   5.2; 170;eor
        603;2025120115;   10;   6.0; 160;eor
        603;2025120116;   10;   6.2; 160;eor
        603;2025120117;   10;   6.0; 170;eor
        603;2025120118;   10;   5.4; 160;eor
        603;2025120119;   10;   5.4; 160;eor
        603;2025120120;   10;   5.6; 150;eor
        603;2025120121;   10;   5.7; 150;eor
        603;2025120122;   10;   3.9; 130;eor
        603;2025120123;   10;   3.6; 120;eor
        603;2025120200;   10;   4.8; 140;eor
        603;2025120201;   10;   3.1; 120;eor
        603;2025120202;   10;   2.8; 110;eor
        603;2025120203;   10;   5.5; 150;eor
        603;2025120204;   10;   4.7; 140;eor
        603;2025120205;   10;   5.4; 130;eor
        603;2025120206;   10;   4.6; 130;eor
        603;2025120207;   10;   3.7; 130;eor
        603;2025120208;   10;   4.8; 140;eor
        603;2025120209;   10;   5.4; 170;eor
        603;2025120210;   10;   5.2; 170;eor
        603;2025120211;   10;   5.2; 170;eor
        603;2025120212;   10;   5.6; 170;eor
        603;2025120213;   10;   5.9; 170;eor
        603;2025120214;   10;   3.2; 160;eor
        603;2025120215;   10;   2.2; 170;eor
        603;2025120216;   10;   2.3; 120;eor
        603;2025120217;   10;   2.2; 150;eor
        603;2025120218;   10;   2.6; 130;eor
        603;2025120219;   10;   3.1; 150;eor
        603;2025120220;   10;   4.2; 170;eor
        603;2025120221;   10;   3.4; 170;eor
        603;2025120222;   10;   2.5; 160;eor
        603;2025120223;   10;   4.4; 170;eor
        603;2025120300;   10;   5.6; 170;eor
        603;2025120301;   10;   3.6; 160;eor
        603;2025120302;   10;   2.5; 140;eor
        603;2025120303;   10;   2.2; 120;eor
        603;2025120304;   10;   1.3; 110;eor
        603;2025120305;   10;   1.6; 100;eor
        603;2025120306;   10;   2.5; 110;eor
        603;2025120307;   10;   3.4; 110;eor
        603;2025120308;   10;   2.1; 120;eor
        603;2025120309;   10;   2.5; 120;eor
        603;2025120310;   10;   2.8; 130;eor
        603;2025120311;   10;   1.1; 200;eor
        603;2025120312;   10;   2.5; 190;eor
        603;2025120313;   10;   2.3; 150;eor
        603;2025120314;   10;   1.8; 160;eor
        603;2025120315;   10;   0.9; 180;eor
        603;2025120316;   10;   1.1; 190;eor
        603;2025120317;   10;   1.0; 120;eor
        603;2025120318;   10;   0.9; 100;eor
        603;2025120319;   10;   1.0; 100;eor
        603;2025120320;   10;   1.4; 130;eor
        603;2025120321;   10;   1.7; 130;eor
        603;2025120322;   10;   1.7; 130;eor
        603;2025120323;   10;   1.7; 100;eor
        603;2025120400;   10;   1.8; 130;eor
        603;2025120401;   10;   2.4; 130;eor
        603;2025120402;   10;   3.0; 130;eor
        603;2025120403;   10;   3.9; 130;eor
        603;2025120404;   10;   4.2; 120;eor
        603;2025120405;   10;   5.2; 130;eor
        603;2025120406;   10;   3.6; 130;eor
        603;2025120407;   10;   2.7; 130;eor
        603;2025120408;   10;   3.1; 140;eor
        603;2025120409;   10;   4.4; 140;eor
        603;2025120410;   10;   4.6; 140;eor
        603;2025120411;   10;   4.1; 130;eor
        603;2025120412;   10;   5.0; 130;eor
        603;2025120413;   10;   5.1; 120;eor
        603;2025120414;   10;   4.7; 130;eor
        603;2025120415;   10;   3.8; 140;eor
        603;2025120416;   10;   4.4; 140;eor
        603;2025120417;   10;   5.6; 130;eor
        603;2025120418;   10;   4.3; 130;eor
        603;2025120419;   10;   4.1; 130;eor
        603;2025120420;   10;   4.2; 130;eor
        603;2025120421;   10;   3.8; 130;eor
        603;2025120422;   10;   3.7; 130;eor
        603;2025120423;   10;   4.0; 130;eor
        603;2025120500;   10;   3.0; 130;eor
        603;2025120501;   10;   2.7; 120;eor
        603;2025120502;   10;   2.9; 120;eor
        603;2025120503;   10;   2.3; 120;eor
        603;2025120504;   10;   1.7; 130;eor
        603;2025120505;   10;   1.2; 120;eor
        603;2025120506;   10;   0.8; 130;eor
        603;2025120507;   10;   0.8; 130;eor
        603;2025120508;   10;   0.5; 120;eor
        603;2025120509;   10;   0.7;  60;eor
        603;2025120510;   10;   0.4; 100;eor
        603;2025120511;   10;   1.3; 210;eor
        603;2025120512;   10;   2.1; 210;eor
        603;2025120513;   10;   2.2; 200;eor
        603;2025120514;   10;   3.2; 150;eor
        603;2025120515;   10;   4.2; 190;eor
        603;2025120516;   10;   4.2; 200;eor
        603;2025120517;   10;   3.6; 180;eor
        603;2025120518;   10;   1.9; 140;eor
        603;2025120519;   10;   2.6; 150;eor
        603;2025120520;   10;   2.3; 130;eor
        603;2025120521;   10;   3.0; 120;eor
        603;2025120522;   10;   3.0; 110;eor
        603;2025120523;   10;   5.3; 160;eor
        603;2025120600;   10;   6.1; 160;eor
        603;2025120601;   10;   6.4; 160;eor
        603;2025120602;   10;   6.2; 150;eor
        603;2025120603;   10;   6.6; 150;eor
        603;2025120604;   10;   5.1; 140;eor
        603;2025120605;   10;   6.4; 150;eor
        603;2025120606;   10;   7.0; 170;eor
        603;2025120607;   10;   6.3; 170;eor
        603;2025120608;   10;   5.9; 170;eor
        603;2025120609;   10;   6.5; 180;eor
        603;2025120610;   10;   5.8; 180;eor
        603;2025120611;   10;   4.1; 160;eor
        603;2025120612;   10;   3.1; 160;eor
        603;2025120613;   10;   4.6; 180;eor
        603;2025120614;   10;   3.9; 180;eor
        603;2025120615;   10;   4.6; 180;eor
        603;2025120616;   10;   4.4; 180;eor
        603;2025120617;   10;   4.9; 190;eor
        603;2025120618;   10;   4.7; 190;eor
        603;2025120619;   10;   5.0; 200;eor
        603;2025120620;   10;   5.2; 200;eor
        603;2025120621;   10;   5.8; 200;eor
        603;2025120622;   10;   5.4; 200;eor
        603;2025120623;   10;   5.5; 200;eor
        603;2025120700;   10;   4.8; 200;eor
        603;2025120701;   10;   4.9; 200;eor
        603;2025120702;   10;   4.7; 200;eor
        603;2025120703;   10;   4.4; 200;eor
        603;2025120704;   10;   4.0; 200;eor
        603;2025120705;   10;   4.5; 200;eor
        603;2025120706;   10;   4.2; 200;eor
        603;2025120707;   10;   5.1; 200;eor
        603;2025120708;   10;   3.9; 190;eor
        603;2025120709;   10;   2.8; 190;eor
        603;2025120710;   10;   2.3; 190;eor
        603;2025120711;   10;   2.1; 160;eor
        603;2025120712;   10;   2.4; 180;eor
        603;2025120713;   10;   3.2; 170;eor
        603;2025120714;   10;   4.5; 160;eor
        603;2025120715;   10;   4.4; 150;eor
        603;2025120716;   10;   4.4; 160;eor
        603;2025120717;   10;   5.0; 160;eor
        603;2025120718;   10;   5.1; 170;eor
        603;2025120719;   10;   5.6; 190;eor
        603;2025120720;   10;   6.3; 200;eor
        603;2025120721;   10;   5.7; 200;eor
        603;2025120722;   10;   5.6; 200;eor
        603;2025120723;   10;   5.3; 210;eor
        603;2025120800;   10;   5.0; 240;eor
        603;2025120801;   10;   5.7; 230;eor
        603;2025120802;   10;   5.2; 240;eor
        603;2025120803;   10;   4.6; 240;eor
        603;2025120804;   10;   3.4; 240;eor
        603;2025120805;   10;   2.4; 220;eor
        603;2025120806;   10;   2.5; 220;eor
        603;2025120807;   10;   2.6; 200;eor
        603;2025120808;   10;   3.9; 200;eor
        603;2025120809;   10;   3.9; 200;eor
        603;2025120810;   10;   4.3; 200;eor
        603;2025120811;   10;   4.7; 210;eor
        603;2025120812;   10;   6.5; 220;eor
        603;2025120813;   10;   4.9; 220;eor
        603;2025120814;   10;   3.8; 210;eor
        603;2025120815;   10;   4.1; 200;eor
        603;2025120816;   10;   4.3; 200;eor
        603;2025120817;   10;   4.6; 200;eor
        603;2025120818;   10;   4.8; 210;eor
        603;2025120819;   10;   5.0; 200;eor
        603;2025120820;   10;   5.4; 210;eor
        603;2025120821;   10;   5.1; 200;eor
        603;2025120822;   10;   4.8; 210;eor
        603;2025120823;   10;   4.0; 220;eor
        603;2025120900;   10;   3.3; 190;eor
        603;2025120901;   10;   4.8; 200;eor
        603;2025120902;   10;   6.1; 190;eor
        603;2025120903;   10;   6.2; 190;eor
        603;2025120904;   10;   5.4; 190;eor
        603;2025120905;   10;   5.4; 180;eor
        603;2025120906;   10;   4.8; 180;eor
        603;2025120907;   10;   5.9; 180;eor
        603;2025120908;   10;   5.1; 170;eor
        603;2025120909;   10;   4.6; 170;eor
        603;2025120910;   10;   7.0; 180;eor
        603;2025120911;   10;   6.5; 180;eor
        603;2025120912;   10;   4.0; 160;eor
        603;2025120913;   10;   3.1; 190;eor
        603;2025120914;   10;   4.7; 190;eor
        603;2025120915;   10;   3.5; 180;eor
        603;2025120916;   10;   3.1; 150;eor
        603;2025120917;   10;   4.6; 160;eor
        603;2025120918;   10;   3.1; 170;eor
        603;2025120919;   10;   3.3; 160;eor
        603;2025120920;   10;   3.2; 160;eor
        603;2025120921;   10;   2.9; 160;eor
        603;2025120922;   10;   3.7; 180;eor
        603;2025120923;   10;   5.7; 190;eor
        603;2025121000;   10;   5.8; 200;eor
        603;2025121001;   10;   6.4; 210;eor
        603;2025121002;   10;   5.5; 200;eor
        603;2025121003;   10;   4.6; 200;eor
        603;2025121004;   10;   4.4; 200;eor
        603;2025121005;   10;   4.3; 190;eor
        603;2025121006;   10;   4.3; 190;eor
        603;2025121007;   10;   4.8; 190;eor
        603;2025121008;   10;   5.4; 200;eor
        603;2025121009;   10;   5.3; 200;eor
        603;2025121010;   10;   4.6; 190;eor
        603;2025121011;   10;   4.4; 200;eor
        603;2025121012;   10;   4.7; 200;eor
        603;2025121013;   10;   4.1; 190;eor
        603;2025121014;   10;   3.6; 190;eor
        603;2025121015;   10;   3.0; 190;eor
        603;2025121016;   10;   3.5; 190;eor
        603;2025121017;   10;   3.6; 190;eor
        603;2025121018;   10;   3.6; 200;eor
        603;2025121019;   10;   3.7; 200;eor
        603;2025121020;   10;   3.2; 210;eor
        603;2025121021;   10;   3.2; 230;eor
        603;2025121022;   10;   3.2; 230;eor
        603;2025121023;   10;   3.6; 220;eor
        603;2025121100;   10;   3.3; 210;eor
        603;2025121101;   10;   3.0; 210;eor
        603;2025121102;   10;   3.3; 200;eor
        603;2025121103;   10;   4.4; 200;eor
        603;2025121104;   10;   4.2; 200;eor
        603;2025121105;   10;   3.8; 200;eor
        603;2025121106;   10;   4.1; 200;eor
        603;2025121107;   10;   3.6; 190;eor
        603;2025121108;   10;   4.6; 200;eor
        603;2025121109;   10;   4.7; 200;eor
        603;2025121110;   10;   4.7; 200;eor
        603;2025121111;   10;   5.0; 200;eor
        603;2025121112;   10;   4.6; 200;eor
        603;2025121113;   10;   3.3; 200;eor
        603;2025121114;   10;   1.5; 170;eor
        603;2025121115;   10;   2.7; 150;eor
        603;2025121116;   10;   2.8; 140;eor
        603;2025121117;   10;   2.8; 140;eor
        603;2025121118;   10;   3.0; 140;eor
        603;2025121119;   10;   1.7; 110;eor
        603;2025121120;   10;   1.6; 120;eor
        603;2025121121;   10;   1.5;  60;eor
        603;2025121122;   10;   1.2; 100;eor
        603;2025121123;   10;   1.6; 220;eor
        603;2025121200;   10;   1.1;  80;eor
        603;2025121201;   10;   1.7; 120;eor
        603;2025121202;   10;   2.8; 130;eor
        603;2025121203;   10;   2.5; 100;eor
        603;2025121204;   10;   4.2; 120;eor
        603;2025121205;   10;   3.3; 120;eor
        603;2025121206;   10;   2.7; 130;eor
        603;2025121207;   10;   3.1; 130;eor
        603;2025121208;   10;   3.9; 120;eor
        603;2025121209;   10;   3.0; 110;eor
        603;2025121210;   10;   2.1; 120;eor
        603;2025121211;   10;   3.3; 150;eor
        603;2025121212;   10;   3.2; 150;eor
        603;2025121213;   10;   3.5; 160;eor
        603;2025121214;   10;   2.8; 160;eor
        603;2025121215;   10;   2.5; 170;eor
        603;2025121216;   10;   1.7; 140;eor
        603;2025121217;   10;   2.4; 130;eor
        603;2025121218;   10;   2.1; 140;eor
        603;2025121219;   10;   2.2; 160;eor
        603;2025121220;   10;   1.7; 160;eor
        603;2025121221;   10;   0.9; 130;eor
        603;2025121222;   10;   0.9; 120;eor
        603;2025121223;   10;   1.2; 130;eor
        603;2025121300;   10;   1.6; 120;eor
        603;2025121301;   10;   0.6;  40;eor
        603;2025121302;   10;   0.6; 130;eor
        603;2025121303;   10;   1.2; 130;eor
        603;2025121304;   10;   0.6; 140;eor
        603;2025121305;   10;   0.8; 180;eor
        603;2025121306;   10;   2.9; 240;eor
        603;2025121307;   10;   2.3; 230;eor
        603;2025121308;   10;   2.0; 240;eor
        603;2025121309;   10;   1.5; 170;eor
        603;2025121310;   10;   2.1; 170;eor
        603;2025121311;   10;   2.0; 200;eor
        603;2025121312;   10;   2.2; 210;eor
        603;2025121313;   10;   1.5; 170;eor
        603;2025121314;   10;   1.6; 200;eor
        603;2025121315;   10;   1.9; 180;eor
        603;2025121316;   10;   1.9; 210;eor
        603;2025121317;   10;   0.9; 190;eor
        603;2025121318;   10;   0.7; 150;eor
        603;2025121319;   10;   0.8; 190;eor
        603;2025121320;   10;   1.1; 230;eor
        603;2025121321;   10;   0.9; 210;eor
        603;2025121322;   10;   1.2; 180;eor
        603;2025121323;   10;   0.6; 150;eor
        603;2025121400;   10;   0.8; 120;eor
        603;2025121401;   10;   2.0; 210;eor
        603;2025121402;   10;   2.4; 210;eor
        603;2025121403;   10;   1.9; 200;eor
        603;2025121404;   10;   1.9; 180;eor
        603;2025121405;   10;   1.9; 180;eor
        603;2025121406;   10;   2.0; 190;eor
        603;2025121407;   10;   2.7; 180;eor
        603;2025121408;   10;   3.0; 180;eor
        603;2025121409;   10;   4.0; 160;eor
        603;2025121410;   10;   3.7; 160;eor
        603;2025121411;   10;   3.7; 170;eor
        603;2025121412;   10;   3.9; 160;eor
        603;2025121413;   10;   3.8; 150;eor
        603;2025121414;   10;   3.3; 160;eor
        603;2025121415;   10;   2.7; 140;eor
        603;2025121416;   10;   2.7; 140;eor
        603;2025121417;   10;   2.3; 140;eor
        603;2025121418;   10;   1.8; 120;eor
        603;2025121419;   10;   3.0; 150;eor
        603;2025121420;   10;   2.4; 130;eor
        603;2025121421;   10;   2.2; 130;eor
        603;2025121422;   10;   3.1; 120;eor
        603;2025121423;   10;   2.5; 100;eor
        603;2025121500;   10;   2.7; 120;eor
        603;2025121501;   10;   4.5; 140;eor
        603;2025121502;   10;   3.1; 140;eor
        603;2025121503;   10;   4.7; 140;eor
        603;2025121504;   10;   6.4; 150;eor
        603;2025121505;   10;   5.0; 140;eor
        603;2025121506;   10;   5.1; 150;eor
        603;2025121507;   10;   5.1; 150;eor
        603;2025121508;   10;   4.1; 140;eor
        603;2025121509;   10;   3.7; 140;eor
        603;2025121510;   10;   3.3; 130;eor
        603;2025121511;   10;   3.7; 140;eor
        603;2025121512;   10;   4.0; 140;eor
        603;2025121513;   10;   3.8; 140;eor
        603;2025121514;   10;   2.9; 140;eor
        603;2025121515;   10;   4.9; 160;eor
        603;2025121516;   10;   3.7; 130;eor
        603;2025121517;   10;   5.1; 130;eor
        603;2025121518;   10;   4.0; 130;eor
        603;2025121519;   10;   4.1; 140;eor
        603;2025121520;   10;   3.0; 120;eor
        603;2025121521;   10;   5.6; 170;eor
        603;2025121522;   10;   5.1; 160;eor
        603;2025121523;   10;   5.1; 160;eor
        603;2025121600;   10;   4.1; 150;eor
        603;2025121601;   10;   5.7; 160;eor
        603;2025121602;   10;   5.7; 160;eor
        603;2025121603;   10;   3.7; 110;eor
        603;2025121604;   10;   4.1; 100;eor
        603;2025121605;   10;   4.9; 170;eor
        603;2025121606;   10;   3.2; 160;eor
        603;2025121607;   10;   1.7; 120;eor
        603;2025121608;   10;   1.5; 330;eor
        603;2025121609;   10;   1.7;  10;eor
        603;2025121610;   10;   1.2;  90;eor
        603;2025121611;   10;   1.0; 310;eor
        603;2025121612;   10;   2.1; 250;eor
        603;2025121613;   10;   3.4; 120;eor
        603;2025121614;   10;   4.1; 120;eor
        603;2025121615;   10;   4.1; 110;eor
        603;2025121616;   10;   2.5; 130;eor
        603;2025121617;   10;   4.0; 120;eor
        603;2025121618;   10;   3.7; 120;eor
        603;2025121619;   10;   3.6; 110;eor
        603;2025121620;   10;   3.0; 110;eor
        603;2025121621;   10;   2.6; 110;eor
        603;2025121622;   10;   2.2; 120;eor
        603;2025121623;   10;   3.0; 120;eor
        603;2025121700;   10;   3.0; 110;eor
        603;2025121701;   10;   1.5; 110;eor
        603;2025121702;   10;   1.6; 120;eor
        603;2025121703;   10;   1.3; 120;eor
        603;2025121704;   10;   1.4; 110;eor
        603;2025121705;   10;   1.0;  50;eor
        603;2025121706;   10;   1.0; 110;eor
        603;2025121707;   10;   0.8; 100;eor
        603;2025121708;   10;   0.7;  70;eor
        603;2025121709;   10;   0.6;  80;eor
        603;2025121710;   10;   0.7; 110;eor
        603;2025121711;   10;   0.7;  60;eor
        603;2025121712;   10;   1.3; 100;eor
        603;2025121713;   10;   1.0;  50;eor
        603;2025121714;   10;   1.1;  50;eor
        603;2025121715;   10;   0.9; 360;eor
        603;2025121716;   10;   0.6;  60;eor
        603;2025121717;   10;   3.4; 190;eor
        603;2025121718;   10;   3.1; 190;eor
        603;2025121719;   10;   4.1; 200;eor
        603;2025121720;   10;   2.8; 170;eor
        603;2025121721;   10;   2.5; 180;eor
        603;2025121722;   10;   2.3; 190;eor
        603;2025121723;   10;   2.4; 180;eor
        603;2025121800;   10;   2.8; 190;eor
        603;2025121801;   10;   1.8; 150;eor
        603;2025121802;   10;   2.9; 170;eor
        603;2025121803;   10;   2.9; 170;eor
        603;2025121804;   10;   2.8; 180;eor
        603;2025121805;   10;   2.9; 160;eor
        603;2025121806;   10;   2.4; 150;eor
        603;2025121807;   10;   4.2; 160;eor
        603;2025121808;   10;   5.9; 180;eor
        603;2025121809;   10;   5.2; 180;eor
        603;2025121810;   10;   5.3; 180;eor
        603;2025121811;   10;   5.1; 170;eor
        603;2025121812;   10;   5.4; 170;eor
        603;2025121813;   10;   5.9; 160;eor
        603;2025121814;   10;   6.1; 160;eor
        603;2025121815;   10;   5.6; 170;eor
        603;2025121816;   10;   4.9; 150;eor
        603;2025121817;   10;   5.2; 150;eor
        603;2025121818;   10;   5.8; 150;eor
        603;2025121819;   10;   6.2; 150;eor
        603;2025121820;   10;   5.4; 150;eor
        603;2025121821;   10;   5.2; 140;eor
        603;2025121822;   10;   5.3; 160;eor
        603;2025121823;   10;   5.7; 160;eor
        603;2025121900;   10;   5.3; 160;eor
        603;2025121901;   10;   4.5; 160;eor
        603;2025121902;   10;   4.2; 160;eor
        603;2025121903;   10;   5.3; 160;eor
        603;2025121904;   10;   5.9; 170;eor
        603;2025121905;   10;   6.8; 180;eor
        603;2025121906;   10;   6.8; 180;eor
        603;2025121907;   10;   5.4; 180;eor
        603;2025121908;   10;   4.4; 170;eor
        603;2025121909;   10;   4.8; 190;eor
        603;2025121910;   10;   5.6; 200;eor
        603;2025121911;   10;   5.8; 200;eor
        603;2025121912;   10;   4.7; 200;eor
        603;2025121913;   10;   4.1; 220;eor
        603;2025121914;   10;   3.5; 240;eor
        603;2025121915;   10;   2.1; 230;eor
        603;2025121916;   10;   2.2; 230;eor
        603;2025121917;   10;   1.7; 230;eor
        603;2025121918;   10;   2.6; 280;eor
        603;2025121919;   10;   1.9; 260;eor
        603;2025121920;   10;   1.8; 250;eor
        603;2025121921;   10;   0.5; 210;eor
        603;2025121922;   10;   0.9; 180;eor
        603;2025121923;   10;   1.1; 220;eor
        603;2025122000;   10;   1.4; 230;eor
        603;2025122001;   10;   1.4; 240;eor
        603;2025122002;   10;   1.0; 230;eor
        603;2025122003;   10;   0.3; 220;eor
        603;2025122004;   10;   0.8; 140;eor
        603;2025122005;   10;   0.7;  60;eor
        603;2025122006;   10;   0.6;  90;eor
        603;2025122007;   10;   0.9;  90;eor
        603;2025122008;   10;   0.8;  80;eor
        603;2025122009;   10;   0.8;  70;eor
        603;2025122010;   10;   0.8;  50;eor
        603;2025122011;   10;   1.5;  70;eor
        603;2025122012;   10;   1.7;  60;eor
        603;2025122013;   10;   1.7;  60;eor
        603;2025122014;   10;   1.5;  60;eor
        603;2025122015;   10;   1.4;  70;eor
        603;2025122016;   10;   2.0; 100;eor
        603;2025122017;   10;   2.6; 110;eor
        603;2025122018;   10;   2.6; 110;eor
        603;2025122019;   10;   2.8; 120;eor
        603;2025122020;   10;   3.7; 120;eor
        603;2025122021;   10;   4.3; 120;eor
        603;2025122022;   10;   4.1; 130;eor
        603;2025122023;   10;   3.0; 120;eor
        603;2025122100;   10;   2.8; 100;eor
        603;2025122101;   10;   2.5; 100;eor
        603;2025122102;   10;   2.6;  90;eor
        603;2025122103;   10;   2.3;  90;eor
        603;2025122104;   10;   3.6; 130;eor
        603;2025122105;   10;   3.5; 120;eor
        603;2025122106;   10;   2.5; 110;eor
        603;2025122107;   10;   2.6;  90;eor
        603;2025122108;   10;   3.1; 110;eor
        603;2025122109;   10;   3.5; 110;eor
        603;2025122110;   10;   3.0; 100;eor
        603;2025122111;   10;   2.6;  60;eor
        603;2025122112;   10;   2.7; 100;eor
        603;2025122113;   10;   2.7;  90;eor
        603;2025122114;   10;   2.2;  70;eor
        603;2025122115;   10;   1.5;  50;eor
        603;2025122116;   10;   1.3; 140;eor
        603;2025122117;   10;   1.3; 120;eor
        603;2025122118;   10;   1.7; 100;eor
        603;2025122119;   10;   1.5;  80;eor
        603;2025122120;   10;   1.4;  60;eor
        603;2025122121;   10;   1.2;  50;eor
        603;2025122122;   10;   1.2;  20;eor
        603;2025122123;   10;   1.5; 100;eor
        603;2025122200;   10;   3.2; 110;eor
        603;2025122201;   10;   1.9; 140;eor
        603;2025122202;   10;   2.3; 150;eor
        603;2025122203;   10;   3.6; 140;eor
        603;2025122204;   10;   3.1; 160;eor
        603;2025122205;   10;   2.8; 150;eor
        603;2025122206;   10;   3.7; 130;eor
        603;2025122207;   10;   3.6; 130;eor
        603;2025122208;   10;   4.3; 140;eor
        603;2025122209;   10;   5.2; 130;eor
        603;2025122210;   10;   6.0; 140;eor
        603;2025122211;   10;   6.4; 130;eor
        603;2025122212;   10;   6.1; 130;eor
        603;2025122213;   10;   5.9; 130;eor
        603;2025122214;   10;   5.1; 120;eor
        603;2025122215;   10;   5.1; 130;eor
        603;2025122216;   10;   5.2; 130;eor
        603;2025122217;   10;   5.0; 120;eor
        603;2025122218;   10;   4.5; 120;eor
        603;2025122219;   10;   4.2; 120;eor
        603;2025122220;   10;   4.7; 120;eor
        603;2025122221;   10;   5.2; 120;eor
        603;2025122222;   10;   4.7; 120;eor
        603;2025122223;   10;   5.2; 120;eor
        603;2025122300;   10;   3.9; 110;eor
        603;2025122301;   10;   5.5; 120;eor
        603;2025122302;   10;   4.9; 110;eor
        603;2025122303;   10;   4.8; 110;eor
        603;2025122304;   10;   4.6; 100;eor
        603;2025122305;   10;   4.8; 110;eor
        603;2025122306;   10;   5.0; 100;eor
        603;2025122307;   10;   4.8; 100;eor
        603;2025122308;   10;   4.8; 100;eor
        603;2025122309;   10;   5.5; 100;eor
        603;2025122310;   10;   5.6; 100;eor
        603;2025122311;   10;   6.2;  90;eor
        603;2025122312;   10;   6.2; 100;eor
        603;2025122313;   10;   5.7;  80;eor
        603;2025122314;   10;   5.9; 100;eor
        603;2025122315;   10;   6.5;  80;eor
        603;2025122316;   10;   6.1;  80;eor
        603;2025122317;   10;   5.9;  90;eor
        603;2025122318;   10;   6.1;  80;eor
        603;2025122319;   10;   4.9;  80;eor
        603;2025122320;   10;   5.9;  70;eor
        603;2025122321;   10;   6.8;  70;eor
        603;2025122322;   10;   6.0;  70;eor
        603;2025122323;   10;   6.4;  70;eor
        603;2025122400;   10;   6.6;  80;eor
        603;2025122401;   10;   5.8;  70;eor
        603;2025122402;   10;   6.9;  70;eor
        603;2025122403;   10;   4.4;  60;eor
        603;2025122404;   10;   4.1;  60;eor
        603;2025122405;   10;   3.7;  60;eor
        603;2025122406;   10;   2.8;  60;eor
        603;2025122407;   10;   2.5;  40;eor
        603;2025122408;   10;   3.7;  50;eor
        603;2025122409;   10;   3.4;  50;eor
        603;2025122410;   10;   3.8;  50;eor
        603;2025122411;   10;   5.7;  70;eor
        603;2025122412;   10;   6.4;  60;eor
        603;2025122413;   10;   7.1;  70;eor
        603;2025122414;   10;   7.1;  80;eor
        603;2025122415;   10;   8.0;  80;eor
        603;2025122416;   10;   7.6;  70;eor
        603;2025122417;   10;   6.4;  60;eor
        603;2025122418;   10;   5.0;  60;eor
        603;2025122419;   10;   4.7;  50;eor
        603;2025122420;   10;   4.3;  60;eor
        603;2025122421;   10;   3.9;  60;eor
        603;2025122422;   10;   4.5;  50;eor
        603;2025122423;   10;   4.4;  50;eor
        603;2025122500;   10;   3.4;  50;eor
        603;2025122501;   10;   3.9;  50;eor
        603;2025122502;   10;   3.5;  50;eor
        603;2025122503;   10;   3.7;  70;eor
        603;2025122504;   10;   5.4;  70;eor
        603;2025122505;   10;   4.4;  70;eor
        603;2025122506;   10;   4.7;  70;eor
        603;2025122507;   10;   4.3;  70;eor
        603;2025122508;   10;   4.0;  60;eor
        603;2025122509;   10;   4.5;  70;eor
        603;2025122510;   10;   4.6;  70;eor
        603;2025122511;   10;   4.1;  80;eor
        603;2025122512;   10;   4.7;  70;eor
        603;2025122513;   10;   5.1;  80;eor
        603;2025122514;   10;   5.3;  80;eor
        603;2025122515;   10;   3.7;  70;eor
        603;2025122516;   10;   3.5;  70;eor
        603;2025122517;   10;   3.2;  60;eor
        603;2025122518;   10;   2.2;  70;eor
        603;2025122519;   10;   1.5; 110;eor
        603;2025122520;   10;   1.7;  80;eor
        603;2025122521;   10;   2.1;  90;eor
        603;2025122522;   10;   1.1; 120;eor
        603;2025122523;   10;   1.5; 140;eor
        603;2025122600;   10;   1.2;  70;eor
        603;2025122601;   10;   0.8;  70;eor
        603;2025122602;   10;   2.4; 120;eor
        603;2025122603;   10;   2.5; 140;eor
        603;2025122604;   10;   1.9; 120;eor
        603;2025122605;   10;   2.6; 100;eor
        603;2025122606;   10;   2.2; 130;eor
        603;2025122607;   10;   1.5; 130;eor
        603;2025122608;   10;   2.6; 110;eor
        603;2025122609;   10;   2.1; 100;eor
        603;2025122610;   10;   2.4;  90;eor
        603;2025122611;   10;   2.2;  70;eor
        603;2025122612;   10;   2.8;  60;eor
        603;2025122613;   10;   2.8;  60;eor
        603;2025122614;   10;   2.1; 210;eor
        603;2025122615;   10;   1.9; 220;eor
        603;2025122616;   10;   1.0; 200;eor
        603;2025122617;   10;   0.5; 130;eor
        603;2025122618;   10;   2.3; 140;eor
        603;2025122619;   10;   2.2; 130;eor
        603;2025122620;   10;   1.5; 140;eor
        603;2025122621;   10;   0.4; 130;eor
        603;2025122622;   10;   0.6; 110;eor
        603;2025122623;   10;   1.7; 140;eor
        603;2025122700;   10;   0.8;  90;eor
        603;2025122701;   10;   0.5;  30;eor
        603;2025122702;   10;   0.4; 340;eor
        603;2025122703;   10;   0.7; 250;eor
        603;2025122704;   10;   0.5; 340;eor
        603;2025122705;   10;   0.6; 200;eor
        603;2025122706;   10;   0.7;  10;eor
        603;2025122707;   10;   0.6; 180;eor
        603;2025122708;   10;   1.9; 240;eor
        603;2025122709;   10;   0.5;  90;eor
        603;2025122710;   10;   1.8; 250;eor
        603;2025122711;   10;   1.9; 250;eor
        603;2025122712;   10;   1.5;  40;eor
        603;2025122713;   10;   1.5; 260;eor
        603;2025122714;   10;   1.3;  50;eor
        603;2025122715;   10;   0.8; 320;eor
        603;2025122716;   10;   1.1; 290;eor
        603;2025122717;   10;   1.2; 290;eor
        603;2025122718;   10;   3.2; 250;eor
        603;2025122719;   10;   3.0; 260;eor
        603;2025122720;   10;   2.4; 270;eor
        603;2025122721;   10;   2.5; 260;eor
        603;2025122722;   10;   1.5; 230;eor
        603;2025122723;   10;   1.8; 230;eor
        603;2025122800;   10;   1.5; 250;eor
        603;2025122801;   10;   0.6; 150;eor
        603;2025122802;   10;   0.6; 200;eor
        603;2025122803;   10;   1.1; 200;eor
        603;2025122804;   10;   1.5; 230;eor
        603;2025122805;   10;   0.6; 210;eor
        603;2025122806;   10;   0.5; 140;eor
        603;2025122807;   10;   0.5;  20;eor
        603;2025122808;   10;   1.0; 190;eor
        603;2025122809;   10;   0.6;  20;eor
        603;2025122810;   10;   1.0;  60;eor
        603;2025122811;   10;   1.0;  80;eor
        603;2025122812;   10;   1.7;  40;eor
        603;2025122813;   10;   1.0;  40;eor
        603;2025122814;   10;   1.0;  40;eor
        603;2025122815;   10;   0.6; 360;eor
        603;2025122816;   10;   0.5;  20;eor
        603;2025122817;   10;   0.4; 180;eor
        603;2025122818;   10;   0.7; 170;eor
        603;2025122819;   10;   0.8; 260;eor
        603;2025122820;   10;   1.3; 270;eor
        603;2025122821;   10;   0.7; 240;eor
        603;2025122822;   10;   0.5; 150;eor
        603;2025122823;   10;   0.7; 220;eor
        603;2025122900;   10;   0.9; 210;eor
        603;2025122901;   10;   1.0; 260;eor
        603;2025122902;   10;   0.5; 170;eor
        603;2025122903;   10;   0.9; 360;eor
        603;2025122904;   10;   0.8; 170;eor
        603;2025122905;   10;   0.9; 280;eor
        603;2025122906;   10;   1.4; 270;eor
        603;2025122907;   10;   1.7; 240;eor
        603;2025122908;   10;   1.4; 240;eor
        603;2025122909;   10;   1.1; 260;eor
        603;2025122910;   10;   0.9; 360;eor
        603;2025122911;   10;   0.8;  20;eor
        603;2025122912;   10;   0.7; 190;eor
        603;2025122913;   10;   0.8; 330;eor
        603;2025122914;   10;   1.0; 320;eor
        603;2025122915;   10;   1.1; 290;eor
        603;2025122916;   10;   0.8; 250;eor
        603;2025122917;   10;   1.3; 270;eor
        603;2025122918;   10;   1.8; 270;eor
        603;2025122919;   10;   2.1; 270;eor
        603;2025122920;   10;   2.7; 280;eor
        603;2025122921;   10;   3.0; 290;eor
        603;2025122922;   10;   2.3; 290;eor
        603;2025122923;   10;   1.8; 330;eor
        603;2025123000;   10;   2.1; 310;eor
        603;2025123001;   10;   2.5; 300;eor
        603;2025123002;   10;   2.6; 310;eor
        603;2025123003;   10;   2.8; 320;eor
        603;2025123004;   10;   2.5; 310;eor
        603;2025123005;   10;   2.4; 320;eor
        603;2025123006;   10;   2.6; 330;eor
        603;2025123007;   10;   1.6; 330;eor
        603;2025123008;   10;   1.5; 300;eor
        603;2025123009;   10;   1.3; 290;eor
        603;2025123010;   10;   1.4; 260;eor
        603;2025123011;   10;   1.5; 290;eor
        603;2025123012;   10;   1.8; 310;eor
        603;2025123013;   10;   1.7; 300;eor
        603;2025123014;   10;   1.3; 320;eor
        603;2025123015;   10;   0.8; 330;eor
        603;2025123016;   10;   0.7; 300;eor
        603;2025123017;   10;   1.1; 310;eor
        603;2025123018;   10;   1.9; 290;eor
        603;2025123019;   10;   2.3; 270;eor
        603;2025123020;   10;   2.4; 260;eor
        603;2025123021;   10;   3.0; 230;eor
        603;2025123022;   10;   3.2; 230;eor
        603;2025123023;   10;   3.2; 240;eor
        603;2025123100;   10;   3.2; 240;eor
        603;2025123101;   10;   3.5; 240;eor
        603;2025123102;   10;   3.5; 240;eor
        603;2025123103;   10;   2.8; 260;eor
        603;2025123104;   10;   2.4; 260;eor
        603;2025123105;   10;   2.0; 270;eor
        603;2025123106;   10;   1.6; 270;eor
        603;2025123107;   10;   2.0; 270;eor
        603;2025123108;   10;   2.3; 250;eor
        603;2025123109;   10;   2.7; 250;eor
        603;2025123110;   10;   2.3; 260;eor
        603;2025123111;   10;   2.4; 270;eor
        603;2025123112;   10;   2.0; 270;eor
        603;2025123113;   10;   2.6; 280;eor
        603;2025123114;   10;   3.6; 280;eor
        603;2025123115;   10;   4.5; 270;eor
        603;2025123116;   10;   5.2; 260;eor
        603;2025123117;   10;   5.0; 260;eor
        603;2025123118;   10;   4.5; 250;eor
        603;2025123119;   10;   3.8; 270;eor
        603;2025123120;   10;   4.2; 260;eor
        603;2025123121;   10;   5.0; 250;eor
        603;2025123122;   10;   4.3; 260;eor
        603;2025123123;   10;   4.3; 260;eor
        603;2026010100;   10;   4.1; 260;eor
        603;2026010101;   10;   4.8; 250;eor
        603;2026010102;   10;   3.1; 240;eor
        603;2026010103;   10;   3.0; 240;eor
        603;2026010104;   10;   5.1; 250;eor
        603;2026010105;   10;   5.1; 240;eor
        603;2026010106;   10;   5.1; 250;eor
        603;2026010107;   10;   4.1; 240;eor
        603;2026010108;   10;   6.4; 250;eor
        603;2026010109;   10;   6.0; 240;eor
        603;2026010110;   10;   6.6; 230;eor
        603;2026010111;   10;   7.0; 240;eor
        603;2026010112;   10;   8.4; 250;eor
        603;2026010113;   10;   8.6; 250;eor
        603;2026010114;   10;   6.4; 250;eor
        603;2026010115;   10;   7.5; 240;eor
        603;2026010116;   10;   7.1; 240;eor
        603;2026010117;   10;   7.2; 240;eor
        603;2026010118;   10;   6.6; 240;eor
        603;2026010119;   10;   5.7; 260;eor
        603;2026010120;   10;   7.1; 250;eor
        603;2026010121;   10;   8.0; 250;eor
        603;2026010122;   10;   6.9; 260;eor
        603;2026010123;   10;   6.8; 250;eor
        603;2026010200;   10;   6.9; 250;eor
        603;2026010201;   10;   6.3; 250;eor
        603;2026010202;   10;   6.7; 260;eor
        603;2026010203;   10;   6.8; 250;eor
        603;2026010204;   10;   8.0; 260;eor
        603;2026010205;   10;   5.9; 280;eor
        603;2026010206;   10;   6.7; 270;eor
        603;2026010207;   10;   6.5; 260;eor
        603;2026010208;   10;   7.1; 260;eor
        603;2026010209;   10;   6.1; 260;eor
        603;2026010210;   10;   6.6; 260;eor
        603;2026010211;   10;   7.0; 260;eor
        603;2026010212;   10;   7.4; 260;eor
        603;2026010213;   10;   7.6; 270;eor
        603;2026010214;   10;   7.3; 270;eor
        603;2026010215;   10;   7.7; 260;eor
        603;2026010216;   10;   7.1; 250;eor
        603;2026010217;   10;   5.8; 270;eor
        603;2026010218;   10;   5.2; 260;eor
        603;2026010219;   10;   5.0; 260;eor
        603;2026010220;   10;   5.7; 260;eor
        603;2026010221;   10;   6.2; 260;eor
        603;2026010222;   10;   6.6; 250;eor
        603;2026010223;   10;   5.8; 260;eor
        603;2026010300;   10;   5.7; 260;eor
        603;2026010301;   10;   5.2; 250;eor
        603;2026010302;   10;   5.1; 240;eor
        603;2026010303;   10;   5.6; 240;eor
        603;2026010304;   10;   6.6; 240;eor
        603;2026010305;   10;   5.6; 230;eor
        603;2026010306;   10;   6.5; 230;eor
        603;2026010307;   10;   7.0; 230;eor
        603;2026010308;   10;   6.7; 230;eor
        603;2026010309;   10;   4.8; 210;eor
        603;2026010310;   10;   4.1; 220;eor
        603;2026010311;   10;   5.7; 240;eor
        603;2026010312;   10;   5.7; 250;eor
        603;2026010313;   10;   6.0; 250;eor
        603;2026010314;   10;   5.9; 260;eor
        603;2026010315;   10;   7.2; 250;eor
        603;2026010316;   10;   6.9; 260;eor
        603;2026010317;   10;   5.1; 250;eor
        603;2026010318;   10;   3.9; 270;eor
        603;2026010319;   10;   3.6; 270;eor
        603;2026010320;   10;   5.0; 260;eor
        603;2026010321;   10;   6.4; 250;eor
        603;2026010322;   10;   5.9; 240;eor
        603;2026010323;   10;   6.3; 240;eor
        603;2026010400;   10;   6.3; 250;eor
        603;2026010401;   10;   5.1; 230;eor
        603;2026010402;   10;   4.8; 240;eor
        603;2026010403;   10;   4.7; 240;eor
        603;2026010404;   10;   5.1; 250;eor
        603;2026010405;   10;   5.5; 250;eor
        603;2026010406;   10;   6.1; 250;eor
        603;2026010407;   10;   5.5; 250;eor
        603;2026010408;   10;   5.7; 240;eor
        603;2026010409;   10;   5.8; 240;eor
        603;2026010410;   10;   6.3; 240;eor
        603;2026010411;   10;   6.3; 250;eor
        603;2026010412;   10;   7.0; 250;eor
        603;2026010413;   10;   7.2; 250;eor
        603;2026010414;   10;   6.9; 250;eor
        603;2026010415;   10;   6.6; 260;eor
        603;2026010416;   10;   5.9; 240;eor
        603;2026010417;   10;   5.0; 230;eor
        603;2026010418;   10;   5.5; 240;eor
        603;2026010419;   10;   4.4; 230;eor
        603;2026010420;   10;   4.3; 220;eor
        603;2026010421;   10;   4.8; 200;eor
        603;2026010422;   10;   5.3; 220;eor
        603;2026010423;   10;   5.3; 220;eor
        603;2026010500;   10;   5.1; 210;eor
        603;2026010501;   10;   5.7; 200;eor
        603;2026010502;   10;   6.3; 210;eor
        603;2026010503;   10;   6.1; 200;eor
        603;2026010504;   10;   6.4; 200;eor
        603;2026010505;   10;   7.1; 200;eor
        603;2026010506;   10;   7.9; 200;eor
        603;2026010507;   10;   5.3; 190;eor
        603;2026010508;   10;   2.4; 160;eor
        603;2026010509;   10;   2.5; 170;eor
        603;2026010510;   10;   6.2; 200;eor
        603;2026010511;   10;   4.2; 180;eor
        603;2026010512;   10;   5.4; 180;eor
        603;2026010513;   10;   5.0; 180;eor
        603;2026010514;   10;   4.5; 160;eor
        603;2026010515;   10;   4.6; 170;eor
        603;2026010516;   10;   5.0; 180;eor
        603;2026010517;   10;   3.6; 180;eor
        603;2026010518;   10;   4.6; 200;eor
        603;2026010519;   10;   4.9; 200;eor
        603;2026010520;   10;   4.7; 200;eor
        603;2026010521;   10;   3.6; 200;eor
        603;2026010522;   10;   3.2; 200;eor
        603;2026010523;   10;   4.0; 210;eor
        603;2026010600;   10;   5.3; 210;eor
        603;2026010601;   10;   5.6; 200;eor
        603;2026010602;   10;   4.6; 200;eor
        603;2026010603;   10;   3.5; 190;eor
        603;2026010604;   10;   3.2; 190;eor
        603;2026010605;   10;   3.3; 200;eor
        603;2026010606;   10;   4.5; 200;eor
        603;2026010607;   10;   2.9; 200;eor
        603;2026010608;   10;   3.7; 200;eor
        603;2026010609;   10;   4.0; 210;eor
        603;2026010610;   10;   3.1; 220;eor
        603;2026010611;   10;   2.7; 240;eor
        603;2026010612;   10;   2.1; 260;eor
        603;2026010613;   10;   1.6; 310;eor
        603;2026010614;   10;   1.1; 290;eor
        603;2026010615;   10;   0.4; 150;eor
        603;2026010616;   10;   1.3; 170;eor
        603;2026010617;   10;   1.3; 180;eor
        603;2026010618;   10;   2.8; 200;eor
        603;2026010619;   10;   2.7; 210;eor
        603;2026010620;   10;   2.8; 210;eor
        603;2026010621;   10;   3.8; 200;eor
        603;2026010622;   10;   4.3; 200;eor
        603;2026010623;   10;   5.0; 210;eor
        603;2026010700;   10;   4.7; 200;eor
        603;2026010701;   10;   4.4; 200;eor
        603;2026010702;   10;   6.0; 190;eor
        603;2026010703;   10;   6.4; 200;eor
        603;2026010704;   10;   6.3; 190;eor
        603;2026010705;   10;   5.4; 180;eor
        603;2026010706;   10;   5.5; 170;eor
        603;2026010707;   10;   6.8; 180;eor
        603;2026010708;   10;   8.4; 190;eor
        603;2026010709;   10;   6.7; 170;eor
        603;2026010710;   10;   5.9; 170;eor
        603;2026010711;   10;   7.9; 180;eor
        603;2026010712;   10;   8.4; 180;eor
        603;2026010713;   10;   6.6; 180;eor
        603;2026010714;   10;   5.5; 170;eor
        603;2026010715;   10;   6.1; 180;eor
        603;2026010716;   10;   5.9; 180;eor
        603;2026010717;   10;   7.7; 190;eor
        603;2026010718;   10;   6.5; 180;eor
        603;2026010719;   10;   6.0; 190;eor
        603;2026010720;   10;   7.9; 200;eor
        603;2026010721;   10;   7.8; 200;eor
        603;2026010722;   10;   8.1; 200;eor
        603;2026010723;   10;   8.0; 200;eor
        603;2026010800;   10;   8.4; 200;eor
        603;2026010801;   10;   6.5; 200;eor
        603;2026010802;   10;   6.7; 200;eor
        603;2026010803;   10;   7.6; 200;eor
        603;2026010804;   10;   6.8; 200;eor
        603;2026010805;   10;   6.1; 190;eor
        603;2026010806;   10;   6.6; 190;eor
        603;2026010807;   10;   7.1; 190;eor
        603;2026010808;   10;   6.2; 200;eor
        603;2026010809;   10;   5.2; 180;eor
        603;2026010810;   10;   5.3; 190;eor
        603;2026010811;   10;   5.4; 190;eor
        603;2026010812;   10;   5.6; 190;eor
        603;2026010813;   10;   4.4; 180;eor
        603;2026010814;   10;   3.3; 170;eor
        603;2026010815;   10;   2.2; 140;eor
        603;2026010816;   10;   2.7; 120;eor
        603;2026010817;   10;   3.4; 140;eor
        603;2026010818;   10;   3.8; 140;eor
        603;2026010819;   10;   3.5; 130;eor
        603;2026010820;   10;   3.2; 140;eor
        603;2026010821;   10;   4.6; 120;eor
        603;2026010822;   10;   4.9; 120;eor
        603;2026010823;   10;   4.7; 110;eor
        603;2026010900;   10;   5.4; 130;eor
        603;2026010901;   10;   5.1; 120;eor
        603;2026010902;   10;   5.0; 150;eor
        603;2026010903;   10;   5.2; 160;eor
        603;2026010904;   10;   4.3; 150;eor
        603;2026010905;   10;   3.5; 160;eor
        603;2026010906;   10;   5.4; 180;eor
        603;2026010907;   10;   6.9; 170;eor
        603;2026010908;   10;   7.1; 180;eor
        603;2026010909;   10;   6.2; 170;eor
        603;2026010910;   10;   5.7; 170;eor
        603;2026010911;   10;   9.2; 200;eor
        603;2026010912;   10;   8.9; 200;eor
        603;2026010913;   10;   9.2; 200;eor
        603;2026010914;   10;   8.2; 200;eor
        603;2026010915;   10;   7.4; 210;eor
        603;2026010916;   10;   6.0; 210;eor
        603;2026010917;   10;   5.7; 200;eor
        603;2026010918;   10;   5.5; 210;eor
        603;2026010919;   10;   4.8; 210;eor
        603;2026010920;   10;   5.1; 220;eor
        603;2026010921;   10;   4.4; 210;eor
        603;2026010922;   10;   4.2; 220;eor
        603;2026010923;   10;   3.3; 220;eor
        603;2026011000;   10;   4.9; 230;eor
        603;2026011001;   10;   2.9; 240;eor
        603;2026011002;   10;   3.1; 280;eor
        603;2026011003;   10;   3.7; 260;eor
        603;2026011004;   10;   3.6; 250;eor
        603;2026011005;   10;   4.5; 260;eor
        603;2026011006;   10;   4.7; 270;eor
        603;2026011007;   10;   4.8; 260;eor
        603;2026011008;   10;   4.2; 270;eor
        603;2026011009;   10;   4.3; 280;eor
        603;2026011010;   10;   3.9; 280;eor
        603;2026011011;   10;   3.7; 280;eor
        603;2026011012;   10;   3.3; 290;eor
        603;2026011013;   10;   3.1; 290;eor
        603;2026011014;   10;   2.8; 290;eor
        603;2026011015;   10;   2.7; 300;eor
        603;2026011016;   10;   2.3; 310;eor
        603;2026011017;   10;   1.0; 330;eor
        603;2026011018;   10;   0.9;  70;eor
        603;2026011019;   10;   2.7;  70;eor
        603;2026011020;   10;   1.5;  40;eor
        603;2026011021;   10;   2.5;  50;eor
        603;2026011022;   10;   2.2;  50;eor
        603;2026011023;   10;   0.6;  50;eor
        603;2026011100;   10;   1.1;  90;eor
        603;2026011101;   10;   2.4; 110;eor
        603;2026011102;   10;   2.3; 110;eor
        603;2026011103;   10;   1.7; 110;eor
        603;2026011104;   10;   1.3; 100;eor
        603;2026011105;   10;   0.8;  70;eor
        603;2026011106;   10;   2.0; 100;eor
        603;2026011107;   10;   1.2;  90;eor
        603;2026011108;   10;   1.3; 120;eor
        603;2026011109;   10;   3.4; 110;eor
        603;2026011110;   10;   2.2; 100;eor
        603;2026011111;   10;   2.2; 120;eor
        603;2026011112;   10;   4.4; 170;eor
        603;2026011113;   10;   4.1; 160;eor
        603;2026011114;   10;   3.8; 160;eor
        603;2026011115;   10;   3.7; 160;eor
        603;2026011116;   10;   4.5; 160;eor
        603;2026011117;   10;   4.9; 160;eor
        603;2026011118;   10;   4.8; 160;eor
        603;2026011119;   10;   4.5; 160;eor
        603;2026011120;   10;   5.0; 150;eor
        603;2026011121;   10;   5.4; 160;eor
        603;2026011122;   10;   5.5; 160;eor
        603;2026011123;   10;   5.4; 160;eor
        603;2026011200;   10;   6.1; 150;eor
        603;2026011201;   10;   6.3; 150;eor
        603;2026011202;   10;   6.4; 160;eor
        603;2026011203;   10;   5.7; 150;eor
        603;2026011204;   10;   6.6; 150;eor
        603;2026011205;   10;   7.2; 150;eor
        603;2026011206;   10;   5.6; 150;eor
        603;2026011207;   10;   5.1; 160;eor
        603;2026011208;   10;   5.1; 180;eor
        603;2026011209;   10;   3.5; 160;eor
        603;2026011210;   10;   2.9; 150;eor
        603;2026011211;   10;   3.8; 180;eor
        603;2026011212;   10;   6.3; 190;eor
        603;2026011213;   10;   6.7; 190;eor
        603;2026011214;   10;   4.6; 180;eor
        603;2026011215;   10;   4.7; 190;eor
        603;2026011216;   10;   4.9; 190;eor
        603;2026011217;   10;   5.6; 190;eor
        603;2026011218;   10;   5.3; 190;eor
        603;2026011219;   10;   5.8; 200;eor
        603;2026011220;   10;   5.5; 200;eor
        603;2026011221;   10;   4.4; 200;eor
        603;2026011222;   10;   4.6; 210;eor
        603;2026011223;   10;   4.1; 210;eor
        603;2026011300;   10;   4.4; 210;eor
        603;2026011301;   10;   4.2; 200;eor
        603;2026011302;   10;   4.7; 200;eor
        603;2026011303;   10;   4.8; 200;eor
        603;2026011304;   10;   4.9; 200;eor
        603;2026011305;   10;   6.3; 200;eor
        603;2026011306;   10;   5.6; 200;eor
        603;2026011307;   10;   4.6; 180;eor
        603;2026011308;   10;   4.9; 190;eor
        603;2026011309;   10;   5.3; 180;eor
        603;2026011310;   10;   4.1; 170;eor
        603;2026011311;   10;   3.8; 180;eor
        603;2026011312;   10;   3.8; 190;eor
        603;2026011313;   10;   4.2; 180;eor
        603;2026011314;   10;   4.1; 170;eor
        603;2026011315;   10;   3.3; 150;eor
        603;2026011316;   10;   3.2; 160;eor
        603;2026011317;   10;   3.4; 160;eor
        603;2026011318;   10;   4.5; 170;eor
        603;2026011319;   10;   5.3; 170;eor
        603;2026011320;   10;   5.4; 190;eor
        603;2026011321;   10;   4.7; 190;eor
        603;2026011322;   10;   5.5; 210;eor
        603;2026011323;   10;   5.9; 210;eor
        603;2026011400;   10;   5.3; 210;eor
        603;2026011401;   10;   5.8; 210;eor
        603;2026011402;   10;   5.5; 210;eor
        603;2026011403;   10;   4.6; 230;eor
        603;2026011404;   10;   4.1; 210;eor
        603;2026011405;   10;   4.9; 210;eor
        603;2026011406;   10;   5.1; 210;eor
        603;2026011407;   10;   5.4; 200;eor
        603;2026011408;   10;   5.0; 210;eor
        603;2026011409;   10;   3.2; 220;eor
        603;2026011410;   10;   2.1; 230;eor
        603;2026011411;   10;   1.7; 270;eor
        603;2026011412;   10;   1.5; 240;eor
        603;2026011413;   10;   0.7; 160;eor
        603;2026011414;   10;   0.4; 170;eor
        603;2026011415;   10;   0.9; 190;eor
        603;2026011416;   10;   0.6;  90;eor
        603;2026011417;   10;   0.7;  90;eor
        603;2026011418;   10;   1.0; 170;eor
        603;2026011419;   10;   3.2; 190;eor
        603;2026011420;   10;   4.2; 190;eor
        603;2026011421;   10;   4.5; 190;eor
        603;2026011422;   10;   4.2; 190;eor
        603;2026011423;   10;   3.1; 180;eor
        603;2026011500;   10;   2.5; 170;eor
        603;2026011501;   10;   2.5; 160;eor
        603;2026011502;   10;   2.9; 160;eor
        603;2026011503;   10;   2.6; 150;eor
        603;2026011504;   10;   3.5; 170;eor
        603;2026011505;   10;   4.9; 190;eor
        603;2026011506;   10;   4.6; 200;eor
        603;2026011507;   10;   4.6; 180;eor
        603;2026011508;   10;   3.9; 160;eor
        603;2026011509;   10;   4.4; 170;eor
        603;2026011510;   10;   4.5; 160;eor
        603;2026011511;   10;   4.7; 170;eor
        603;2026011512;   10;   4.1; 170;eor
        603;2026011513;   10;   4.8; 160;eor
        603;2026011514;   10;   4.7; 180;eor
        603;2026011515;   10;   3.2; 190;eor
        603;2026011516;   10;   3.2; 160;eor
        603;2026011517;   10;   3.7; 150;eor
        603;2026011518;   10;   3.8; 140;eor
        603;2026011519;   10;   4.4; 140;eor
        603;2026011520;   10;   5.2; 150;eor
        603;2026011521;   10;   5.7; 150;eor
        603;2026011522;   10;   6.0; 130;eor
        603;2026011523;   10;   3.4; 140;eor
        603;2026011600;   10;   5.4; 160;eor
        603;2026011601;   10;   7.3; 170;eor
        603;2026011602;   10;   6.2; 170;eor
        603;2026011603;   10;   6.2; 160;eor
        603;2026011604;   10;   6.3; 180;eor
        603;2026011605;   10;   5.8; 180;eor
        603;2026011606;   10;   4.3; 200;eor
        603;2026011607;   10;   5.3; 200;eor
        603;2026011608;   10;   5.1; 190;eor
        603;2026011609;   10;   3.5; 170;eor
        603;2026011610;   10;   4.4; 180;eor
        603;2026011611;   10;   4.6; 170;eor
        603;2026011612;   10;   4.2; 160;eor
        603;2026011613;   10;   3.5; 160;eor
        603;2026011614;   10;   2.6; 170;eor
        603;2026011615;   10;   3.0; 170;eor
        603;2026011616;   10;   3.1; 190;eor
        603;2026011617;   10;   3.4; 180;eor
        603;2026011618;   10;   3.7; 190;eor
        603;2026011619;   10;   1.6; 170;eor
        603;2026011620;   10;   1.2; 130;eor
        603;2026011621;   10;   1.6; 110;eor
        603;2026011622;   10;   2.5; 120;eor
        603;2026011623;   10;   3.5; 130;eor
        603;2026011700;   10;   2.6; 110;eor
        603;2026011701;   10;   2.8; 120;eor
        603;2026011702;   10;   3.1; 100;eor
        603;2026011703;   10;   2.3;  90;eor
        603;2026011704;   10;   2.8;  80;eor
        603;2026011705;   10;   3.7;  90;eor
        603;2026011706;   10;   4.6; 110;eor
        603;2026011707;   10;   3.6; 110;eor
        603;2026011708;   10;   4.2; 120;eor
        603;2026011709;   10;   4.1; 120;eor
        603;2026011710;   10;   3.3; 110;eor
        603;2026011711;   10;   3.1; 110;eor
        603;2026011712;   10;   1.9; 130;eor
        603;2026011713;   10;   1.0; 240;eor
        603;2026011714;   10;   3.3; 120;eor
        603;2026011715;   10;   1.7; 130;eor
        603;2026011716;   10;   1.4; 120;eor
        603;2026011717;   10;   1.9; 120;eor
        603;2026011718;   10;   1.1; 120;eor
        603;2026011719;   10;   1.1; 120;eor
        603;2026011720;   10;   1.1; 120;eor
        603;2026011721;   10;   1.6; 110;eor
        603;2026011722;   10;   2.6; 110;eor
        603;2026011723;   10;   2.6; 110;eor
        603;2026011800;   10;   2.6; 110;eor
        603;2026011801;   10;   2.3; 100;eor
        603;2026011802;   10;   2.9; 100;eor
        603;2026011803;   10;   3.2; 110;eor
        603;2026011804;   10;   3.4; 130;eor
        603;2026011805;   10;   2.6; 130;eor
        603;2026011806;   10;   3.7; 120;eor
        603;2026011807;   10;   3.8; 120;eor
        603;2026011808;   10;   4.0; 130;eor
        603;2026011809;   10;   4.3; 130;eor
        603;2026011810;   10;   5.3; 130;eor
        603;2026011811;   10;   5.3; 130;eor
        603;2026011812;   10;   5.6; 130;eor
        603;2026011813;   10;   5.4; 130;eor
        603;2026011814;   10;   4.8; 130;eor
        603;2026011815;   10;   5.5; 130;eor
        603;2026011816;   10;   5.4; 130;eor
        603;2026011817;   10;   5.3; 120;eor
        603;2026011818;   10;   4.9; 130;eor
        603;2026011819;   10;   5.1; 140;eor
        603;2026011820;   10;   4.9; 140;eor
        603;2026011821;   10;   2.8; 120;eor
        603;2026011822;   10;   2.7; 110;eor
        603;2026011823;   10;   3.3; 120;eor
        603;2026011900;   10;   3.4; 110;eor
        603;2026011901;   10;   2.7; 120;eor
        603;2026011902;   10;   3.1; 110;eor
        603;2026011903;   10;   4.1; 110;eor
        603;2026011904;   10;   3.4; 110;eor
        603;2026011905;   10;   3.3; 120;eor
        603;2026011906;   10;   3.8; 140;eor
        603;2026011907;   10;   3.9; 150;eor
        603;2026011908;   10;   3.6; 140;eor
        603;2026011909;   10;   3.7; 130;eor
        603;2026011910;   10;   3.7; 130;eor
        603;2026011911;   10;   4.0; 130;eor
        603;2026011912;   10;   3.8; 130;eor
        603;2026011913;   10;   3.8; 130;eor
        603;2026011914;   10;   4.2; 130;eor
        603;2026011915;   10;   4.3; 110;eor
        603;2026011916;   10;   4.6; 120;eor
        603;2026011917;   10;   4.0; 120;eor
        603;2026011918;   10;   4.3; 120;eor
        603;2026011919;   10;   4.6; 130;eor
        603;2026011920;   10;   2.9; 120;eor
        603;2026011921;   10;   3.2; 120;eor
        603;2026011922;   10;   3.9; 130;eor
        603;2026011923;   10;   2.2; 130;eor
        603;2026012000;   10;   1.3; 120;eor
        603;2026012001;   10;   2.2; 120;eor
        603;2026012002;   10;   2.6; 110;eor
        603;2026012003;   10;   3.9; 120;eor
        603;2026012004;   10;   3.0; 120;eor
        603;2026012005;   10;   2.6; 120;eor
        603;2026012006;   10;   1.4; 100;eor
        603;2026012007;   10;   2.1; 120;eor
        603;2026012008;   10;   2.9; 110;eor
        603;2026012009;   10;   3.5; 120;eor
        603;2026012010;   10;   3.4; 130;eor
        603;2026012011;   10;   1.6; 190;eor
        603;2026012012;   10;   2.3; 140;eor
        603;2026012013;   10;   4.1; 130;eor
        603;2026012014;   10;   2.5; 160;eor
        603;2026012015;   10;   2.7; 140;eor
        603;2026012016;   10;   1.5; 140;eor
        603;2026012017;   10;   1.8; 160;eor
        603;2026012018;   10;   2.4; 140;eor
        603;2026012019;   10;   1.8; 120;eor
        603;2026012020;   10;   1.3; 130;eor
        603;2026012021;   10;   0.7; 240;eor
        603;2026012022;   10;   0.9; 110;eor
        603;2026012023;   10;   1.7; 110;eor
        603;2026012100;   10;   2.4; 100;eor
        603;2026012101;   10;   2.7; 100;eor
        603;2026012102;   10;   4.0; 110;eor
        603;2026012103;   10;   3.7; 100;eor
        603;2026012104;   10;   3.9;  90;eor
        603;2026012105;   10;   4.1; 100;eor
        603;2026012106;   10;   4.2; 110;eor
        603;2026012107;   10;   3.4; 110;eor
        603;2026012108;   10;   4.3; 110;eor
        603;2026012109;   10;   4.8; 110;eor
        603;2026012110;   10;   3.8; 120;eor
        603;2026012111;   10;   3.9; 110;eor
        603;2026012112;   10;   4.8; 120;eor
        603;2026012113;   10;   5.4; 120;eor
        603;2026012114;   10;   6.4; 120;eor
        603;2026012115;   10;   4.7; 120;eor
        603;2026012116;   10;   3.8; 120;eor
        603;2026012117;   10;   3.5; 120;eor
        603;2026012118;   10;   3.6; 110;eor
        603;2026012119;   10;   3.3; 100;eor
        603;2026012120;   10;   3.8; 110;eor
        603;2026012121;   10;   3.7; 100;eor
        603;2026012122;   10;   3.2; 110;eor
        603;2026012123;   10;   2.6; 120;eor
        603;2026012200;   10;   2.2;  90;eor
        603;2026012201;   10;   3.2;  90;eor
        603;2026012202;   10;   4.7; 110;eor
        603;2026012203;   10;   4.5; 110;eor
        603;2026012204;   10;   2.0; 120;eor
        603;2026012205;   10;   4.3; 120;eor
        603;2026012206;   10;   4.2; 110;eor
        603;2026012207;   10;   4.1; 100;eor
        603;2026012208;   10;   4.2; 100;eor
        603;2026012209;   10;   4.3; 110;eor
        603;2026012210;   10;   4.7; 120;eor
        603;2026012211;   10;   4.5; 120;eor
        603;2026012212;   10;   4.6; 110;eor
        603;2026012213;   10;   4.4; 110;eor
        603;2026012214;   10;   4.1; 140;eor
        603;2026012215;   10;   4.3; 130;eor
        603;2026012216;   10;   4.4; 140;eor
        603;2026012217;   10;   2.4; 110;eor
        603;2026012218;   10;   2.5;  90;eor
        603;2026012219;   10;   2.3; 100;eor
        603;2026012220;   10;   2.4; 130;eor
        603;2026012221;   10;   3.0; 120;eor
        603;2026012222;   10;   2.2; 100;eor
        603;2026012223;   10;   4.0;  90;eor
        603;2026012300;   10;   2.5; 100;eor
        603;2026012301;   10;   2.4; 100;eor
        603;2026012302;   10;   2.1; 120;eor
        603;2026012303;   10;   3.3; 120;eor
        603;2026012304;   10;   3.9;  90;eor
        603;2026012305;   10;   4.2;  90;eor
        603;2026012306;   10;   4.3; 110;eor
        603;2026012307;   10;   4.1; 120;eor
        603;2026012308;   10;   3.9; 100;eor
        603;2026012309;   10;   4.0; 110;eor
        603;2026012310;   10;   3.6; 130;eor
        603;2026012311;   10;   5.9; 120;eor
        603;2026012312;   10;   6.0; 120;eor
        603;2026012313;   10;   5.3; 130;eor
        603;2026012314;   10;   5.3; 130;eor
        603;2026012315;   10;   4.8; 130;eor
        603;2026012316;   10;   4.4; 130;eor
        603;2026012317;   10;   5.6; 130;eor
        603;2026012318;   10;   4.9; 120;eor
        603;2026012319;   10;   4.2; 120;eor
        603;2026012320;   10;   5.3; 130;eor
        603;2026012321;   10;   5.3; 130;eor
        603;2026012322;   10;   4.9; 130;eor
        603;2026012323;   10;   3.2; 110;eor
        603;2026012400;   10;   4.7; 100;eor
        603;2026012401;   10;   4.6; 110;eor
        603;2026012402;   10;   3.6;  90;eor
        603;2026012403;   10;   3.0; 110;eor
        603;2026012404;   10;   2.4; 110;eor
        603;2026012405;   10;   2.9; 120;eor
        603;2026012406;   10;   2.6; 110;eor
        603;2026012407;   10;   2.9; 110;eor
        603;2026012408;   10;   3.5; 100;eor
        603;2026012409;   10;   3.5; 110;eor
        603;2026012410;   10;   1.2;  80;eor
        603;2026012411;   10;   0.7; 240;eor
        603;2026012412;   10;   2.8; 120;eor
        603;2026012413;   10;   3.3; 120;eor
        603;2026012414;   10;   4.7; 110;eor
        603;2026012415;   10;   3.9; 120;eor
        603;2026012416;   10;   2.9; 120;eor
        603;2026012417;   10;   3.1; 100;eor
        603;2026012418;   10;   3.2; 140;eor
        603;2026012419;   10;   3.2; 150;eor
        603;2026012420;   10;   3.1; 130;eor
        603;2026012421;   10;   2.4; 130;eor
        603;2026012422;   10;   2.1; 130;eor
        603;2026012423;   10;   2.7; 130;eor
        603;2026012500;   10;   3.3; 120;eor
        603;2026012501;   10;   3.0; 120;eor
        603;2026012502;   10;   3.6; 130;eor
        603;2026012503;   10;   3.9; 110;eor
        603;2026012504;   10;   2.7; 110;eor
        603;2026012505;   10;   3.4; 130;eor
        603;2026012506;   10;   2.3; 120;eor
        603;2026012507;   10;   3.3; 110;eor
        603;2026012508;   10;   5.1; 110;eor
        603;2026012509;   10;   4.7; 120;eor
        603;2026012510;   10;   4.0; 120;eor
        603;2026012511;   10;   3.7; 120;eor
        603;2026012512;   10;   3.4; 120;eor
        603;2026012513;   10;   2.9; 120;eor
        603;2026012514;   10;   3.7; 120;eor
        603;2026012515;   10;   4.1; 120;eor
        603;2026012516;   10;   3.5; 120;eor
        603;2026012517;   10;   3.8; 110;eor
        603;2026012518;   10;   3.5; 120;eor
        603;2026012519;   10;   1.9; 130;eor
        603;2026012520;   10;   1.5; 100;eor
        603;2026012521;   10;   1.9;  90;eor
        603;2026012522;   10;   2.5; 110;eor
        603;2026012523;   10;   1.3; 110;eor
        603;2026012600;   10;   0.7; 100;eor
        603;2026012601;   10;   0.9; 330;eor
        603;2026012602;   10;   1.3; 250;eor
        603;2026012603;   10;   2.2; 270;eor
        603;2026012604;   10;   2.4; 270;eor
        603;2026012605;   10;   3.0; 280;eor
        603;2026012606;   10;   3.3; 290;eor
        603;2026012607;   10;   2.7; 280;eor
        603;2026012608;   10;   3.1; 290;eor
        603;2026012609;   10;   3.0; 300;eor
        603;2026012610;   10;   3.3; 290;eor
        603;2026012611;   10;   5.1; 280;eor
        603;2026012612;   10;   5.3; 280;eor
        603;2026012613;   10;   4.1; 290;eor
        603;2026012614;   10;   4.6; 280;eor
        603;2026012615;   10;   4.4; 280;eor
        603;2026012616;   10;   3.6; 280;eor
        603;2026012617;   10;   2.6; 270;eor
        603;2026012618;   10;   2.3; 270;eor
        603;2026012619;   10;   1.9; 290;eor
        603;2026012620;   10;   1.3; 290;eor
        603;2026012621;   10;   1.4; 260;eor
        603;2026012622;   10;   1.1; 260;eor
        603;2026012623;   10;   0.7; 110;eor
        603;2026012700;   10;   1.1;  60;eor
        603;2026012701;   10;   1.2; 120;eor
        603;2026012702;   10;   1.7; 110;eor
        603;2026012703;   10;   1.6; 110;eor
        603;2026012704;   10;   1.6; 110;eor
        603;2026012705;   10;   1.9; 100;eor
        603;2026012706;   10;   2.4; 100;eor
        603;2026012707;   10;   2.9; 110;eor
        603;2026012708;   10;   3.1; 130;eor
        603;2026012709;   10;   3.3; 120;eor
        603;2026012710;   10;   3.9; 110;eor
        603;2026012711;   10;   5.4; 130;eor
        603;2026012712;   10;   5.8; 130;eor
        603;2026012713;   10;   6.5; 140;eor
        603;2026012714;   10;   6.0; 130;eor
        603;2026012715;   10;   4.2; 120;eor
        603;2026012716;   10;   4.3; 120;eor
        603;2026012717;   10;   4.2; 110;eor
        603;2026012718;   10;   4.1; 110;eor
        603;2026012719;   10;   3.5; 130;eor
        603;2026012720;   10;   3.9; 140;eor
        603;2026012721;   10;   3.2; 140;eor
        603;2026012722;   10;   2.3; 110;eor
        603;2026012723;   10;   2.7; 110;eor
        603;2026012800;   10;   1.6; 130;eor
        603;2026012801;   10;   1.8; 100;eor
        603;2026012802;   10;   1.3; 100;eor
        603;2026012803;   10;   1.0;  60;eor
        603;2026012804;   10;   1.1;  70;eor
        603;2026012805;   10;   0.8;  70;eor
        603;2026012806;   10;   0.8;  40;eor
        603;2026012807;   10;   1.4;  60;eor
        603;2026012808;   10;   1.2;  60;eor
        603;2026012809;   10;   1.9;  70;eor
        603;2026012810;   10;   1.5; 110;eor
        603;2026012811;   10;   1.3;  80;eor
        603;2026012812;   10;   1.1; 240;eor
        603;2026012813;   10;   1.4; 340;eor
        603;2026012814;   10;   0.9; 340;eor
        603;2026012815;   10;   1.0; 350;eor
        603;2026012816;   10;   1.1; 310;eor
        603;2026012817;   10;   2.0; 320;eor
        603;2026012818;   10;   2.0; 330;eor
        603;2026012819;   10;   2.5; 320;eor
        603;2026012820;   10;   1.9; 330;eor
        603;2026012821;   10;   1.2; 310;eor
        603;2026012822;   10;   1.6; 280;eor
        603;2026012823;   10;   1.5; 250;eor
        603;2026012900;   10;   2.0; 250;eor
        603;2026012901;   10;   1.3; 240;eor
        603;2026012902;   10;   0.9; 210;eor
        603;2026012903;   10;   0.9; 190;eor
        603;2026012904;   10;   1.6; 210;eor
        603;2026012905;   10;   1.9; 230;eor
        603;2026012906;   10;   0.4;   0;eor
        603;2026012907;   10;   0.6;  20;eor
        603;2026012908;   10;   0.6;  50;eor
        603;2026012909;   10;   0.7;  70;eor
        603;2026012910;   10;   0.5;  70;eor
        603;2026012911;   10;   1.0;  40;eor
        603;2026012912;   10;   0.6; 100;eor
        603;2026012913;   10;   0.9;  60;eor
        603;2026012914;   10;   0.6;  70;eor
        603;2026012915;   10;   0.8; 130;eor
        603;2026012916;   10;   1.1; 130;eor
        603;2026012917;   10;   0.7; 100;eor
        603;2026012918;   10;   1.1; 110;eor
        603;2026012919;   10;   1.0;  90;eor
        603;2026012920;   10;   1.2;  90;eor
        603;2026012921;   10;   1.8; 110;eor
        603;2026012922;   10;   2.4; 120;eor
        603;2026012923;   10;   2.5; 110;eor
        603;2026013000;   10;   2.3; 100;eor
        603;2026013001;   10;   1.8; 130;eor
        603;2026013002;   10;   3.3; 140;eor
        603;2026013003;   10;   3.4; 130;eor
        603;2026013004;   10;   2.6; 130;eor
        603;2026013005;   10;   3.5; 150;eor
        603;2026013006;   10;   3.6; 120;eor
        603;2026013007;   10;   4.1; 120;eor
        603;2026013008;   10;   4.3; 110;eor
        603;2026013009;   10;   3.7; 120;eor
        603;2026013010;   10;   4.4; 130;eor
        603;2026013011;   10;   5.0; 130;eor
        603;2026013012;   10;   4.7; 140;eor
        603;2026013013;   10;   4.0; 140;eor
        603;2026013014;   10;   5.5; 130;eor
        603;2026013015;   10;   5.9; 130;eor
        603;2026013016;   10;   5.1; 120;eor
        603;2026013017;   10;   5.1; 110;eor
        603;2026013018;   10;   4.1; 120;eor
        603;2026013019;   10;   4.6; 130;eor
        603;2026013020;   10;   5.3; 120;eor
        603;2026013021;   10;   5.5; 130;eor
        603;2026013022;   10;   4.7; 130;eor
        603;2026013023;   10;   3.4; 130;eor
        603;2026013100;   10;   4.1; 110;eor
        603;2026013101;   10;   5.0; 120;eor
        603;2026013102;   10;   5.8; 140;eor
        603;2026013103;   10;   5.9; 130;eor
        603;2026013104;   10;   5.4; 140;eor
        603;2026013105;   10;   4.3; 130;eor
        603;2026013106;   10;   4.6; 130;eor
        603;2026013107;   10;   5.0; 120;eor
        603;2026013108;   10;   4.7; 120;eor
        603;2026013109;   10;   4.9; 130;eor
        603;2026013110;   10;   3.4; 120;eor
        603;2026013111;   10;   3.5; 120;eor
        603;2026013112;   10;   2.5; 120;eor
        603;2026013113;   10;   2.8; 120;eor
        603;2026013114;   10;   4.2; 120;eor
        603;2026013115;   10;   2.9; 120;eor
        603;2026013116;   10;   4.0; 120;eor
        603;2026013117;   10;   3.9; 130;eor
        603;2026013118;   10;   3.3; 120;eor
        603;2026013119;   10;   3.1; 110;eor
        603;2026013120;   10;   1.9;  90;eor
        603;2026013121;   10;   2.9; 110;eor
        603;2026013122;   10;   3.0; 110;eor
        603;2026013123;   10;   3.6; 110;eor
        603;2026020100;   10;   4.0; 110;eor
        603;2026020101;   10;   3.2; 110;eor
        603;2026020102;   10;   2.6; 110;eor
        603;2026020103;   10;   3.5; 100;eor
        603;2026020104;   10;   3.5; 120;eor
        603;2026020105;   10;   3.4; 120;eor
        603;2026020106;   10;   2.5; 110;eor
        603;2026020107;   10;   4.1; 120;eor
        603;2026020108;   10;   3.1; 100;eor
        603;2026020109;   10;   1.8;  80;eor
        603;2026020110;   10;   3.5; 130;eor
        603;2026020111;   10;   4.4; 130;eor
        603;2026020112;   10;   3.7; 140;eor
        603;2026020113;   10;   4.2; 160;eor
        603;2026020114;   10;   5.0; 150;eor
        603;2026020115;   10;   4.5; 120;eor
        603;2026020116;   10;   4.1; 120;eor
        603;2026020117;   10;   4.1; 120;eor
        603;2026020118;   10;   4.2; 120;eor
        603;2026020119;   10;   3.8; 120;eor
        603;2026020120;   10;   2.6; 120;eor
        603;2026020121;   10;   3.8; 110;eor
        603;2026020122;   10;   3.3; 110;eor
        603;2026020123;   10;   4.1; 120;eor
        603;2026020200;   10;   3.7; 120;eor
        603;2026020201;   10;   4.6; 120;eor
        603;2026020202;   10;   4.4; 110;eor
        603;2026020203;   10;   4.9; 110;eor
        603;2026020204;   10;   4.2; 110;eor
        603;2026020205;   10;   3.0; 110;eor
        603;2026020206;   10;   4.0; 110;eor
        603;2026020207;   10;   5.5; 110;eor
        603;2026020208;   10;   4.3; 130;eor
        603;2026020209;   10;   4.6; 130;eor
        603;2026020210;   10;   6.0; 130;eor
        603;2026020211;   10;   5.7; 120;eor
        603;2026020212;   10;   5.7; 130;eor
        603;2026020213;   10;   6.1; 130;eor
        603;2026020214;   10;   6.7; 130;eor
        603;2026020215;   10;   5.3; 120;eor
        603;2026020216;   10;   5.5; 120;eor
        603;2026020217;   10;   5.0; 120;eor
        603;2026020218;   10;   5.4; 100;eor
        603;2026020219;   10;   6.2; 100;eor
        603;2026020220;   10;   6.4; 110;eor
        603;2026020221;   10;   6.1; 120;eor
        603;2026020222;   10;   5.7; 110;eor
        603;2026020223;   10;   5.6; 110;eor
        603;2026020300;   10;   4.9; 120;eor
        603;2026020301;   10;   4.4; 120;eor
        603;2026020302;   10;   4.6; 110;eor
        603;2026020303;   10;   3.8; 110;eor
        603;2026020304;   10;   6.2; 110;eor
        603;2026020305;   10;   6.6; 110;eor
        603;2026020306;   10;   6.3; 120;eor
        603;2026020307;   10;   5.5; 130;eor
        603;2026020308;   10;   5.9; 120;eor
        603;2026020309;   10;   6.0; 120;eor
        603;2026020310;   10;   6.5; 120;eor
        603;2026020311;   10;   5.4; 130;eor
        603;2026020312;   10;   5.6; 110;eor
        603;2026020313;   10;   5.7; 120;eor
        603;2026020314;   10;   5.0; 120;eor
        603;2026020315;   10;   5.0; 120;eor
        603;2026020316;   10;   5.1; 130;eor
        603;2026020317;   10;   5.2; 120;eor
        603;2026020318;   10;   5.3; 130;eor
        603;2026020319;   10;   4.4; 140;eor
        603;2026020320;   10;   4.4; 130;eor
        603;2026020321;   10;   4.2; 140;eor
        603;2026020322;   10;   3.5; 120;eor
        603;2026020323;   10;   2.5; 140;eor
        603;2026020400;   10;   2.4; 130;eor
        603;2026020401;   10;   2.6; 120;eor
        603;2026020402;   10;   2.2; 120;eor
        603;2026020403;   10;   4.6; 130;eor
        603;2026020404;   10;   2.5; 140;eor
        603;2026020405;   10;   2.2; 100;eor
        603;2026020406;   10;   3.0; 110;eor
        603;2026020407;   10;   3.8; 110;eor
        603;2026020408;   10;   4.5; 110;eor
        603;2026020409;   10;   4.3; 100;eor
        603;2026020410;   10;   4.2; 100;eor
        603;2026020411;   10;   4.6; 110;eor
        603;2026020412;   10;   4.6; 110;eor
        603;2026020413;   10;   4.8; 110;eor
        603;2026020414;   10;   4.6; 100;eor
        603;2026020415;   10;   4.4; 110;eor
        603;2026020416;   10;   3.5; 130;eor
        603;2026020417;   10;   2.2;  90;eor
        603;2026020418;   10;   1.9;  60;eor
        603;2026020419;   10;   1.5;  90;eor
        603;2026020420;   10;   1.7; 160;eor
        603;2026020421;   10;   1.1; 100;eor
        603;2026020422;   10;   2.0; 130;eor
        603;2026020423;   10;   2.3; 140;eor
        603;2026020500;   10;   2.7; 110;eor
        603;2026020501;   10;   2.6; 120;eor
        603;2026020502;   10;   3.4; 110;eor
        603;2026020503;   10;   3.3; 110;eor
        603;2026020504;   10;   3.7; 110;eor
        603;2026020505;   10;   4.0; 110;eor
        603;2026020506;   10;   3.7; 120;eor
        603;2026020507;   10;   4.6; 130;eor
        603;2026020508;   10;   5.6; 130;eor
        603;2026020509;   10;   5.2; 130;eor
        603;2026020510;   10;   7.0; 140;eor
        603;2026020511;   10;   6.0; 130;eor
        603;2026020512;   10;   5.6; 120;eor
        603;2026020513;   10;   5.3; 120;eor
        603;2026020514;   10;   5.0; 120;eor
        603;2026020515;   10;   5.4; 120;eor
        603;2026020516;   10;   4.6; 110;eor
        603;2026020517;   10;   4.9; 120;eor
        603;2026020518;   10;   4.0; 120;eor
        603;2026020519;   10;   4.0; 100;eor
        603;2026020520;   10;   4.2; 110;eor
        603;2026020521;   10;   3.7; 110;eor
        603;2026020522;   10;   4.6; 120;eor
        603;2026020523;   10;   5.0; 120;eor
        603;2026020600;   10;   4.6; 110;eor
        603;2026020601;   10;   4.4; 120;eor
        603;2026020602;   10;   3.7; 120;eor
        603;2026020603;   10;   3.5; 110;eor
        603;2026020604;   10;   2.8; 130;eor
        603;2026020605;   10;   2.8; 120;eor
        603;2026020606;   10;   3.0; 120;eor
        603;2026020607;   10;   2.3; 120;eor
        603;2026020608;   10;   2.3; 120;eor
        603;2026020609;   10;   2.5; 120;eor
        603;2026020610;   10;   2.9; 120;eor
        603;2026020611;   10;   3.2; 120;eor
        603;2026020612;   10;   4.4; 110;eor
        603;2026020613;   10;   4.4; 120;eor
        603;2026020614;   10;   4.8; 120;eor
        603;2026020615;   10;   4.2; 130;eor
        603;2026020616;   10;   2.6; 140;eor
        603;2026020617;   10;   2.5; 150;eor
        603;2026020618;   10;   3.1; 160;eor
        603;2026020619;   10;   3.5; 160;eor
        603;2026020620;   10;   4.0; 160;eor
        603;2026020621;   10;   3.3; 160;eor
        603;2026020622;   10;   2.8; 180;eor
        603;2026020623;   10;   4.5; 190;eor
        603;2026020700;   10;   1.3; 180;eor
        603;2026020701;   10;   3.1; 190;eor
        603;2026020702;   10;   2.2; 190;eor
        603;2026020703;   10;   4.3; 190;eor
        603;2026020704;   10;   4.7; 200;eor
        603;2026020705;   10;   4.4; 200;eor
        603;2026020706;   10;   3.3; 200;eor
        603;2026020707;   10;   1.4; 150;eor
        603;2026020708;   10;   2.8; 210;eor
        603;2026020709;   10;   4.5; 200;eor
        603;2026020710;   10;   3.6; 180;eor
        603;2026020711;   10;   2.6; 180;eor
        603;2026020712;   10;   2.4; 190;eor
        603;2026020713;   10;   1.6; 160;eor
        603;2026020714;   10;   1.2; 120;eor
        603;2026020715;   10;   1.5;  90;eor
        603;2026020716;   10;   1.0; 160;eor
        603;2026020717;   10;   1.4; 160;eor
        603;2026020718;   10;   1.4; 140;eor
        603;2026020719;   10;   0.9; 150;eor
        603;2026020720;   10;   1.4;  50;eor
        603;2026020721;   10;   1.3; 110;eor
        603;2026020722;   10;   1.3; 120;eor
        603;2026020723;   10;   1.6;  60;eor
        603;2026020800;   10;   3.4; 110;eor
        603;2026020801;   10;   2.7; 120;eor
        603;2026020802;   10;   2.9; 110;eor
        603;2026020803;   10;   2.8; 120;eor
        603;2026020804;   10;   2.7; 120;eor
        603;2026020805;   10;   2.7; 120;eor
        603;2026020806;   10;   3.8; 120;eor
        603;2026020807;   10;   4.0; 130;eor
        603;2026020808;   10;   3.4; 140;eor
        603;2026020809;   10;   2.8; 140;eor
        603;2026020810;   10;   3.4; 150;eor
        603;2026020811;   10;   3.3; 140;eor
        603;2026020812;   10;   3.8; 130;eor
        603;2026020813;   10;   3.6; 120;eor
        603;2026020814;   10;   3.7; 140;eor
        603;2026020815;   10;   3.9; 140;eor
        603;2026020816;   10;   4.0; 110;eor
        603;2026020817;   10;   3.9; 120;eor
        603;2026020818;   10;   3.7; 140;eor
        603;2026020819;   10;   3.6; 140;eor
        603;2026020820;   10;   2.1; 120;eor
        603;2026020821;   10;   1.7; 100;eor
        603;2026020822;   10;   1.0;  60;eor
        603;2026020823;   10;   1.0;  40;eor
        603;2026020900;   10;   2.2;  90;eor
        603;2026020901;   10;   3.1; 100;eor
        603;2026020902;   10;   3.5; 120;eor
        603;2026020903;   10;   3.2; 140;eor
        603;2026020904;   10;   2.4;  90;eor
        603;2026020905;   10;   2.6;  90;eor
        603;2026020906;   10;   3.3;  90;eor
        603;2026020907;   10;   3.4; 100;eor
        603;2026020908;   10;   3.4; 100;eor
        603;2026020909;   10;   3.2; 110;eor
        603;2026020910;   10;   3.8; 110;eor
        603;2026020911;   10;   3.9; 120;eor
        603;2026020912;   10;   6.3; 150;eor
        603;2026020913;   10;   7.0; 150;eor
        603;2026020914;   10;   5.4; 150;eor
        603;2026020915;   10;   4.7; 160;eor
        603;2026020916;   10;   4.7; 150;eor
        603;2026020917;   10;   3.9; 130;eor
        603;2026020918;   10;   2.8; 110;eor
        603;2026020919;   10;   3.2; 130;eor
        603;2026020920;   10;   4.5; 120;eor
        603;2026020921;   10;   6.8; 130;eor
        603;2026020922;   10;   5.7; 130;eor
        603;2026020923;   10;   3.3; 130;eor
        603;2026021000;   10;   4.4; 130;eor
        603;2026021001;   10;   3.6; 130;eor
        603;2026021002;   10;   5.4; 120;eor
        603;2026021003;   10;   5.1; 120;eor
        603;2026021004;   10;   4.9; 120;eor
        603;2026021005;   10;   4.0; 110;eor
        603;2026021006;   10;   3.4; 120;eor
        603;2026021007;   10;   3.8; 120;eor
        603;2026021008;   10;   3.9; 110;eor
        603;2026021009;   10;   3.4; 110;eor
        603;2026021010;   10;   3.1; 120;eor
        603;2026021011;   10;   5.9; 150;eor
        603;2026021012;   10;   5.8; 160;eor
        603;2026021013;   10;   6.3; 160;eor
        603;2026021014;   10;   5.3; 160;eor
        603;2026021015;   10;   5.0; 170;eor
        603;2026021016;   10;   4.4; 170;eor
        603;2026021017;   10;   5.4; 170;eor
        603;2026021018;   10;   4.0; 160;eor
        603;2026021019;   10;   4.4; 160;eor
        603;2026021020;   10;   3.8; 150;eor
        603;2026021021;   10;   2.6; 130;eor
        603;2026021022;   10;   3.2; 110;eor
        603;2026021023;   10;   3.5; 130;eor
        603;2026021100;   10;   3.3; 120;eor
        603;2026021101;   10;   3.3; 140;eor
        603;2026021102;   10;   2.6; 110;eor
        603;2026021103;   10;   2.7; 140;eor
        603;2026021104;   10;   4.3; 160;eor
        603;2026021105;   10;   3.6; 160;eor
        603;2026021106;   10;   4.1; 200;eor
        603;2026021107;   10;   4.1; 210;eor
        603;2026021108;   10;   3.3; 220;eor
        603;2026021109;   10;   3.3; 210;eor
        603;2026021110;   10;   3.5; 210;eor
        603;2026021111;   10;   3.7; 220;eor
        603;2026021112;   10;   2.9; 240;eor
        603;2026021113;   10;   2.9; 240;eor
        603;2026021114;   10;   2.8; 250;eor
        603;2026021115;   10;   4.2; 260;eor
        603;2026021116;   10;   4.1; 240;eor
        603;2026021117;   10;   4.9; 230;eor
        603;2026021118;   10;   4.8; 240;eor
        603;2026021119;   10;   5.2; 230;eor
        603;2026021120;   10;   3.2; 200;eor
        603;2026021121;   10;   3.9; 200;eor
        603;2026021122;   10;   3.3; 180;eor
        603;2026021123;   10;   2.6; 140;eor
        603;2026021200;   10;   4.0; 150;eor
        603;2026021201;   10;   3.7; 130;eor
        603;2026021202;   10;   4.7; 140;eor
        603;2026021203;   10;   4.5; 140;eor
        603;2026021204;   10;   5.1; 150;eor
        603;2026021205;   10;   4.7; 170;eor
        603;2026021206;   10;   3.7; 180;eor
        603;2026021207;   10;   4.4; 180;eor
        603;2026021208;   10;   4.9; 210;eor
        603;2026021209;   10;   3.4; 190;eor
        603;2026021210;   10;   4.2; 200;eor
        603;2026021211;   10;   6.0; 280;eor
        603;2026021212;   10;   6.7; 280;eor
        603;2026021213;   10;   6.4; 280;eor
        603;2026021214;   10;   4.8; 280;eor
        603;2026021215;   10;   4.9; 270;eor
        603;2026021216;   10;   4.8; 260;eor
        603;2026021217;   10;   4.0; 260;eor
        603;2026021218;   10;   3.9; 250;eor
        603;2026021219;   10;   3.7; 250;eor
        603;2026021220;   10;   4.2; 220;eor
        603;2026021221;   10;   3.4; 220;eor
        603;2026021222;   10;   2.7; 250;eor
        603;2026021223;   10;   2.8; 250;eor
        603;2026021300;   10;   2.9; 230;eor
        603;2026021301;   10;   3.8; 210;eor
        603;2026021302;   10;   4.1; 250;eor
        603;2026021303;   10;   4.1; 280;eor
        603;2026021304;   10;   3.0; 290;eor
        603;2026021305;   10;   2.4; 290;eor
        603;2026021306;   10;   1.7; 290;eor
        603;2026021307;   10;   2.2; 260;eor
        603;2026021308;   10;   2.5; 260;eor
        603;2026021309;   10;   2.0; 250;eor
        603;2026021310;   10;   1.9; 200;eor
        603;2026021311;   10;   1.0; 210;eor
        603;2026021312;   10;   0.5;  60;eor
        603;2026021313;   10;   1.1;  50;eor
        603;2026021314;   10;   1.6;  20;eor
        603;2026021315;   10;   1.9; 350;eor
        603;2026021316;   10;   1.8;  10;eor
        603;2026021317;   10;   1.4;  10;eor
        603;2026021318;   10;   1.1; 330;eor
        603;2026021319;   10;   1.8; 330;eor
        603;2026021320;   10;   1.6; 330;eor
        603;2026021321;   10;   2.9; 350;eor
        603;2026021322;   10;   2.7; 350;eor
        603;2026021323;   10;   2.1; 340;eor
        603;2026021400;   10;   2.1; 330;eor
        603;2026021401;   10;   2.0; 330;eor
        603;2026021402;   10;   2.4; 330;eor
        603;2026021403;   10;   3.0; 340;eor
        603;2026021404;   10;   2.9; 340;eor
        603;2026021405;   10;   3.5; 350;eor
        603;2026021406;   10;   3.6; 350;eor
        603;2026021407;   10;   3.8; 350;eor
        603;2026021408;   10;   3.6; 350;eor
        603;2026021409;   10;   3.9; 360;eor
        603;2026021410;   10;   4.1; 360;eor
        603;2026021411;   10;   3.9; 360;eor
        603;2026021412;   10;   3.3; 340;eor
        603;2026021413;   10;   3.9; 350;eor
        603;2026021414;   10;   3.9; 350;eor
        603;2026021415;   10;   4.1; 350;eor
        603;2026021416;   10;   3.9; 360;eor
        603;2026021417;   10;   3.8; 350;eor
        603;2026021418;   10;   3.4; 360;eor
        603;2026021419;   10;   3.4; 360;eor
        603;2026021420;   10;   2.2; 350;eor
        603;2026021421;   10;   1.8; 350;eor
        603;2026021422;   10;   1.8; 320;eor
        603;2026021423;   10;   1.3; 330;eor
        603;2026021500;   10;   1.3; 320;eor
        603;2026021501;   10;   1.4; 270;eor
        603;2026021502;   10;   2.3; 260;eor
        603;2026021503;   10;   2.2; 260;eor
        603;2026021504;   10;   1.7; 240;eor
        603;2026021505;   10;   0.8; 190;eor
        603;2026021506;   10;   1.3; 210;eor
        603;2026021507;   10;   1.4; 150;eor
        603;2026021508;   10;   1.0; 130;eor
        603;2026021509;   10;   1.3; 120;eor
        603;2026021510;   10;   3.1; 130;eor
        603;2026021511;   10;   5.7; 160;eor
        603;2026021512;   10;   6.2; 160;eor
        603;2026021513;   10;   8.0; 150;eor
        603;2026021514;   10;   8.2; 160;eor
        603;2026021515;   10;   7.5; 150;eor
        603;2026021516;   10;   5.6; 140;eor
        603;2026021517;   10;   5.2; 140;eor
        603;2026021518;   10;   6.2; 130;eor
        603;2026021519;   10;   4.7; 130;eor
        603;2026021520;   10;   5.2; 130;eor
        603;2026021521;   10;   5.2; 130;eor
        603;2026021522;   10;   3.0; 130;eor
        603;2026021523;   10;   4.0; 160;eor
        603;2026021600;   10;   3.6; 160;eor
        603;2026021601;   10;   4.0; 180;eor
        603;2026021602;   10;   5.5; 200;eor
        603;2026021603;   10;   6.1; 200;eor
        603;2026021604;   10;   5.4; 200;eor
        603;2026021605;   10;   5.1; 220;eor
        603;2026021606;   10;   4.1; 220;eor
        603;2026021607;   10;   5.0; 240;eor
        603;2026021608;   10;   3.6; 220;eor
        603;2026021609;   10;   3.2; 210;eor
        603;2026021610;   10;   3.6; 210;eor
        603;2026021611;   10;   4.3; 260;eor
        603;2026021612;   10;   5.7; 250;eor
        603;2026021613;   10;   6.2; 240;eor
        603;2026021614;   10;   7.5; 240;eor
        603;2026021615;   10;   5.2; 230;eor
        603;2026021616;   10;   5.6; 250;eor
        603;2026021617;   10;   5.4; 250;eor
        603;2026021618;   10;   4.9; 260;eor
        603;2026021619;   10;   3.0; 230;eor
        603;2026021620;   10;   4.2; 200;eor
        603;2026021621;   10;   4.7; 210;eor
        603;2026021622;   10;   5.7; 250;eor
        603;2026021623;   10;   3.2; 270;eor
        603;2026021700;   10;   2.3; 270;eor
        603;2026021701;   10;   3.0; 270;eor
        603;2026021702;   10;   3.4; 260;eor
        603;2026021703;   10;   4.6; 250;eor
        603;2026021704;   10;   4.5; 250;eor
        603;2026021705;   10;   4.4; 260;eor
        603;2026021706;   10;   3.5; 250;eor
        603;2026021707;   10;   4.5; 250;eor
        603;2026021708;   10;   5.1; 250;eor
        603;2026021709;   10;   5.9; 250;eor
        603;2026021710;   10;   3.5; 260;eor
        603;2026021711;   10;   5.1; 260;eor
        603;2026021712;   10;   6.3; 260;eor
        603;2026021713;   10;   5.1; 280;eor
        603;2026021714;   10;   4.5; 270;eor
        603;2026021715;   10;   4.8; 270;eor
        603;2026021716;   10;   6.0; 270;eor
        603;2026021717;   10;   6.3; 270;eor
        603;2026021718;   10;   5.9; 270;eor
        603;2026021719;   10;   5.0; 270;eor
        603;2026021720;   10;   4.4; 250;eor
        603;2026021721;   10;   5.7; 260;eor
        603;2026021722;   10;   5.2; 260;eor
        603;2026021723;   10;   5.1; 260;eor
        603;2026021800;   10;   4.6; 270;eor
        603;2026021801;   10;   4.2; 270;eor
        603;2026021802;   10;   4.0; 270;eor
        603;2026021803;   10;   4.1; 280;eor
        603;2026021804;   10;   3.1; 290;eor
        603;2026021805;   10;   1.7; 300;eor
        603;2026021806;   10;   1.2; 310;eor
        603;2026021807;   10;   0.9; 310;eor
        603;2026021808;   10;   0.6;  70;eor
        603;2026021809;   10;   1.3; 110;eor
        603;2026021810;   10;   2.6; 100;eor
        603;2026021811;   10;   3.2;  80;eor
        603;2026021812;   10;   3.2; 110;eor
        603;2026021813;   10;   3.7; 140;eor
        603;2026021814;   10;   4.5; 130;eor
        603;2026021815;   10;   5.7; 100;eor
        603;2026021816;   10;   6.0; 120;eor
        603;2026021817;   10;   5.1; 110;eor
        603;2026021818;   10;   5.5; 110;eor
        603;2026021819;   10;   5.2; 110;eor
        603;2026021820;   10;   6.7; 100;eor
        603;2026021821;   10;   6.5; 110;eor
        603;2026021822;   10;   8.0; 110;eor
        603;2026021823;   10;   6.9; 110;eor
        603;2026021900;   10;   7.5; 110;eor
        603;2026021901;   10;   6.6; 110;eor
        603;2026021902;   10;   6.7; 110;eor
        603;2026021903;   10;   6.8; 110;eor
        603;2026021904;   10;   6.5; 110;eor
        603;2026021905;   10;   6.4; 110;eor
        603;2026021906;   10;   6.7; 120;eor
        603;2026021907;   10;   7.2; 110;eor
        603;2026021908;   10;   6.7; 110;eor
        603;2026021909;   10;   6.3; 110;eor
        603;2026021910;   10;   6.5; 110;eor
        603;2026021911;   10;   7.4; 120;eor
        603;2026021912;   10;   7.8; 110;eor
        603;2026021913;   10;   8.6; 110;eor
        603;2026021914;   10;   7.1; 110;eor
        603;2026021915;   10;   6.3; 110;eor
        603;2026021916;   10;   5.5; 120;eor
        603;2026021917;   10;   4.7; 120;eor
        603;2026021918;   10;   5.3; 130;eor
        603;2026021919;   10;   5.4; 130;eor
        603;2026021920;   10;   3.5; 110;eor
        603;2026021921;   10;   2.0;  70;eor
        603;2026021922;   10;   2.3; 100;eor
        603;2026021923;   10;   3.1; 100;eor
        603;2026022000;   10;   2.5; 100;eor
        603;2026022001;   10;   1.8; 130;eor
        603;2026022002;   10;   1.5; 150;eor
        603;2026022003;   10;   2.7; 130;eor
        603;2026022004;   10;   3.4; 130;eor
        603;2026022005;   10;   2.6; 110;eor
        603;2026022006;   10;   2.6; 100;eor
        603;2026022007;   10;   3.0; 110;eor
        603;2026022008;   10;   2.5; 110;eor
        603;2026022009;   10;   1.7; 130;eor
        603;2026022010;   10;   3.4; 160;eor
        603;2026022011;   10;   3.5; 170;eor
        603;2026022012;   10;   4.4; 180;eor
        603;2026022013;   10;   4.4; 190;eor
        603;2026022014;   10;   3.9; 190;eor
        603;2026022015;   10;   3.6; 190;eor
        603;2026022016;   10;   3.4; 190;eor
        603;2026022017;   10;   3.7; 190;eor
        603;2026022018;   10;   3.5; 180;eor
        603;2026022019;   10;   4.3; 190;eor
        603;2026022020;   10;   5.0; 190;eor
        603;2026022021;   10;   6.0; 190;eor
        603;2026022022;   10;   6.1; 190;eor
        603;2026022023;   10;   6.2; 190;eor
        603;2026022100;   10;   6.8; 210;eor
        603;2026022101;   10;   6.7; 210;eor
        603;2026022102;   10;   6.0; 210;eor
        603;2026022103;   10;   4.1; 240;eor
        603;2026022104;   10;   5.1; 260;eor
        603;2026022105;   10;   4.8; 260;eor
        603;2026022106;   10;   4.6; 250;eor
        603;2026022107;   10;   4.3; 250;eor
        603;2026022108;   10;   4.2; 250;eor
        603;2026022109;   10;   4.2; 240;eor
        603;2026022110;   10;   5.2; 240;eor
        603;2026022111;   10;   5.5; 240;eor
        603;2026022112;   10;   4.5; 230;eor
        603;2026022113;   10;   3.5; 230;eor
        603;2026022114;   10;   2.4; 220;eor
        603;2026022115;   10;   3.0; 210;eor
        603;2026022116;   10;   3.7; 220;eor
        603;2026022117;   10;   4.0; 250;eor
        603;2026022118;   10;   5.2; 240;eor
        603;2026022119;   10;   5.3; 240;eor
        603;2026022120;   10;   4.3; 230;eor
        603;2026022121;   10;   3.2; 210;eor
        603;2026022122;   10;   4.4; 190;eor
        603;2026022123;   10;   4.3; 200;eor
        603;2026022200;   10;   4.2; 200;eor
        603;2026022201;   10;   3.9; 200;eor
        603;2026022202;   10;   4.7; 200;eor
        603;2026022203;   10;   4.8; 210;eor
        603;2026022204;   10;   4.1; 210;eor
        603;2026022205;   10;   3.6; 210;eor
        603;2026022206;   10;   3.4; 220;eor
        603;2026022207;   10;   3.9; 240;eor
        603;2026022208;   10;   4.0; 220;eor
        603;2026022209;   10;   4.7; 220;eor
        603;2026022210;   10;   4.4; 210;eor
        603;2026022211;   10;   6.0; 230;eor
        603;2026022212;   10;   7.4; 230;eor
        603;2026022213;   10;   7.2; 240;eor
        603;2026022214;   10;   6.5; 250;eor
        603;2026022215;   10;   5.6; 260;eor
        603;2026022216;   10;   5.7; 250;eor
        603;2026022217;   10;   4.6; 240;eor
        603;2026022218;   10;   3.4; 240;eor
        603;2026022219;   10;   5.6; 230;eor
        603;2026022220;   10;   4.5; 230;eor
        603;2026022221;   10;   4.1; 220;eor
        603;2026022222;   10;   4.7; 220;eor
        603;2026022223;   10;   4.4; 230;eor
        603;2026022300;   10;   3.8; 250;eor
        603;2026022301;   10;   3.1; 270;eor
        603;2026022302;   10;   3.6; 250;eor
        603;2026022303;   10;   3.7; 240;eor
        603;2026022304;   10;   3.8; 220;eor
        603;2026022305;   10;   4.3; 210;eor
        603;2026022306;   10;   3.2; 210;eor
        603;2026022307;   10;   2.6; 210;eor
        603;2026022308;   10;   3.5; 240;eor
        603;2026022309;   10;   6.7; 250;eor
        603;2026022310;   10;   8.1; 250;eor
        603;2026022311;   10;   7.3; 250;eor
        603;2026022312;   10;   7.4; 250;eor
        603;2026022313;   10;   8.9; 260;eor
        603;2026022314;   10;   8.2; 260;eor
        603;2026022315;   10;   7.7; 260;eor
        603;2026022316;   10;   7.5; 250;eor
        603;2026022317;   10;   3.8; 280;eor
        603;2026022318;   10;   3.0; 270;eor
        603;2026022319;   10;   5.6; 250;eor
        603;2026022320;   10;   5.2; 260;eor
        603;2026022321;   10;   5.5; 260;eor
        603;2026022322;   10;   4.5; 260;eor
        603;2026022323;   10;   4.0; 260;eor
        603;2026022400;   10;   4.1; 250;eor
        603;2026022401;   10;   3.6; 240;eor
        603;2026022402;   10;   3.9; 240;eor
        603;2026022403;   10;   2.5; 240;eor
        603;2026022404;   10;   1.6; 250;eor
        603;2026022405;   10;   2.1; 230;eor
        603;2026022406;   10;   2.6; 230;eor
        603;2026022407;   10;   2.8; 220;eor
        603;2026022408;   10;   2.6; 220;eor
        603;2026022409;   10;   3.0; 210;eor
        603;2026022410;   10;   2.7; 200;eor
        603;2026022411;   10;   2.6; 180;eor
        603;2026022412;   10;   2.0; 150;eor
        603;2026022413;   10;   2.1; 170;eor
        603;2026022414;   10;   2.0; 190;eor
        603;2026022415;   10;   0.9; 180;eor
        603;2026022416;   10;   1.7; 150;eor
        603;2026022417;   10;   1.7; 130;eor
        603;2026022418;   10;   1.6; 130;eor
        603;2026022419;   10;   1.6; 120;eor
        603;2026022420;   10;   2.0; 110;eor
        603;2026022421;   10;   0.9;  90;eor
        603;2026022422;   10;   1.7; 120;eor
        603;2026022423;   10;   1.5; 130;eor
        603;2026022500;   10;   2.6; 140;eor
        603;2026022501;   10;   1.7; 120;eor
        603;2026022502;   10;   1.7; 130;eor
        603;2026022503;   10;   2.7; 160;eor
        603;2026022504;   10;   3.2; 130;eor
        603;2026022505;   10;   3.9; 130;eor
        603;2026022506;   10;   2.7; 130;eor
        603;2026022507;   10;   2.9; 140;eor
        603;2026022508;   10;   3.6; 150;eor
        603;2026022509;   10;   3.8; 150;eor
        603;2026022510;   10;   4.9; 130;eor
        603;2026022511;   10;   5.2; 130;eor
        603;2026022512;   10;   4.5; 130;eor
        603;2026022513;   10;   4.8; 120;eor
        603;2026022514;   10;   4.8; 120;eor
        603;2026022515;   10;   4.3; 120;eor
        603;2026022516;   10;   4.2; 120;eor
        603;2026022517;   10;   4.1; 130;eor
        603;2026022518;   10;   2.4; 130;eor
        603;2026022519;   10;   1.0; 100;eor
        603;2026022520;   10;   1.2; 100;eor
        603;2026022521;   10;   1.0; 110;eor
        603;2026022522;   10;   2.4;  70;eor
        603;2026022523;   10;   2.0; 100;eor
        603;2026022600;   10;   2.1; 110;eor
        603;2026022601;   10;   1.3;  70;eor
        603;2026022602;   10;   1.8; 110;eor
        603;2026022603;   10;   1.9; 120;eor
        603;2026022604;   10;   1.5; 100;eor
        603;2026022605;   10;   0.9;  90;eor
        603;2026022606;   10;   1.2; 130;eor
        603;2026022607;   10;   1.2; 120;eor
        603;2026022608;   10;   0.8; 140;eor
        603;2026022609;   10;   1.8; 170;eor
        603;2026022610;   10;   2.0; 210;eor
        603;2026022611;   10;   1.9; 210;eor
        603;2026022612;   10;   2.1; 150;eor
        603;2026022613;   10;   3.9; 190;eor
        603;2026022614;   10;   4.7; 170;eor
        603;2026022615;   10;   4.9; 170;eor
        603;2026022616;   10;   5.4; 180;eor
        603;2026022617;   10;   6.7; 190;eor
        603;2026022618;   10;   5.4; 190;eor
        603;2026022619;   10;   3.4; 180;eor
        603;2026022620;   10;   3.9; 200;eor
        603;2026022621;   10;   4.0; 200;eor
        603;2026022622;   10;   4.9; 200;eor
        603;2026022623;   10;   4.9; 210;eor
        603;2026022700;   10;   4.9; 200;eor
        603;2026022701;   10;   3.1; 210;eor
        603;2026022702;   10;   2.2; 190;eor
        603;2026022703;   10;   2.8; 180;eor
        603;2026022704;   10;   4.1; 200;eor
        603;2026022705;   10;   1.6; 140;eor
        603;2026022706;   10;   1.0; 110;eor
        603;2026022707;   10;   1.7; 120;eor
        603;2026022708;   10;   1.6;  50;eor
        603;2026022709;   10;   1.5; 340;eor
        603;2026022710;   10;   2.3; 100;eor
        603;2026022711;   10;   3.6; 180;eor
        603;2026022712;   10;   6.2; 190;eor
        603;2026022713;   10;   6.2; 200;eor
        603;2026022714;   10;   7.6; 200;eor
        603;2026022715;   10;   6.5; 220;eor
        603;2026022716;   10;   6.9; 220;eor
        603;2026022717;   10;   5.0; 210;eor
        603;2026022718;   10;   3.8; 200;eor
        603;2026022719;   10;   3.6; 200;eor
        603;2026022720;   10;   3.5; 210;eor
        603;2026022721;   10;   2.6; 190;eor
        603;2026022722;   10;   3.4; 190;eor
        603;2026022723;   10;   3.8; 200;eor
        603;2026022800;   10;   3.6; 190;eor
        603;2026022801;   10;   3.6; 190;eor
        603;2026022802;   10;   4.1; 190;eor
        603;2026022803;   10;   3.6; 200;eor
        603;2026022804;   10;   3.6; 190;eor
        603;2026022805;   10;   3.4; 200;eor
        603;2026022806;   10;   3.5; 210;eor
        603;2026022807;   10;   4.5; 220;eor
        603;2026022808;   10;   5.1; 220;eor
        603;2026022809;   10;   3.7; 200;eor
        603;2026022810;   10;   5.2; 210;eor
        603;2026022811;   10;   7.1; 220;eor
        603;2026022812;   10;   8.3; 220;eor
        603;2026022813;   10;  10.7; 220;eor
        603;2026022814;   10;   9.9; 210;eor
        603;2026022815;   10;   8.2; 230;eor
        603;2026022816;   10;   8.3; 230;eor
        603;2026022817;   10;   7.4; 230;eor
        603;2026022818;   10;   6.5; 260;eor
        603;2026022819;   10;   6.6; 240;eor
        603;2026022820;   10;   5.1; 230;eor
        603;2026022821;   10;   4.0; 210;eor
        603;2026022822;   10;   4.6; 210;eor
        603;2026022823;   10;   4.8; 210;eor
        603;2026030100;   10;   4.1; 220;eor
        603;2026030101;   10;   4.0; 210;eor
        603;2026030102;   10;   4.0; 210;eor
        603;2026030103;   10;   4.2; 220;eor
        603;2026030104;   10;   3.8; 210;eor
        603;2026030105;   10;   4.1; 210;eor
        603;2026030106;   10;   4.8; 190;eor
        603;2026030107;   10;   3.8; 190;eor
        603;2026030108;   10;   3.9; 190;eor
        603;2026030109;   10;   4.8; 200;eor
        603;2026030110;   10;   4.3; 210;eor
        603;2026030111;   10;   4.1; 200;eor
        603;2026030112;   10;   5.4; 200;eor
        603;2026030113;   10;   6.2; 210;eor
        603;2026030114;   10;   6.0; 210;eor
        603;2026030115;   10;   5.5; 220;eor
        603;2026030116;   10;   5.4; 220;eor
        603;2026030117;   10;   3.5; 210;eor
        603;2026030118;   10;   3.5; 190;eor
        603;2026030119;   10;   3.2; 170;eor
        603;2026030120;   10;   3.1; 180;eor
        603;2026030121;   10;   2.1; 150;eor
        603;2026030122;   10;   1.5; 130;eor
        603;2026030123;   10;   2.3; 160;eor
        603;2026030200;   10;   2.4; 160;eor
        603;2026030201;   10;   2.7; 160;eor
        603;2026030202;   10;   3.1; 160;eor
        603;2026030203;   10;   2.2; 130;eor
        603;2026030204;   10;   0.9;  90;eor
        603;2026030205;   10;   0.9; 110;eor
        603;2026030206;   10;   1.9; 120;eor
        603;2026030207;   10;   2.7; 120;eor
        603;2026030208;   10;   1.6;  90;eor
        603;2026030209;   10;   2.6; 120;eor
        603;2026030210;   10;   4.3; 120;eor
        603;2026030211;   10;   4.6; 120;eor
        603;2026030212;   10;   5.5; 160;eor
        603;2026030213;   10;   5.1; 170;eor
        603;2026030214;   10;   5.5; 160;eor
        603;2026030215;   10;   4.6; 150;eor
        603;2026030216;   10;   4.3; 130;eor
        603;2026030217;   10;   4.1; 130;eor
        603;2026030218;   10;   3.1; 140;eor
        603;2026030219;   10;   2.6; 150;eor
        603;2026030220;   10;   3.0; 150;eor
        603;2026030221;   10;   2.8; 150;eor
        603;2026030222;   10;   1.9; 140;eor
        603;2026030223;   10;   1.4; 140;eor
        603;2026030300;   10;   2.3; 160;eor
        603;2026030301;   10;   0.9; 130;eor
        603;2026030302;   10;   0.9;  30;eor
        603;2026030303;   10;   0.5;  40;eor
        603;2026030304;   10;   0.4; 160;eor
        603;2026030305;   10;   0.7;  10;eor
        603;2026030306;   10;   0.7; 350;eor
        603;2026030307;   10;   0.3; 130;eor
        603;2026030308;   10;   0.5;  80;eor
        603;2026030309;   10;   0.6; 110;eor
        603;2026030310;   10;   1.0;  60;eor
        603;2026030311;   10;   0.8;  70;eor
        603;2026030312;   10;   1.2; 230;eor
        603;2026030313;   10;   1.3;  40;eor
        603;2026030314;   10;   1.5;  70;eor
        603;2026030315;   10;   1.6;  30;eor
        603;2026030316;   10;   2.0;  40;eor
        603;2026030317;   10;   1.3;  50;eor
        603;2026030318;   10;   0.9; 310;eor
        603;2026030319;   10;   1.2; 340;eor
        603;2026030320;   10;   0.4; 140;eor
        603;2026030321;   10;   0.8; 160;eor
        603;2026030322;   10;   0.8; 290;eor
        603;2026030323;   10;   0.5; 220;eor
        603;2026030400;   10;   0.9; 250;eor
        603;2026030401;   10;   0.4; 150;eor
        603;2026030402;   10;   0.7; 200;eor
        603;2026030403;   10;   0.7;  10;eor
        603;2026030404;   10;   0.7;  70;eor
        603;2026030405;   10;   0.5; 160;eor
        603;2026030406;   10;   0.5;  20;eor
        603;2026030407;   10;   0.4; 150;eor
        603;2026030408;   10;   0.6;  50;eor
        603;2026030409;   10;   0.8;  40;eor
        603;2026030410;   10;   0.7; 110;eor
        603;2026030411;   10;   0.8;  70;eor
        603;2026030412;   10;   0.9;  40;eor
        603;2026030413;   10;   1.1;  40;eor
        603;2026030414;   10;   1.0;  60;eor
        603;2026030415;   10;   1.4;  50;eor
        603;2026030416;   10;   2.2;  50;eor
        603;2026030417;   10;   2.2;  60;eor
        603;2026030418;   10;   1.5; 120;eor
        603;2026030419;   10;   1.9; 150;eor
        603;2026030420;   10;   2.4; 160;eor
        603;2026030421;   10;   2.2; 170;eor
        603;2026030422;   10;   2.4; 170;eor
        603;2026030423;   10;   1.9; 130;eor
        603;2026030500;   10;   0.9; 110;eor
        603;2026030501;   10;   1.4;  70;eor
        603;2026030502;   10;   3.3; 120;eor
        603;2026030503;   10;   2.8; 130;eor
        603;2026030504;   10;   2.4; 120;eor
        603;2026030505;   10;   3.8; 110;eor
        603;2026030506;   10;   4.2;  90;eor
        603;2026030507;   10;   3.3; 100;eor
        603;2026030508;   10;   3.8; 100;eor
        603;2026030509;   10;   3.7;  90;eor
        603;2026030510;   10;   4.5; 130;eor
        603;2026030511;   10;   6.6; 140;eor
        603;2026030512;   10;   5.2; 130;eor
        603;2026030513;   10;   6.1; 140;eor
        603;2026030514;   10;   6.4; 140;eor
        603;2026030515;   10;   6.1; 140;eor
        603;2026030516;   10;   4.1; 140;eor
        603;2026030517;   10;   3.9; 120;eor
        603;2026030518;   10;   2.7; 120;eor
        603;2026030519;   10;   2.2; 130;eor
        603;2026030520;   10;   2.0; 130;eor
        603;2026030521;   10;   2.6; 120;eor
        603;2026030522;   10;   2.1; 100;eor
        603;2026030523;   10;   2.5; 110;eor
        603;2026030600;   10;   2.5; 100;eor
        603;2026030601;   10;   2.2; 100;eor
        603;2026030602;   10;   1.8;  90;eor
        603;2026030603;   10;   1.4;  80;eor
        603;2026030604;   10;   1.0;  90;eor
        603;2026030605;   10;   0.8; 110;eor
        603;2026030606;   10;   0.8;  90;eor
        603;2026030607;   10;   0.9;  30;eor
        603;2026030608;   10;   1.9; 100;eor
        603;2026030609;   10;   2.6; 110;eor
        603;2026030610;   10;   2.8; 130;eor
        603;2026030611;   10;   2.1; 180;eor
        603;2026030612;   10;   2.8; 100;eor
        603;2026030613;   10;   1.8; 130;eor
        603;2026030614;   10;   1.9;  80;eor
        603;2026030615;   10;   2.2;  60;eor
        603;2026030616;   10;   2.0;  60;eor
        603;2026030617;   10;   1.2; 130;eor
        603;2026030618;   10;   0.9; 170;eor
        603;2026030619;   10;   0.5; 180;eor
        603;2026030620;   10;   0.7; 210;eor
        603;2026030621;   10;   0.4; 360;eor
        603;2026030622;   10;   0.7;  40;eor
        603;2026030623;   10;   0.5;  90;eor
        603;2026030700;   10;   0.6;  10;eor
        603;2026030701;   10;   0.6; 330;eor
        603;2026030702;   10;   0.4;  30;eor
        603;2026030703;   10;   0.4; 330;eor
        603;2026030704;   10;   0.5;  20;eor
        603;2026030705;   10;   0.5;  50;eor
        603;2026030706;   10;   0.5;  50;eor
        603;2026030707;   10;   0.4; 230;eor
        603;2026030708;   10;   0.5; 340;eor
        603;2026030709;   10;   0.4; 120;eor
        603;2026030710;   10;   0.6;  80;eor
        603;2026030711;   10;   1.3;  30;eor
        603;2026030712;   10;   1.6;  20;eor
        603;2026030713;   10;   1.5; 360;eor
        603;2026030714;   10;   1.1; 360;eor
        603;2026030715;   10;   1.1; 350;eor
        603;2026030716;   10;   1.5; 330;eor
        603;2026030717;   10;   1.5; 300;eor
        603;2026030718;   10;   1.3; 300;eor
        603;2026030719;   10;   1.6; 300;eor
        603;2026030720;   10;   1.2; 300;eor
        603;2026030721;   10;   0.3; 280;eor
        603;2026030722;   10;   0.7; 220;eor
        603;2026030723;   10;   1.2; 230;eor
        603;2026030800;   10;   0.3; 280;eor
        603;2026030801;   10;   0.3;  40;eor
        603;2026030802;   10;   0.3; 360;eor
        603;2026030803;   10;   0.5; 340;eor
        603;2026030804;   10;   0.5; 100;eor
        603;2026030805;   10;   0.9;  50;eor
        603;2026030806;   10;   0.8; 120;eor
        603;2026030807;   10;   0.3;  10;eor
        603;2026030808;   10;   0.5;  50;eor
        603;2026030809;   10;   0.5;  30;eor
        603;2026030810;   10;   0.9; 250;eor
        603;2026030811;   10;   1.2; 250;eor
        603;2026030812;   10;   1.2; 260;eor
        603;2026030813;   10;   1.0;  70;eor
        603;2026030814;   10;   3.3; 160;eor
        603;2026030815;   10;   3.8; 120;eor
        603;2026030816;   10;   3.3; 140;eor
        603;2026030817;   10;   2.6; 190;eor
        603;2026030818;   10;   1.8; 170;eor
        603;2026030819;   10;   1.9; 150;eor
        603;2026030820;   10;   2.4; 150;eor
        603;2026030821;   10;   1.9; 140;eor
        603;2026030822;   10;   1.7; 170;eor
        603;2026030823;   10;   0.7;  50;eor
        603;2026030900;   10;   0.8;  50;eor
        603;2026030901;   10;   1.0; 110;eor
        603;2026030902;   10;   0.4; 280;eor
        603;2026030903;   10;   0.6; 310;eor
        603;2026030904;   10;   0.4; 140;eor
        603;2026030905;   10;   0.4;  50;eor
        603;2026030906;   10;   0.8;  10;eor
        603;2026030907;   10;   0.5; 350;eor
        603;2026030908;   10;   0.4; 300;eor
        603;2026030909;   10;   1.2; 180;eor
        603;2026030910;   10;   1.2; 190;eor
        603;2026030911;   10;   0.9; 250;eor
        603;2026030912;   10;   1.1; 210;eor
        603;2026030913;   10;   1.6; 210;eor
        603;2026030914;   10;   1.6; 170;eor
        603;2026030915;   10;   1.7;  30;eor
        603;2026030916;   10;   1.5; 350;eor
        603;2026030917;   10;   1.0; 330;eor
        603;2026030918;   10;   0.5; 310;eor
        603;2026030919;   10;   0.5; 180;eor
        603;2026030920;   10;   0.8; 160;eor
        603;2026030921;   10;   1.4; 200;eor
        603;2026030922;   10;   1.0; 260;eor
        603;2026030923;   10;   0.7; 230;eor
        603;2026031000;   10;   1.2; 260;eor
        603;2026031001;   10;   0.8; 130;eor
        603;2026031002;   10;   1.3; 230;eor
        603;2026031003;   10;   0.6; 140;eor
        603;2026031004;   10;   0.7; 260;eor
        603;2026031005;   10;   0.9; 180;eor
        603;2026031006;   10;   0.7;  40;eor
        603;2026031007;   10;   0.9; 180;eor
        603;2026031008;   10;   0.8; 110;eor
        603;2026031009;   10;   1.1; 240;eor
        603;2026031010;   10;   1.9; 110;eor
        603;2026031011;   10;   2.8; 210;eor
        603;2026031012;   10;   4.2; 210;eor
        603;2026031013;   10;   3.4; 190;eor
        603;2026031014;   10;   3.7; 200;eor
        603;2026031015;   10;   4.4; 240;eor
        603;2026031016;   10;   4.7; 210;eor
        603;2026031017;   10;   5.8; 230;eor
        603;2026031018;   10;   5.3; 220;eor
        603;2026031019;   10;   4.7; 230;eor
        603;2026031020;   10;   3.9; 210;eor
        603;2026031021;   10;   4.1; 200;eor
        603;2026031022;   10;   4.8; 200;eor
        603;2026031023;   10;   4.5; 200;eor
        603;2026031100;   10;   3.9; 190;eor
        603;2026031101;   10;   3.8; 180;eor
        603;2026031102;   10;   4.9; 190;eor
        603;2026031103;   10;   5.2; 190;eor
        603;2026031104;   10;   5.0; 180;eor
        603;2026031105;   10;   5.4; 180;eor
        603;2026031106;   10;   5.0; 180;eor
        603;2026031107;   10;   5.6; 170;eor
        603;2026031108;   10;   4.9; 160;eor
        603;2026031109;   10;   5.1; 170;eor
        603;2026031110;   10;   5.4; 190;eor
        603;2026031111;   10;   5.5; 200;eor
        603;2026031112;   10;   6.4; 210;eor
        603;2026031113;   10;   6.8; 220;eor
        603;2026031114;   10;   5.5; 210;eor
        603;2026031115;   10;   4.7; 200;eor
        603;2026031116;   10;   3.6; 190;eor
        603;2026031117;   10;   3.7; 200;eor
        603;2026031118;   10;   3.0; 210;eor
        603;2026031119;   10;   2.7; 270;eor
        603;2026031120;   10;   2.8; 240;eor
        603;2026031121;   10;   3.7; 240;eor
        603;2026031122;   10;   3.4; 250;eor
        603;2026031123;   10;   3.1; 250;eor
        603;2026031200;   10;   3.5; 240;eor
        603;2026031201;   10;   4.1; 230;eor
        603;2026031202;   10;   4.1; 230;eor
        603;2026031203;   10;   5.1; 230;eor
        603;2026031204;   10;   4.5; 220;eor
        603;2026031205;   10;   2.1; 190;eor
        603;2026031206;   10;   4.0; 200;eor
        603;2026031207;   10;   6.3; 200;eor
        603;2026031208;   10;   6.2; 190;eor
        603;2026031209;   10;   6.0; 200;eor
        603;2026031210;   10;   6.8; 200;eor
        603;2026031211;   10;   6.7; 190;eor
        603;2026031212;   10;   7.1; 200;eor
        603;2026031213;   10;   6.6; 190;eor
        603;2026031214;   10;   6.3; 200;eor
        603;2026031215;   10;   6.8; 200;eor
        603;2026031216;   10;   5.8; 190;eor
        603;2026031217;   10;   5.5; 200;eor
        603;2026031218;   10;   4.9; 190;eor
        603;2026031219;   10;   4.7; 180;eor
        603;2026031220;   10;   4.6; 170;eor
        603;2026031221;   10;   3.8; 180;eor
        603;2026031222;   10;   3.3; 200;eor
        603;2026031223;   10;   2.9; 210;eor
        603;2026031300;   10;   4.1; 210;eor
        603;2026031301;   10;   5.5; 200;eor
        603;2026031302;   10;   5.9; 200;eor
        603;2026031303;   10;   7.9; 190;eor
        603;2026031304;   10;   6.8; 180;eor
        603;2026031305;   10;   8.5; 190;eor
        603;2026031306;   10;   8.6; 190;eor
        603;2026031307;   10;   7.9; 180;eor
        603;2026031308;   10;   6.6; 190;eor
        603;2026031309;   10;   6.5; 190;eor
        603;2026031310;   10;   5.8; 190;eor
        603;2026031311;   10;   6.7; 200;eor
        603;2026031312;   10;   6.6; 190;eor
        603;2026031313;   10;   5.6; 200;eor
        603;2026031314;   10;   5.3; 200;eor
        603;2026031315;   10;   6.8; 220;eor
        603;2026031316;   10;   3.4; 290;eor
        603;2026031317;   10;   2.7; 290;eor
        603;2026031318;   10;   2.1; 290;eor
        603;2026031319;   10;   0.8; 330;eor
        603;2026031320;   10;   1.1; 310;eor
        603;2026031321;   10;   2.4; 330;eor
        603;2026031322;   10;   2.3; 310;eor
        603;2026031323;   10;   2.2; 300;eor
        603;2026031400;   10;   1.2; 300;eor
        603;2026031401;   10;   1.1; 290;eor
        603;2026031402;   10;   1.1; 280;eor
        603;2026031403;   10;   1.1; 260;eor
        603;2026031404;   10;   0.9; 250;eor
        603;2026031405;   10;   1.2; 210;eor
        603;2026031406;   10;   1.6; 180;eor
        603;2026031407;   10;   1.8; 150;eor
        603;2026031408;   10;   1.7; 120;eor
        603;2026031409;   10;   1.4; 110;eor
        603;2026031410;   10;   1.2; 180;eor
        603;2026031411;   10;   2.7; 270;eor
        603;2026031412;   10;   3.9; 290;eor
        603;2026031413;   10;   3.8; 290;eor
        603;2026031414;   10;   3.1; 290;eor
        603;2026031415;   10;   3.2; 280;eor
        603;2026031416;   10;   3.0; 280;eor
        603;2026031417;   10;   2.6; 280;eor
        603;2026031418;   10;   1.9; 300;eor
        603;2026031419;   10;   1.6; 300;eor
        603;2026031420;   10;   1.5; 300;eor
        603;2026031421;   10;   1.3; 290;eor
        603;2026031422;   10;   1.7; 270;eor
        603;2026031423;   10;   1.5; 280;eor
        603;2026031500;   10;   2.0; 280;eor
        603;2026031501;   10;   2.3; 280;eor
        603;2026031502;   10;   2.0; 280;eor
        603;2026031503;   10;   1.6; 280;eor
        603;2026031504;   10;   0.9; 290;eor
        603;2026031505;   10;   1.1; 250;eor
        603;2026031506;   10;   1.1; 260;eor
        603;2026031507;   10;   0.9; 270;eor
        603;2026031508;   10;   1.4; 250;eor
        603;2026031509;   10;   1.3; 270;eor
        603;2026031510;   10;   1.1; 290;eor
        603;2026031511;   10;   0.8; 120;eor
        603;2026031512;   10;   0.8; 210;eor
        603;2026031513;   10;   1.7; 200;eor
        603;2026031514;   10;   2.2; 230;eor
        603;2026031515;   10;   1.8; 250;eor
        603;2026031516;   10;   1.5; 200;eor
        603;2026031517;   10;   1.5; 190;eor
        603;2026031518;   10;   2.6; 170;eor
        603;2026031519;   10;   3.5; 160;eor
        603;2026031520;   10;   3.6; 180;eor
        603;2026031521;   10;   3.6; 170;eor
        603;2026031522;   10;   4.1; 190;eor
        603;2026031523;   10;   5.6; 180;eor
        603;2026031600;   10;   4.5; 200;eor
        603;2026031601;   10;   6.7; 210;eor
        603;2026031602;   10;   4.3; 200;eor
        603;2026031603;   10;   6.6; 210;eor
        603;2026031604;   10;   6.2; 200;eor
        603;2026031605;   10;   6.9; 220;eor
        603;2026031606;   10;   5.0; 210;eor
        603;2026031607;   10;   4.4; 220;eor
        603;2026031608;   10;   5.7; 250;eor
        603;2026031609;   10;   5.8; 270;eor
        603;2026031610;   10;   5.5; 290;eor
        603;2026031611;   10;   5.2; 270;eor
        603;2026031612;   10;   5.7; 270;eor
        603;2026031613;   10;   4.1; 290;eor
        603;2026031614;   10;   5.8; 260;eor
        603;2026031615;   10;   4.2; 270;eor
        603;2026031616;   10;   4.7; 270;eor
        603;2026031617;   10;   4.6; 280;eor
        603;2026031618;   10;   2.7; 260;eor
        603;2026031619;   10;   2.1; 220;eor
        603;2026031620;   10;   3.2; 200;eor
        603;2026031621;   10;   3.7; 210;eor
        603;2026031622;   10;   3.8; 200;eor
        603;2026031623;   10;   3.8; 210;eor
        603;2026031700;   10;   4.5; 210;eor
        603;2026031701;   10;   4.2; 210;eor
        603;2026031702;   10;   3.9; 200;eor
        603;2026031703;   10;   4.2; 200;eor
        603;2026031704;   10;   4.2; 200;eor
        603;2026031705;   10;   4.6; 200;eor
        603;2026031706;   10;   4.0; 200;eor
        603;2026031707;   10;   2.8; 190;eor
        603;2026031708;   10;   2.6; 180;eor
        603;2026031709;   10;   2.5; 140;eor
        603;2026031710;   10;   3.4; 190;eor
        603;2026031711;   10;   3.0; 210;eor
        603;2026031712;   10;   2.3; 170;eor
        603;2026031713;   10;   2.5; 160;eor
        603;2026031714;   10;   1.7; 160;eor
        603;2026031715;   10;   2.3; 120;eor
        603;2026031716;   10;   3.0; 120;eor
        603;2026031717;   10;   3.3; 110;eor
        603;2026031718;   10;   3.2; 130;eor
        603;2026031719;   10;   2.4; 140;eor
        603;2026031720;   10;   2.6; 130;eor
        603;2026031721;   10;   2.2; 140;eor
        603;2026031722;   10;   1.9; 120;eor
        603;2026031723;   10;   1.8; 140;eor
        603;2026031800;   10;   1.4; 140;eor
        603;2026031801;   10;   3.2; 120;eor
        603;2026031802;   10;   3.1; 120;eor
        603;2026031803;   10;   3.1; 120;eor
        603;2026031804;   10;   3.0; 110;eor
        603;2026031805;   10;   3.0; 120;eor
        603;2026031806;   10;   3.1; 110;eor
        603;2026031807;   10;   3.6; 110;eor
        603;2026031808;   10;   4.0; 110;eor
        603;2026031809;   10;   6.7; 120;eor
        603;2026031810;   10;   7.4; 120;eor
        603;2026031811;   10;   7.7; 120;eor
        603;2026031812;   10;   6.8; 120;eor
        603;2026031813;   10;   6.3; 110;eor
        603;2026031814;   10;   6.3;  90;eor
        603;2026031815;   10;   6.6; 100;eor
        603;2026031816;   10;   6.0;  90;eor
        603;2026031817;   10;   5.3;  90;eor
        603;2026031818;   10;   3.5;  80;eor
        603;2026031819;   10;   2.1;  70;eor
        603;2026031820;   10;   2.2;  90;eor
        603;2026031821;   10;   2.9; 110;eor
        603;2026031822;   10;   2.7;  90;eor
        603;2026031823;   10;   2.2; 100;eor
        603;2026031900;   10;   1.0; 360;eor
        603;2026031901;   10;   2.3;  80;eor
        603;2026031902;   10;   2.4;  70;eor
        603;2026031903;   10;   2.2; 110;eor
        603;2026031904;   10;   2.1; 120;eor
        603;2026031905;   10;   1.9; 110;eor
        603;2026031906;   10;   2.2; 110;eor
        603;2026031907;   10;   1.8; 130;eor
        603;2026031908;   10;   0.8; 100;eor
        603;2026031909;   10;   1.9;  60;eor
        603;2026031910;   10;   2.1;  70;eor
        603;2026031911;   10;   2.3;  70;eor
        603;2026031912;   10;   3.7;  80;eor
        603;2026031913;   10;   2.0;  90;eor
        603;2026031914;   10;   1.8; 140;eor
        603;2026031915;   10;   1.5; 100;eor
        603;2026031916;   10;   3.0;  30;eor
        603;2026031917;   10;   2.5;  20;eor
        603;2026031918;   10;   3.3; 360;eor
        603;2026031919;   10;   3.1;  20;eor
        603;2026031920;   10;   3.0;  70;eor
        603;2026031921;   10;   1.6;  90;eor
        603;2026031922;   10;   0.7;  40;eor
        603;2026031923;   10;   0.6;  90;eor
        603;2026032000;   10;   0.5; 100;eor
        603;2026032001;   10;   0.7; 360;eor
        603;2026032002;   10;   0.9;  50;eor
        603;2026032003;   10;   0.8; 240;eor
        603;2026032004;   10;   0.7; 240;eor
        603;2026032005;   10;   0.4; 360;eor
        603;2026032006;   10;   0.5; 240;eor
        603;2026032007;   10;   0.6;  50;eor
        603;2026032008;   10;   0.7;  70;eor
        603;2026032009;   10;   1.1;  50;eor
        603;2026032010;   10;   1.0;  40;eor
        603;2026032011;   10;   1.4;  20;eor
        603;2026032012;   10;   1.2; 300;eor
        603;2026032013;   10;   1.6; 340;eor
        603;2026032014;   10;   1.8; 350;eor
        603;2026032015;   10;   1.8; 340;eor
        603;2026032016;   10;   2.3; 300;eor
        603;2026032017;   10;   1.8; 300;eor
        603;2026032018;   10;   2.7;  10;eor
        603;2026032019;   10;   2.5; 360;eor
        603;2026032020;   10;   2.1;  20;eor
        603;2026032021;   10;   2.1;  40;eor
        603;2026032022;   10;   1.0;  60;eor
        603;2026032023;   10;   1.0; 110;eor
        603;2026032100;   10;   0.7;  80;eor
        603;2026032101;   10;   0.3;  70;eor
        603;2026032102;   10;   0.6;  30;eor
        603;2026032103;   10;   0.3;  40;eor
        603;2026032104;   10;   0.5;  30;eor
        603;2026032105;   10;   0.5;  30;eor
        603;2026032106;   10;   0.5;  40;eor
        603;2026032107;   10;   0.4; 350;eor
        603;2026032108;   10;   0.5;  40;eor
        603;2026032109;   10;   1.1;  50;eor
        603;2026032110;   10;   1.0;  50;eor
        603;2026032111;   10;   2.4;  50;eor
        603;2026032112;   10;   2.5;  40;eor
        603;2026032113;   10;   2.0;  60;eor
        603;2026032114;   10;   2.8;  60;eor
        603;2026032115;   10;   2.9;  80;eor
        603;2026032116;   10;   2.8;  80;eor
        603;2026032117;   10;   2.3;  80;eor
        603;2026032118;   10;   2.5;  80;eor
        603;2026032119;   10;   3.8;  90;eor
        603;2026032120;   10;   4.9;  90;eor
        603;2026032121;   10;   4.8;  90;eor
        603;2026032122;   10;   3.5;  90;eor
        603;2026032123;   10;   4.2;  90;eor
        603;2026032200;   10;   4.2; 100;eor
        603;2026032201;   10;   2.7; 100;eor
        603;2026032202;   10;   1.8; 110;eor
        603;2026032203;   10;   1.1; 100;eor
        603;2026032204;   10;   2.5; 100;eor
        603;2026032205;   10;   1.2; 150;eor
        603;2026032206;   10;   1.3;  40;eor
        603;2026032207;   10;   1.4;  40;eor
        603;2026032208;   10;   1.9;  60;eor
        603;2026032209;   10;   1.9;  60;eor
        603;2026032210;   10;   2.5;  40;eor
        603;2026032211;   10;   4.0;  60;eor
        603;2026032212;   10;   5.2;  90;eor
        603;2026032213;   10;   5.3;  90;eor
        603;2026032214;   10;   5.1;  90;eor
        603;2026032215;   10;   5.1;  80;eor
        603;2026032216;   10;   3.8;  80;eor
        603;2026032217;   10;   1.5;  70;eor
        603;2026032218;   10;   0.8; 200;eor
        603;2026032219;   10;   1.5; 150;eor
        603;2026032220;   10;   0.9; 150;eor
        603;2026032221;   10;   0.8;  60;eor
        603;2026032222;   10;   0.7; 130;eor
        603;2026032223;   10;   0.7; 140;eor
        603;2026032300;   10;   0.8; 320;eor
        603;2026032301;   10;   0.9; 280;eor
        603;2026032302;   10;   1.2; 240;eor
        603;2026032303;   10;   1.5; 230;eor
        603;2026032304;   10;   1.1; 230;eor
        603;2026032305;   10;   0.6; 290;eor
        603;2026032306;   10;   0.5; 230;eor
        603;2026032307;   10;   0.5;  30;eor
        603;2026032308;   10;   0.8; 250;eor
        603;2026032309;   10;   1.4; 240;eor
        603;2026032310;   10;   1.6; 280;eor
        603;2026032311;   10;   2.2; 320;eor
        603;2026032312;   10;   1.2;  50;eor
        603;2026032313;   10;   1.8; 130;eor
        603;2026032314;   10;   2.0; 200;eor
        603;2026032315;   10;   1.3; 280;eor
        603;2026032316;   10;   1.6; 300;eor
        603;2026032317;   10;   2.0; 310;eor
        603;2026032318;   10;   1.8; 300;eor
        603;2026032319;   10;   1.3; 320;eor
        603;2026032320;   10;   1.4; 280;eor
        603;2026032321;   10;   1.8; 270;eor
        603;2026032322;   10;   3.0; 230;eor
        603;2026032323;   10;   3.4; 220;eor
        603;2026032400;   10;   1.4; 230;eor
        603;2026032401;   10;   0.8; 210;eor
        603;2026032402;   10;   0.7; 100;eor
        603;2026032403;   10;   0.7; 210;eor
        603;2026032404;   10;   0.7; 100;eor
        603;2026032405;   10;   0.9; 130;eor
        603;2026032406;   10;   4.3; 200;eor
        603;2026032407;   10;   5.9; 200;eor
        603;2026032408;   10;   6.0; 200;eor
        603;2026032409;   10;   5.5; 200;eor
        603;2026032410;   10;   5.1; 200;eor
        603;2026032411;   10;   4.8; 200;eor
        603;2026032412;   10;   5.1; 210;eor
        603;2026032413;   10;   5.7; 200;eor
        603;2026032414;   10;   5.8; 210;eor
        603;2026032415;   10;   6.7; 200;eor
        603;2026032416;   10;   6.1; 200;eor
        603;2026032417;   10;   6.8; 210;eor
        603;2026032418;   10;   6.0; 210;eor
        603;2026032419;   10;   5.3; 200;eor
        603;2026032420;   10;   6.1; 210;eor
        603;2026032421;   10;   6.7; 210;eor
        603;2026032422;   10;   6.5; 200;eor
        603;2026032423;   10;   6.3; 200;eor
        603;2026032500;   10;   6.3; 200;eor
        603;2026032501;   10;   5.8; 200;eor
        603;2026032502;   10;   7.1; 210;eor
        603;2026032503;   10;   6.2; 210;eor
        603;2026032504;   10;   8.4; 220;eor
        603;2026032505;   10;   8.9; 240;eor
        603;2026032506;   10;   7.4; 250;eor
        603;2026032507;   10;   9.1; 250;eor
        603;2026032508;   10;   6.1; 280;eor
        603;2026032509;   10;   5.5; 260;eor
        603;2026032510;   10;   7.4; 270;eor
        603;2026032511;   10;   6.5; 280;eor
        603;2026032512;   10;   6.7; 290;eor
        603;2026032513;   10;   3.8; 310;eor
        603;2026032514;   10;   2.9; 290;eor
        603;2026032515;   10;   4.7; 280;eor
        603;2026032516;   10;   4.4; 280;eor
        603;2026032517;   10;   3.2; 280;eor
        603;2026032518;   10;   2.3; 290;eor
        603;2026032519;   10;   3.0; 270;eor
        603;2026032520;   10;   5.1; 260;eor
        603;2026032521;   10;   3.7; 270;eor
        603;2026032522;   10;   4.1; 250;eor
        603;2026032523;   10;   4.1; 250;eor
        603;2026032600;   10;   3.7; 270;eor
        603;2026032601;   10;   3.5; 280;eor
        603;2026032602;   10;   4.1; 290;eor
        603;2026032603;   10;   4.4; 290;eor
        603;2026032604;   10;   3.8; 290;eor
        603;2026032605;   10;   3.3; 290;eor
        603;2026032606;   10;   2.3; 300;eor
        603;2026032607;   10;   3.2; 300;eor
        603;2026032608;   10;   3.2; 290;eor
        603;2026032609;   10;   3.8; 300;eor
        603;2026032610;   10;   4.7; 310;eor
        603;2026032611;   10;   4.1; 300;eor
        603;2026032612;   10;   3.8; 310;eor
        603;2026032613;   10;   4.2; 310;eor
        603;2026032614;   10;   5.0; 310;eor
        603;2026032615;   10;   3.4; 300;eor
        603;2026032616;   10;   5.3; 360;eor
        603;2026032617;   10;   2.6; 320;eor
        603;2026032618;   10;   1.9; 300;eor
        603;2026032619;   10;   2.3; 280;eor
        603;2026032620;   10;   2.8; 280;eor
        603;2026032621;   10;   2.2; 270;eor
        603;2026032622;   10;   2.3; 270;eor
        603;2026032623;   10;   2.1; 270;eor
        603;2026032700;   10;   1.6; 280;eor
        603;2026032701;   10;   1.8; 280;eor
        603;2026032702;   10;   2.0; 280;eor
        603;2026032703;   10;   2.0; 280;eor
        603;2026032704;   10;   1.9; 280;eor
        603;2026032705;   10;   2.0; 270;eor
        603;2026032706;   10;   1.7; 280;eor
        603;2026032707;   10;   1.1; 280;eor
        603;2026032708;   10;   1.4; 250;eor
        603;2026032709;   10;   1.0; 220;eor
        603;2026032710;   10;   1.3; 150;eor
        603;2026032711;   10;   1.1;  70;eor
        603;2026032712;   10;   1.5;  50;eor
        603;2026032713;   10;   1.7; 130;eor
        603;2026032714;   10;   2.2; 100;eor
        603;2026032715;   10;   1.4;  90;eor
        603;2026032716;   10;   1.9; 210;eor
        603;2026032717;   10;   1.9; 190;eor
        603;2026032718;   10;   2.5; 190;eor
        603;2026032719;   10;   2.2; 200;eor
        603;2026032720;   10;   2.2; 190;eor
        603;2026032721;   10;   2.2; 180;eor
        603;2026032722;   10;   3.1; 190;eor
        603;2026032723;   10;   4.3; 190;eor
        603;2026032800;   10;   3.6; 190;eor
        603;2026032801;   10;   4.3; 200;eor
        603;2026032802;   10;   5.4; 190;eor
        603;2026032803;   10;   5.0; 200;eor
        603;2026032804;   10;   5.5; 200;eor
        603;2026032805;   10;   6.6; 200;eor
        603;2026032806;   10;   4.9; 190;eor
        603;2026032807;   10;   5.2; 200;eor
        603;2026032808;   10;   6.1; 200;eor
        603;2026032809;   10;   5.6; 210;eor
        603;2026032810;   10;   4.5; 230;eor
        603;2026032811;   10;   3.0; 240;eor
        603;2026032812;   10;   2.5; 270;eor
        603;2026032813;   10;   3.6; 340;eor
        603;2026032814;   10;   4.5; 350;eor
        603;2026032815;   10;   2.9; 320;eor
        603;2026032816;   10;   1.8;  30;eor
        603;2026032817;   10;   1.1;  80;eor
        603;2026032818;   10;   1.0; 180;eor
        603;2026032819;   10;   2.0; 230;eor
        603;2026032820;   10;   2.1; 280;eor
        603;2026032821;   10;   1.9; 270;eor
        603;2026032822;   10;   2.1; 270;eor
        603;2026032823;   10;   2.2; 280;eor
        603;2026032900;   10;   2.0; 280;eor
        603;2026032901;   10;   2.5; 290;eor
        603;2026032902;   10;   1.9; 290;eor
        603;2026032903;   10;   2.1; 290;eor
        603;2026032904;   10;   2.4; 290;eor
        603;2026032905;   10;   2.3; 300;eor
        603;2026032906;   10;   2.4; 290;eor
        603;2026032907;   10;   2.0; 310;eor
        603;2026032908;   10;   2.4; 300;eor
        603;2026032909;   10;   2.4; 310;eor
        603;2026032910;   10;   2.9; 290;eor
        603;2026032911;   10;   2.7; 290;eor
        603;2026032912;   10;   2.5; 290;eor
        603;2026032913;   10;   2.7; 310;eor
        603;2026032914;   10;   3.4; 250;eor
        603;2026032915;   10;   3.0; 260;eor
        603;2026032916;   10;   3.7; 270;eor
        603;2026032917;   10;   3.5; 260;eor
        603;2026032918;   10;   3.2; 240;eor
        603;2026032919;   10;   3.5; 220;eor
        603;2026032920;   10;   3.9; 210;eor
        603;2026032921;   10;   4.6; 220;eor
        603;2026032922;   10;   6.8; 240;eor
        603;2026032923;   10;   6.2; 220;eor
        603;2026033000;   10;   6.3; 220;eor
        603;2026033001;   10;   5.3; 230;eor
        603;2026033002;   10;   7.5; 230;eor
        603;2026033003;   10;   6.5; 220;eor
        603;2026033004;   10;   6.5; 270;eor
        603;2026033005;   10;   4.4; 270;eor
        603;2026033006;   10;   4.4; 270;eor
        603;2026033007;   10;   4.4; 310;eor
        603;2026033008;   10;   3.1; 310;eor
        603;2026033009;   10;   3.8; 290;eor
        603;2026033010;   10;   4.8; 310;eor
        603;2026033011;   10;   4.8; 310;eor
        603;2026033012;   10;   5.1; 320;eor
        603;2026033013;   10;   4.6; 300;eor
        603;2026033014;   10;   4.8; 300;eor
        603;2026033015;   10;   5.9; 290;eor
        603;2026033016;   10;   5.3; 310;eor
        603;2026033017;   10;   2.8; 330;eor
        603;2026033018;   10;   1.7; 280;eor
        603;2026033019;   10;   2.7; 280;eor
        603;2026033020;   10;   2.1; 280;eor
        603;2026033021;   10;   2.2; 300;eor
        603;2026033022;   10;   2.4; 310;eor
        603;2026033023;   10;   1.5; 310;eor
        603;2026033100;   10;   2.3; 270;eor
        603;2026033101;   10;   2.2; 280;eor
        603;2026033102;   10;   2.5; 290;eor
        603;2026033103;   10;   3.0; 280;eor
        603;2026033104;   10;   3.0; 290;eor
        603;2026033105;   10;   2.5; 290;eor
        603;2026033106;   10;   2.2; 290;eor
        603;2026033107;   10;   1.6; 300;eor
        603;2026033108;   10;   2.5; 300;eor
        603;2026033109;   10;   3.4; 300;eor
        603;2026033110;   10;   3.2; 290;eor
        603;2026033111;   10;   2.6; 310;eor
        603;2026033112;   10;   3.2; 320;eor
        603;2026033113;   10;   3.4; 320;eor
        603;2026033114;   10;   4.1; 310;eor
        603;2026033115;   10;   4.3; 290;eor
        603;2026033116;   10;   3.4; 290;eor
        603;2026033117;   10;   2.2; 280;eor
        603;2026033118;   10;   2.0; 280;eor
        603;2026033119;   10;   2.0; 260;eor
        603;2026033120;   10;   2.0; 250;eor
        603;2026033121;   10;   2.4; 250;eor
        603;2026033122;   10;   0.9; 300;eor
        603;2026033123;   10;   1.4; 260;eor
        603;2026040100;    3;   1.2; 260;eor
        603;2026040101;    3;   1.5; 260;eor
        603;2026040102;    3;   1.8; 270;eor
        603;2026040103;    3;   0.6; 320;eor
        603;2026040104;    3;   0.3;  90;eor
        603;2026040105;    3;   0.3; 240;eor
        603;2026040106;    3;   0.4;  50;eor
        603;2026040107;    3;   0.7;  50;eor
        603;2026040108;    3;   2.1;  70;eor
        603;2026040109;    3;   2.9;  80;eor
        603;2026040110;    3;   2.9; 100;eor
        603;2026040111;    3;   2.9; 100;eor
        603;2026040112;    3;   3.0; 120;eor
        603;2026040113;    3;   3.8; 110;eor
        603;2026040114;    3;   4.6; 120;eor
        603;2026040115;    3;   4.0; 120;eor
        603;2026040116;    3;   3.5; 110;eor
        603;2026040117;    3;   3.4; 120;eor
        603;2026040118;    3;   2.8; 150;eor
        603;2026040119;    3;   1.8; 160;eor
        603;2026040120;    3;   1.7; 140;eor
        603;2026040121;    3;   1.6; 160;eor
        603;2026040122;    3;   2.4; 160;eor
        603;2026040123;    3;   1.0; 130;eor
        603;2026040200;    3;   1.1; 140;eor
        603;2026040201;    3;   0.4;  40;eor
        603;2026040202;    3;   0.4;  50;eor
        603;2026040203;    3;   0.7;  20;eor
        603;2026040204;    3;   0.7; 310;eor
        603;2026040205;    3;   1.4; 210;eor
        603;2026040206;    3;   1.0; 220;eor
        603;2026040207;    3;   1.1; 230;eor
        603;2026040208;    3;   3.0; 190;eor
        603;2026040209;    3;   2.4; 210;eor
        603;2026040210;    3;   2.7; 240;eor
        603;2026040211;    3;   3.4; 270;eor
        603;2026040212;    3;   3.4; 310;eor
        603;2026040213;    3;   2.6; 320;eor
        603;2026040214;    3;   3.1; 300;eor
        603;2026040215;    3;   1.8; 290;eor
        603;2026040216;    3;   1.2; 280;eor
        603;2026040217;    3;   1.8; 270;eor
        603;2026040218;    3;   1.8; 300;eor
        603;2026040219;    3;   3.3; 270;eor
        603;2026040220;    3;   3.1; 310;eor
        603;2026040221;    3;   2.6; 310;eor
        603;2026040222;    3;   2.5; 320;eor
        603;2026040223;    3;   1.9; 300;eor
        603;2026040300;    3;   2.0; 290;eor
        603;2026040301;    3;   1.7; 290;eor
        603;2026040302;    3;   1.6; 280;eor
        603;2026040303;    3;   1.5; 290;eor
        603;2026040304;    3;   1.4; 270;eor
        603;2026040305;    3;   1.1; 280;eor
        603;2026040306;    3;   1.7; 240;eor
        603;2026040307;    3;   1.9; 210;eor
        603;2026040308;    3;   2.3; 210;eor
        603;2026040309;    3;   2.7; 220;eor
        603;2026040310;    3;   2.4; 250;eor
        603;2026040311;    3;   2.8; 190;eor
        603;2026040312;    3;   4.5; 190;eor
        603;2026040313;    3;   4.4; 200;eor
        603;2026040314;    3;   5.8; 210;eor
        603;2026040315;    3;   5.7; 200;eor
        603;2026040316;    3;   5.7; 220;eor
        603;2026040317;    3;   6.9; 240;eor
        603;2026040318;    3;   6.2; 220;eor
        603;2026040319;    3;   6.0; 220;eor
        603;2026040320;    3;   6.4; 220;eor
        603;2026040321;    3;   5.6; 220;eor
        603;2026040322;    3;   6.5; 220;eor
        603;2026040323;    3;   6.6; 230;eor
        603;2026040400;    3;   5.0; 230;eor
        603;2026040401;    3;   5.8; 240;eor
        603;2026040402;    3;   5.9; 240;eor
        603;2026040403;    3;   4.5; 230;eor
        603;2026040404;    3;   3.8; 220;eor
        603;2026040405;    3;   4.0; 250;eor
        603;2026040406;    3;   4.6; 280;eor
        603;2026040407;    3;   5.7; 250;eor
        603;2026040408;    3;   5.3; 250;eor
        603;2026040409;    3;   4.4; 260;eor
        603;2026040410;    3;   5.0; 260;eor
        603;2026040411;    3;   5.9; 260;eor
        603;2026040412;    3;   6.9; 250;eor
        603;2026040413;    3;   4.2; 260;eor
        603;2026040414;    3;   3.2; 260;eor
        603;2026040415;    3;   2.5; 260;eor
        603;2026040416;    3;   1.7; 260;eor
        603;2026040417;    3;   1.2;  70;eor
        603;2026040418;    3;   2.1; 160;eor
        603;2026040419;    3;   3.6; 190;eor
        603;2026040420;    3;   5.0; 190;eor
        603;2026040421;    3;   6.3; 190;eor
        603;2026040422;    3;   5.1; 190;eor
        603;2026040423;    3;   6.6; 190;eor
        603;2026040500;    3;   6.1; 190;eor
        603;2026040501;    3;   5.8; 190;eor
        603;2026040502;    3;   5.6; 190;eor
        603;2026040503;    3;   5.8; 190;eor
        603;2026040504;    3;   6.2; 200;eor
        603;2026040505;    3;   6.7; 210;eor
        603;2026040506;    3;   5.8; 230;eor
        603;2026040507;    3;   4.1; 220;eor
        603;2026040508;    3;   4.6; 250;eor
        603;2026040509;    3;   6.7; 250;eor
        603;2026040510;    3;   6.9; 250;eor
        603;2026040511;    3;   7.7; 270;eor
        603;2026040512;    3;   8.3; 270;eor
        603;2026040513;    3;   8.1; 270;eor
        603;2026040514;    3;   6.7; 270;eor
        603;2026040515;    3;   4.6; 300;eor
        603;2026040516;    3;   4.7; 290;eor
        603;2026040517;    3;   6.7; 260;eor
        603;2026040518;    3;   7.0; 260;eor
        603;2026040519;    3;   5.8; 260;eor
        603;2026040520;    3;   5.2; 250;eor
        603;2026040521;    3;   3.5; 260;eor
        603;2026040522;    3;   3.0; 240;eor
        603;2026040523;    3;   3.8; 250;eor
        603;2026040600;    3;   3.3; 250;eor
        603;2026040601;    3;   3.8; 250;eor
        603;2026040602;    3;   2.4; 260;eor
        603;2026040603;    3;   2.6; 250;eor
        603;2026040604;    3;   3.4; 230;eor
        603;2026040605;    3;   3.2; 230;eor
        603;2026040606;    3;   3.0; 220;eor
        603;2026040607;    3;   2.5; 220;eor
        603;2026040608;    3;   2.2; 240;eor
        603;2026040609;    3;   1.2; 270;eor
        603;2026040610;    3;   1.6; 190;eor
        603;2026040611;    3;   2.0; 230;eor
        603;2026040612;    3;   1.9; 330;eor
        603;2026040613;    3;   2.5; 310;eor
        603;2026040614;    3;   2.5; 310;eor
        603;2026040615;    3;   2.3; 340;eor
        603;2026040616;    3;   2.0; 360;eor
        603;2026040617;    3;   2.0; 350;eor
        603;2026040618;    3;   2.2;  10;eor
        603;2026040619;    3;   2.2;  10;eor
        603;2026040620;    3;   0.9;  20;eor
        603;2026040621;    3;   0.5; 110;eor
        603;2026040622;    3;   0.7;  80;eor
        603;2026040623;    3;   0.7; 110;eor
        603;2026040700;    3;   1.0;  90;eor
        603;2026040701;    3;   1.2; 100;eor
        603;2026040702;    3;   1.4;  60;eor
        603;2026040703;    3;   0.7;  30;eor
        603;2026040704;    3;   0.9; 110;eor
        603;2026040705;    3;   1.2;  60;eor
        603;2026040706;    3;   0.9;  90;eor
        603;2026040707;    3;   1.0;  70;eor
        603;2026040708;    3;   1.0;  40;eor
        603;2026040709;    3;   1.4;  50;eor
        603;2026040710;    3;   2.7;  70;eor
        603;2026040711;    3;   3.6;  70;eor
        603;2026040712;    3;   2.3;  60;eor
        603;2026040713;    3;   2.2;  70;eor
        603;2026040714;    3;   2.6; 100;eor
        603;2026040715;    3;   2.1;  90;eor
        603;2026040716;    3;   1.8;  30;eor
        603;2026040717;    3;   1.1;  20;eor
        603;2026040718;    3;   1.2; 350;eor
        603;2026040719;    3;   1.6;  10;eor
        603;2026040720;    3;   1.9;  30;eor
        603;2026040721;    3;   1.9; 110;eor
        603;2026040722;    3;   1.4; 110;eor
        603;2026040723;    3;   2.2; 110;eor
        603;2026040800;    3;   1.1; 130;eor
        603;2026040801;    3;   0.9; 150;eor
        603;2026040802;    3;   1.7; 130;eor
        603;2026040803;    3;   2.3; 120;eor
        603;2026040804;    3;   2.5;  90;eor
        603;2026040805;    3;   2.2; 100;eor
        603;2026040806;    3;   1.8;  70;eor
        603;2026040807;    3;   3.1;  70;eor
        603;2026040808;    3;   3.2;  90;eor
        603;2026040809;    3;   3.3; 110;eor
        603;2026040810;    3;   2.9; 100;eor
        603;2026040811;    3;   3.5;  90;eor
        603;2026040812;    3;   3.2;  80;eor
        603;2026040813;    3;   4.0;  70;eor
        603;2026040814;    3;   3.3;  90;eor
        603;2026040815;    3;   3.3;  70;eor
        603;2026040816;    3;   2.8;  70;eor
        603;2026040817;    3;   2.4;  90;eor
        603;2026040818;    3;   1.8; 120;eor
        603;2026040819;    3;   1.6; 130;eor
        603;2026040820;    3;   2.5; 140;eor
        603;2026040821;    3;   2.5; 150;eor
        603;2026040822;    3;   1.8; 100;eor
        603;2026040823;    3;   1.1;  90;eor
        603;2026040900;    3;   1.3; 130;eor
        603;2026040901;    3;   2.1;  90;eor
        603;2026040902;    3;   1.6;  80;eor
        603;2026040903;    3;   3.6; 100;eor
        603;2026040904;    3;   3.0; 100;eor
        603;2026040905;    3;   1.7;  80;eor
        603;2026040906;    3;   2.1;  90;eor
        603;2026040907;    3;   2.7; 110;eor
        603;2026040908;    3;   3.4; 110;eor
        603;2026040909;    3;   3.0; 120;eor
        603;2026040910;    3;   2.7; 110;eor
        603;2026040911;    3;   1.8; 140;eor
        603;2026040912;    3;   2.3; 170;eor
        603;2026040913;    3;   2.4; 190;eor
        603;2026040914;    3;   2.4; 130;eor
        603;2026040915;    3;   3.2; 100;eor
        603;2026040916;    3;   2.9; 120;eor
        603;2026040917;    3;   3.2; 120;eor
        603;2026040918;    3;   2.5; 130;eor
        603;2026040919;    3;   2.0; 150;eor
        603;2026040920;    3;   2.6; 150;eor
        603;2026040921;    3;   4.1; 180;eor
        603;2026040922;    3;   5.3; 200;eor
        603;2026040923;    3;   4.5; 230;eor
        603;2026041000;    3;   4.2; 210;eor
        603;2026041001;    3;   4.6; 270;eor
        603;2026041002;    3;   4.6; 310;eor
        603;2026041003;    3;   3.7; 300;eor
        603;2026041004;    3;   4.5; 300;eor
        603;2026041005;    3;   3.8; 320;eor
        603;2026041006;    3;   3.4; 320;eor
        603;2026041007;    3;   3.2; 320;eor
        603;2026041008;    3;   3.5; 320;eor
        603;2026041009;    3;   3.4; 320;eor
        603;2026041010;    3;   2.8; 290;eor
        603;2026041011;    3;   2.0; 290;eor
        603;2026041012;    3;   2.7; 240;eor
        603;2026041013;    3;   1.9; 240;eor
        603;2026041014;    3;   2.7; 320;eor
        603;2026041015;    3;   2.1; 320;eor
        603;2026041016;    3;   2.0; 340;eor
        603;2026041017;    3;   2.1; 350;eor
        603;2026041018;    3;   1.5; 350;eor
        603;2026041019;    3;   1.3; 360;eor
        603;2026041020;    3;   1.3;  30;eor
        603;2026041021;    3;   1.0; 150;eor
        603;2026041022;    3;   1.9; 130;eor
        603;2026041023;    3;   2.5; 120;eor
        603;2026041100;    3;   2.3; 120;eor
        603;2026041101;    3;   2.6; 120;eor
        603;2026041102;    3;   1.8; 110;eor
        603;2026041103;    3;   2.6; 110;eor
        603;2026041104;    3;   2.7; 120;eor
        603;2026041105;    3;   3.7; 110;eor
        603;2026041106;    3;   4.6; 120;eor
        603;2026041107;    3;   4.6; 110;eor
        603;2026041108;    3;   5.2; 120;eor
        603;2026041109;    3;   6.2; 130;eor
        603;2026041110;    3;   6.9; 130;eor
        603;2026041111;    3;   7.6; 130;eor
        603;2026041112;    3;   8.1; 130;eor
        603;2026041113;    3;   6.7; 150;eor
        603;2026041114;    3;   6.0; 140;eor
        603;2026041115;    3;   6.7; 130;eor
        603;2026041116;    3;   4.3; 150;eor
        603;2026041117;    3;   3.2; 140;eor
        603;2026041118;    3;   2.3; 120;eor
        603;2026041119;    3;   1.5; 100;eor
        603;2026041120;    3;   2.5; 300;eor
        603;2026041121;    3;   5.3; 310;eor
        603;2026041122;    3;   3.5; 310;eor
        603;2026041123;    3;   0.8; 250;eor
        603;2026041200;    3;   0.8; 140;eor
        603;2026041201;    3;   0.5; 130;eor
        603;2026041202;    3;   1.6; 230;eor
        603;2026041203;    3;   2.5; 240;eor
        603;2026041204;    3;   3.1; 240;eor
        603;2026041205;    3;   3.7; 240;eor
        603;2026041206;    3;   2.9; 220;eor
        603;2026041207;    3;   3.2; 210;eor
        603;2026041208;    3;   3.0; 200;eor
        603;2026041209;    3;   2.8; 200;eor
        603;2026041210;    3;   2.5; 200;eor
        603;2026041211;    3;   1.7; 220;eor
        603;2026041212;    3;   0.9; 180;eor
        603;2026041213;    3;   1.5;  90;eor
        603;2026041214;    3;   1.3; 120;eor
        603;2026041215;    3;   1.0;  80;eor
        603;2026041216;    3;   1.4;  80;eor
        603;2026041217;    3;   1.5;  70;eor
        603;2026041218;    3;   0.7;  50;eor
        603;2026041219;    3;   0.6; 110;eor
        603;2026041220;    3;   1.3; 140;eor
        603;2026041221;    3;   1.0; 140;eor
        603;2026041222;    3;   0.7;  70;eor
        603;2026041223;    3;   0.4;  40;eor
        603;2026041300;    3;   0.7;  20;eor
        603;2026041301;    3;   0.5; 150;eor
        603;2026041302;    3;   0.7; 360;eor
        603;2026041303;    3;   0.5;  10;eor
        603;2026041304;    3;   1.4; 260;eor
        603;2026041305;    3;   0.4;  10;eor
        603;2026041306;    3;   0.3; 190;eor
        603;2026041307;    3;   0.5;  40;eor
        603;2026041308;    3;   0.6;  50;eor
        603;2026041309;    3;   1.6;  80;eor
        603;2026041310;    3;   2.1;  80;eor
        603;2026041311;    3;   1.1;  30;eor
        603;2026041312;    3;   1.0; 350;eor
        603;2026041313;    3;   1.7; 330;eor
        603;2026041314;    3;   2.0; 300;eor
        603;2026041315;    3;   2.0; 300;eor
        603;2026041316;    3;   2.2; 300;eor
        603;2026041317;    3;   1.6; 300;eor
        603;2026041318;    3;   2.0; 300;eor
        603;2026041319;    3;   1.9; 310;eor
        603;2026041320;    3;   2.1; 320;eor
        603;2026041321;    3;   2.2; 320;eor
        603;2026041322;    3;   2.1; 340;eor
        603;2026041323;    3;   1.6; 310;eor
        603;2026041400;    3;   1.2; 310;eor
        603;2026041401;    3;   1.2; 280;eor
        603;2026041402;    3;   1.4; 260;eor
        603;2026041403;    3;   1.8; 260;eor
        603;2026041404;    3;   1.5; 260;eor
        603;2026041405;    3;   1.4; 260;eor
        603;2026041406;    3;   1.0; 150;eor
        603;2026041407;    3;   0.9;  90;eor
        603;2026041408;    3;   0.9; 180;eor
        603;2026041409;    3;   1.4; 220;eor
        603;2026041410;    3;   1.5; 260;eor
        603;2026041411;    3;   1.5;  30;eor
        603;2026041412;    3;   1.5;  80;eor
        603;2026041413;    3;   1.7;  10;eor
        603;2026041414;    3;   1.9; 260;eor
        603;2026041415;    3;   1.9; 300;eor
        603;2026041416;    3;   1.6; 300;eor
        603;2026041417;    3;   1.2;  10;eor
        603;2026041418;    3;   1.1;  40;eor
        603;2026041419;    3;   0.6;  20;eor
        603;2026041420;    3;   0.6; 170;eor
        603;2026041421;    3;   0.6; 140;eor
        603;2026041422;    3;   0.7; 130;eor
        603;2026041423;    3;   0.7; 100;eor
        603;2026041500;    3;   0.7; 170;eor
        603;2026041501;    3;   0.5; 100;eor
        603;2026041502;    3;   0.5;  60;eor
        603;2026041503;    3;   0.7;  70;eor
        603;2026041504;    3;   1.0;  40;eor
        603;2026041505;    3;   0.8; 360;eor
        603;2026041506;    3;   0.4; 110;eor
        603;2026041507;    3;   0.5; 250;eor
        603;2026041508;    3;   0.9;  60;eor
        603;2026041509;    3;   1.0; 220;eor
        603;2026041510;    3;   3.1; 180;eor
        603;2026041511;    3;   3.3; 170;eor
        603;2026041512;    3;   4.3; 200;eor
        603;2026041513;    3;   4.4; 180;eor
        603;2026041514;    3;   3.6; 160;eor
        603;2026041515;    3;   2.8; 160;eor
        603;2026041516;    3;   3.9; 150;eor
        603;2026041517;    3;   3.3; 160;eor
        603;2026041518;    3;   2.7; 160;eor
        603;2026041519;    3;   2.6; 170;eor
        603;2026041520;    3;   3.0; 180;eor
        603;2026041521;    3;   3.7; 180;eor
        603;2026041522;    3;   3.7; 190;eor
        603;2026041523;    3;   4.4; 210;eor
        603;2026041600;    3;   3.4; 220;eor
        603;2026041601;    3;   3.3; 220;eor
        603;2026041602;    3;   3.3; 210;eor
        603;2026041603;    3;   4.3; 200;eor
        603;2026041604;    3;   4.0; 200;eor
        603;2026041605;    3;   3.2; 220;eor
        603;2026041606;    3;   2.3; 240;eor
        603;2026041607;    3;   2.4; 290;eor
        603;2026041608;    3;   1.1; 310;eor
        603;2026041609;    3;   1.1; 320;eor
        603;2026041610;    3;   1.3;  90;eor
        603;2026041611;    3;   1.3;  20;eor
        603;2026041612;    3;   1.3;  70;eor
        603;2026041613;    3;   1.4;  30;eor
        603;2026041614;    3;   1.8;  70;eor
        603;2026041615;    3;   1.8; 120;eor
        603;2026041616;    3;   1.0;  80;eor
        603;2026041617;    3;   0.7;  50;eor
        603;2026041618;    3;   0.5; 120;eor
        603;2026041619;    3;   0.7;  20;eor
        603;2026041620;    3;   0.4; 190;eor
        603;2026041621;    3;   0.5; 230;eor
        603;2026041622;    3;   0.5; 250;eor
        603;2026041623;    3;   1.2; 280;eor
        603;2026041700;    3;   1.0; 240;eor
        603;2026041701;    3;   1.5; 240;eor
        603;2026041702;    3;   1.0; 240;eor
        603;2026041703;    3;   1.5; 240;eor
        603;2026041704;    3;   1.2; 230;eor
        603;2026041705;    3;   1.1; 230;eor
        603;2026041706;    3;   0.8; 220;eor
        603;2026041707;    3;   0.9; 190;eor
        603;2026041708;    3;   2.2; 220;eor
        603;2026041709;    3;   1.6; 240;eor
        603;2026041710;    3;   1.3; 240;eor
        603;2026041711;    3;   1.5; 240;eor
        603;2026041712;    3;   1.9; 330;eor
        603;2026041713;    3;   2.0; 320;eor
        603;2026041714;    3;   1.8; 300;eor
        603;2026041715;    3;   2.2; 320;eor
        603;2026041716;    3;   2.3; 340;eor
        603;2026041717;    3;   2.1; 320;eor
        603;2026041718;    3;   2.0; 320;eor
        603;2026041719;    3;   1.3; 310;eor
        603;2026041720;    3;   1.5; 300;eor
        603;2026041721;    3;   1.4; 290;eor
        603;2026041722;    3;   0.8; 140;eor
        603;2026041723;    3;   1.3; 180;eor
        603;2026041800;    3;   2.3; 240;eor
        603;2026041801;    3;   1.9; 250;eor
        603;2026041802;    3;   0.5; 210;eor
        603;2026041803;    3;   0.6; 280;eor
        603;2026041804;    3;   0.6; 210;eor
        603;2026041805;    3;   0.6; 290;eor
        603;2026041806;    3;   0.7; 250;eor
        603;2026041807;    3;   0.3;  20;eor
        603;2026041808;    3;   1.4; 240;eor
        603;2026041809;    3;   1.0;  70;eor
        603;2026041810;    3;   1.1; 300;eor
        603;2026041811;    3;   2.3; 300;eor
        603;2026041812;    3;   2.1; 280;eor
        603;2026041813;    3;   2.3; 320;eor
        603;2026041814;    3;   2.7; 290;eor
        603;2026041815;    3;   2.1; 310;eor
        603;2026041816;    3;   3.3; 310;eor
        603;2026041817;    3;   1.5; 290;eor
        603;2026041818;    3;   3.0; 300;eor
        603;2026041819;    3;   0.7;  40;eor
        603;2026041820;    3;   1.2; 280;eor
        603;2026041821;    3;   1.3; 260;eor
        603;2026041822;    3;   1.8; 260;eor
        603;2026041823;    3;   1.2; 290;eor
        603;2026041900;    3;   2.4; 260;eor
        603;2026041901;    3;   1.9; 240;eor
        603;2026041902;    3;   2.5; 270;eor
        603;2026041903;    3;   3.8; 320;eor
        603;2026041904;    3;   3.5; 310;eor
        603;2026041905;    3;   3.6; 300;eor
        603;2026041906;    3;   2.7; 310;eor
        603;2026041907;    3;   3.2; 320;eor
        603;2026041908;    3;   3.2; 340;eor
        603;2026041909;    3;   3.0; 320;eor
        603;2026041910;    3;   3.3; 320;eor
        603;2026041911;    3;   3.3; 330;eor
        603;2026041912;    3;   4.1; 300;eor
        603;2026041913;    3;   4.0; 310;eor
        603;2026041914;    3;   3.9;  10;eor
        603;2026041915;    3;   3.4; 330;eor
        603;2026041916;    3;   3.2; 300;eor
        603;2026041917;    3;   1.9; 360;eor
        603;2026041918;    3;   1.9; 300;eor
        603;2026041919;    3;   1.8; 340;eor
        603;2026041920;    3;   3.2;  10;eor
        603;2026041921;    3;   2.4;  20;eor
        603;2026041922;    3;   1.9;  10;eor
        603;2026041923;    3;   0.8;  30;eor
        603;2026042000;    3;   1.3; 290;eor
        603;2026042001;    3;   1.0; 300;eor
        603;2026042002;    3;   1.6; 340;eor
        603;2026042003;    3;   2.0; 320;eor
        603;2026042004;    3;   1.6; 300;eor
        603;2026042005;    3;   1.9; 310;eor
        603;2026042006;    3;   1.6; 320;eor
        603;2026042007;    3;   2.2; 320;eor
        603;2026042008;    3;   2.2; 320;eor
        603;2026042009;    3;   2.0; 330;eor
        603;2026042010;    3;   2.5; 320;eor
        603;2026042011;    3;   3.0; 330;eor
        603;2026042012;    3;   3.5; 340;eor
        603;2026042013;    3;   3.3; 330;eor
        603;2026042014;    3;   4.5; 350;eor
        603;2026042015;    3;   3.7; 300;eor
        603;2026042016;    3;   3.5; 300;eor
        603;2026042017;    3;   2.8; 350;eor
        603;2026042018;    3;   2.7; 360;eor
        603;2026042019;    3;   1.1; 330;eor
        603;2026042020;    3;   0.9;  30;eor
        603;2026042021;    3;   1.6;  40;eor
        603;2026042022;    3;   1.6;  50;eor
        603;2026042023;    3;   0.9;  40;eor
        603;2026042100;    3;   0.7; 360;eor
        603;2026042101;    3;   0.8; 360;eor
        603;2026042102;    3;   0.5;  20;eor
        603;2026042103;    3;   0.2;  50;eor
        603;2026042104;    3;   0.5;  70;eor
        603;2026042105;    3;   0.2;  20;eor
        603;2026042106;    3;   0.3;  30;eor
        603;2026042107;    3;   0.7;  50;eor
        603;2026042108;    3;   1.4;  40;eor
        603;2026042109;    3;   2.7;  30;eor
        603;2026042110;    3;   2.4;  20;eor
        603;2026042111;    3;   2.0;  20;eor
        603;2026042112;    3;   3.3;  50;eor
        603;2026042113;    3;   1.9;  70;eor
        603;2026042114;    3;   4.1;  50;eor
        603;2026042115;    3;   4.4;  40;eor
        603;2026042116;    3;   4.7;  30;eor
        603;2026042117;    3;   4.0;  60;eor
        603;2026042118;    3;   2.6;  60;eor
        603;2026042119;    3;   3.2;  80;eor
        603;2026042120;    3;   1.2;  70;eor
        603;2026042121;    3;   0.9;  80;eor
        603;2026042122;    3;   1.1;  90;eor
        603;2026042123;    3;   1.7; 130;eor
        603;2026042200;    3;   2.2; 120;eor
        603;2026042201;    3;   2.4; 120;eor
        603;2026042202;    3;   2.3; 110;eor
        603;2026042203;    3;   2.2; 110;eor
        603;2026042204;    3;   2.6; 120;eor
        603;2026042205;    3;   2.6; 120;eor
        603;2026042206;    3;   1.3;  80;eor
        603;2026042207;    3;   1.3;  50;eor
        603;2026042208;    3;   2.4;  60;eor
        603;2026042209;    3;   2.6;  60;eor
        603;2026042210;    3;   4.2;  70;eor
        603;2026042211;    3;   3.6;  70;eor
        603;2026042212;    3;   3.0;  90;eor
        603;2026042213;    3;   2.4;  70;eor
        603;2026042214;    3;   3.2;  90;eor
        603;2026042215;    3;   2.7;  70;eor
        603;2026042216;    3;   2.1;  50;eor
        603;2026042217;    3;   1.2;  20;eor
        603;2026042218;    3;   2.6;  10;eor
        603;2026042219;    3;   3.0; 360;eor
        603;2026042220;    3;   2.4;  30;eor
        603;2026042221;    3;   1.9;  70;eor
        603;2026042222;    3;   2.3; 110;eor
        603;2026042223;    3;   1.0; 110;eor
        603;2026042300;    3;   0.7;  60;eor
        603;2026042301;    3;   0.6; 300;eor
        603;2026042302;    3;   0.6; 250;eor
        603;2026042303;    3;   1.0; 280;eor
        603;2026042304;    3;   2.0; 250;eor
        603;2026042305;    3;   0.9; 240;eor
        603;2026042306;    3;   0.6;  20;eor
        603;2026042307;    3;   0.6;  90;eor
        603;2026042308;    3;   0.7; 120;eor
        603;2026042309;    3;   1.0; 310;eor
        603;2026042310;    3;   2.1; 300;eor
        603;2026042311;    3;   2.8; 330;eor
        603;2026042312;    3;   2.8; 310;eor
        603;2026042313;    3;   3.5; 290;eor
        603;2026042314;    3;   3.8; 290;eor
        603;2026042315;    3;   4.1; 290;eor
        603;2026042316;    3;   4.0; 310;eor
        603;2026042317;    3;   3.5; 300;eor
        603;2026042318;    3;   2.7; 310;eor
        603;2026042319;    3;   2.2; 310;eor
        603;2026042320;    3;   2.1; 310;eor
        603;2026042321;    3;   2.3; 310;eor
        603;2026042322;    3;   1.9; 320;eor
        603;2026042323;    3;   1.8; 320;eor
        603;2026042400;    3;   1.9; 330;eor
        603;2026042401;    3;   2.2; 310;eor
        603;2026042402;    3;   2.8; 260;eor
        603;2026042403;    3;   2.4; 260;eor
        603;2026042404;    3;   2.5; 260;eor
        603;2026042405;    3;   2.7; 250;eor
        603;2026042406;    3;   2.0; 250;eor
        603;2026042407;    3;   1.9; 280;eor
        603;2026042408;    3;   2.8; 280;eor
        603;2026042409;    3;   2.6; 320;eor
        603;2026042410;    3;   3.1; 300;eor
        603;2026042411;    3;   2.9; 290;eor
        603;2026042412;    3;   2.8; 290;eor
        603;2026042413;    3;   3.0; 310;eor
        603;2026042414;    3;   3.4; 300;eor
        603;2026042415;    3;   3.2; 300;eor
        603;2026042416;    3;   3.2; 300;eor
        603;2026042417;    3;   2.9; 300;eor
        603;2026042418;    3;   2.4; 290;eor
        603;2026042419;    3;   1.4; 300;eor
        603;2026042420;    3;   1.6; 300;eor
        603;2026042421;    3;   1.4; 300;eor
        603;2026042422;    3;   0.7; 300;eor
        603;2026042423;    3;   1.9; 280;eor
        603;2026042500;    3;   2.9; 270;eor
        603;2026042501;    3;   2.4; 260;eor
        603;2026042502;    3;   2.6; 260;eor
        603;2026042503;    3;   3.0; 240;eor
        603;2026042504;    3;   2.9; 230;eor
        603;2026042505;    3;   2.7; 230;eor
        603;2026042506;    3;   2.2; 250;eor
        603;2026042507;    3;   1.9; 240;eor
        603;2026042508;    3;   1.9; 250;eor
        603;2026042509;    3;   1.8; 300;eor
        603;2026042510;    3;   2.2; 310;eor
        603;2026042511;    3;   2.5; 330;eor
        603;2026042512;    3;   2.4; 300;eor
        603;2026042513;    3;   2.4; 310;eor
        603;2026042514;    3;   3.0; 320;eor
        603;2026042515;    3;   3.0; 330;eor
        603;2026042516;    3;   3.1; 320;eor
        603;2026042517;    3;   3.1; 300;eor
        603;2026042518;    3;   2.6; 310;eor
        603;2026042519;    3;   1.7; 300;eor
        603;2026042520;    3;   1.7; 290;eor
        603;2026042521;    3;   2.4; 270;eor
        603;2026042522;    3;   2.1; 270;eor
        603;2026042523;    3;   2.5; 270;eor
        603;2026042600;    3;   2.4; 280;eor
        603;2026042601;    3;   2.6; 280;eor
        603;2026042602;    3;   3.1; 290;eor
        603;2026042603;    3;   2.3; 280;eor
        603;2026042604;    3;   1.3; 290;eor
        603;2026042605;    3;   1.0; 280;eor
        603;2026042606;    3;   0.9; 330;eor
        603;2026042607;    3;   1.1;  40;eor
        603;2026042608;    3;   1.4;  30;eor
        603;2026042609;    3;   1.3;  50;eor
        603;2026042610;    3;   1.7;  80;eor
        603;2026042611;    3;   1.7;  90;eor
        603;2026042612;    3;   1.5;  70;eor
        603;2026042613;    3;   1.7;  30;eor
        603;2026042614;    3;   2.1;  10;eor
        603;2026042615;    3;   2.4; 350;eor
        603;2026042616;    3;   2.6; 310;eor
        603;2026042617;    3;   2.6; 300;eor
        603;2026042618;    3;   2.4; 300;eor
        603;2026042619;    3;   1.9; 300;eor
        603;2026042620;    3;   2.3; 360;eor
        603;2026042621;    3;   1.4;  20;eor
        603;2026042622;    3;   1.1;  20;eor
        603;2026042623;    3;   0.5;  10;eor
        603;2026042700;    3;   0.8; 270;eor
        603;2026042701;    3;   1.3; 250;eor
        603;2026042702;    3;   1.0; 240;eor
        603;2026042703;    3;   0.3; 350;eor
        603;2026042704;    3;   0.3; 260;eor
        603;2026042705;    3;   1.0; 240;eor
        603;2026042706;    3;   0.5;  50;eor
        603;2026042707;    3;   0.7;  60;eor
        603;2026042708;    3;   1.1;  50;eor
        603;2026042709;    3;   0.8;  40;eor
        603;2026042710;    3;   1.0;  40;eor
        603;2026042711;    3;   1.7;  30;eor
        603;2026042712;    3;   1.9;  50;eor
        603;2026042713;    3;   2.1; 110;eor
        603;2026042714;    3;   1.5;  30;eor
        603;2026042715;    3;   1.2;  10;eor
        603;2026042716;    3;   1.5; 310;eor
        603;2026042717;    3;   1.8; 290;eor
        603;2026042718;    3;   2.3; 310;eor
        603;2026042719;    3;   2.7; 350;eor
        603;2026042720;    3;   2.1; 360;eor
        603;2026042721;    3;   2.1;  40;eor
        603;2026042722;    3;   0.7;  80;eor
        603;2026042723;    3;   0.9;  60;eor
        603;2026042800;    3;   0.6; 340;eor
        603;2026042801;    3;   0.9; 310;eor
        603;2026042802;    3;   0.6;  60;eor
        603;2026042803;    3;   0.6; 360;eor
        603;2026042804;    3;   0.3; 240;eor
        603;2026042805;    3;   0.6;  30;eor
        603;2026042806;    3;   0.6;  40;eor
        603;2026042807;    3;   1.0;  40;eor
        603;2026042808;    3;   2.5;  60;eor
        603;2026042809;    3;   3.5;  60;eor
        603;2026042810;    3;   4.2;  50;eor
        603;2026042811;    3;   4.8;  70;eor
        603;2026042812;    3;   5.5;  70;eor
        603;2026042813;    3;   5.6;  60;eor
        603;2026042814;    3;   4.8;  70;eor
        603;2026042815;    3;   5.4;  70;eor
        603;2026042816;    3;   5.6;  90;eor
        603;2026042817;    3;   5.8;  90;eor
        603;2026042818;    3;   5.8;  80;eor
        603;2026042819;    3;   3.6;  80;eor
        603;2026042820;    3;   3.6;  80;eor
        603;2026042821;    3;   4.3;  90;eor
        603;2026042822;    3;   3.8;  90;eor
        603;2026042823;    3;   2.7;  80;eor
        603;2026042900;    3;   2.3;  70;eor
        603;2026042901;    3;   1.0;  50;eor
        603;2026042902;    3;   1.6;  50;eor
        603;2026042903;    3;   1.4;  50;eor
        603;2026042904;    3;   1.3;  40;eor
        603;2026042905;    3;   1.7;  70;eor
        603;2026042906;    3;   1.4;  60;eor
        603;2026042907;    3;   1.4;  50;eor
        603;2026042908;    3;   3.1;  80;eor
        603;2026042909;    3;   5.4;  90;eor
        603;2026042910;    3;   5.7;  80;eor
        603;2026042911;    3;   5.1;  80;eor
        603;2026042912;    3;   5.9;  70;eor
        603;2026042913;    3;   6.5;  80;eor
        603;2026042914;    3;   6.5;  80;eor
        603;2026042915;    3;   6.5;  80;eor
        603;2026042916;    3;   6.6;  90;eor
        603;2026042917;    3;   5.9;  90;eor
        603;2026042918;    3;   6.7;  90;eor
        603;2026042919;    3;   5.4;  80;eor
        603;2026042920;    3;   3.8;  90;eor
        603;2026042921;    3;   4.7; 100;eor
        603;2026042922;    3;   6.1; 100;eor
        603;2026042923;    3;   6.0;  90;eor
        603;2026043000;    3;   5.0;  90;eor
        603;2026043001;    3;   4.8;  90;eor
        603;2026043002;    3;   3.1; 100;eor
        603;2026043003;    3;   2.5; 110;eor
        603;2026043004;    3;   2.7; 110;eor
        603;2026043005;    3;   3.9;  90;eor
        603;2026043006;    3;   3.8; 100;eor
        603;2026043007;    3;   5.3;  90;eor
        603;2026043008;    3;   6.3; 100;eor
        603;2026043009;    3;   6.6; 110;eor
        603;2026043010;    3;   7.7; 110;eor
        603;2026043011;    3;   7.2; 110;eor
        603;2026043012;    3;   7.1; 110;eor
        603;2026043013;    3;   6.7; 120;eor
        603;2026043014;    3;   5.8;  90;eor
        603;2026043015;    3;   6.2; 100;eor
        603;2026043016;    3;   6.0; 100;eor
        603;2026043017;    3;   5.9; 110;eor
        603;2026043018;    3;   5.4; 110;eor
        603;2026043019;    3;   3.8; 100;eor
        603;2026043020;    3;   2.3; 100;eor
        603;2026043021;    3;   2.8; 110;eor
        603;2026043022;    3;   3.7; 120;eor
        603;2026043023;    3;   4.7; 110;eor
        603;2026050100;    3;   4.0; 110;eor
        603;2026050101;    3;   5.1; 100;eor
        603;2026050102;    3;   5.5; 100;eor
        603;2026050103;    3;   3.4; 100;eor
        603;2026050104;    3;   2.9; 110;eor
        603;2026050105;    3;   1.9; 130;eor
        603;2026050106;    3;   3.0; 120;eor
        603;2026050107;    3;   3.6; 110;eor
        603;2026050108;    3;   5.2; 120;eor
        603;2026050109;    3;   7.8; 130;eor
        603;2026050110;    3;   7.4; 130;eor
        603;2026050111;    3;   7.4; 140;eor
        603;2026050112;    3;   6.6; 130;eor
        603;2026050113;    3;   5.9; 140;eor
        603;2026050114;    3;   6.0; 110;eor
        603;2026050115;    3;   5.4; 130;eor
        603;2026050116;    3;   5.9; 150;eor
        603;2026050117;    3;   5.4; 150;eor
        603;2026050118;    3;   4.1; 150;eor
        603;2026050119;    3;   2.6; 140;eor
        603;2026050120;    3;   2.0; 150;eor
        603;2026050121;    3;   2.5; 130;eor
        603;2026050122;    3;   2.1; 130;eor
        603;2026050123;    3;   0.8; 110;eor
        603;2026050200;    3;   2.4; 130;eor
        603;2026050201;    3;   3.1; 120;eor
        603;2026050202;    3;   2.9; 110;eor
        603;2026050203;    3;   1.1; 110;eor
        603;2026050204;    3;   1.1; 110;eor
        603;2026050205;    3;   0.9;  80;eor
        603;2026050206;    3;   0.9;  60;eor
        603;2026050207;    3;   1.2;  40;eor
        603;2026050208;    3;   1.7; 180;eor
        603;2026050209;    3;   1.5; 280;eor
        603;2026050210;    3;   1.2;  40;eor
        603;2026050211;    3;   1.1;  50;eor
        603;2026050212;    3;   1.9; 140;eor
        603;2026050213;    3;   3.1; 170;eor
        603;2026050214;    3;   4.0; 160;eor
        603;2026050215;    3;   3.7; 260;eor
        603;2026050216;    3;   2.5; 350;eor
        603;2026050217;    3;   2.5; 300;eor
        603;2026050218;    3;   1.3; 160;eor
        603;2026050219;    3;   0.7; 160;eor
        603;2026050220;    3;   2.1; 260;eor
        603;2026050221;    3;   0.5; 260;eor
        603;2026050222;    3;   0.8; 140;eor
        603;2026050223;    3;   1.0; 230;eor
        603;2026050300;    3;   0.6;  90;eor
        603;2026050301;    3;   0.9;  30;eor
        603;2026050302;    3;   3.0; 200;eor
        603;2026050303;    3;   4.8; 190;eor
        603;2026050304;    3;   5.0; 180;eor
        603;2026050305;    3;   5.5; 190;eor
        603;2026050306;    3;   5.5; 200;eor
        603;2026050307;    3;   5.0; 200;eor
        603;2026050308;    3;   4.6; 170;eor
        603;2026050309;    3;   5.0; 170;eor
        603;2026050310;    3;   4.7; 160;eor
        603;2026050311;    3;   5.1; 200;eor
        603;2026050312;    3;   6.6; 220;eor
        603;2026050313;    3;   5.1; 230;eor
        603;2026050314;    3;   2.5; 230;eor
        603;2026050315;    3;   3.8; 200;eor
        603;2026050316;    3;   5.3; 240;eor
        603;2026050317;    3;   4.1; 190;eor
        603;2026050318;    3;   5.0; 200;eor
        603;2026050319;    3;   4.1; 200;eor
        603;2026050320;    3;   3.8; 200;eor
        603;2026050321;    3;   2.8; 220;eor
        603;2026050322;    3;   3.4; 220;eor
        603;2026050323;    3;   3.3; 200;eor
        603;2026050400;    3;   3.7; 200;eor
        603;2026050401;    3;   1.2; 190;eor
        603;2026050402;    3;   0.7;  40;eor
        603;2026050403;    3;   0.6;  70;eor
        603;2026050404;    3;   0.8;  70;eor
        603;2026050405;    3;   0.9; 130;eor
        603;2026050406;    3;   0.7; 230;eor
        603;2026050407;    3;   1.3; 220;eor
        603;2026050408;    3;   2.7; 180;eor
        603;2026050409;    3;   3.2; 200;eor
        603;2026050410;    3;   2.5; 200;eor
        603;2026050411;    3;   3.1; 160;eor
        603;2026050412;    3;   2.5; 190;eor
        603;2026050413;    3;   1.8; 230;eor
        603;2026050414;    3;   4.1; 230;eor
        603;2026050415;    3;   2.5; 220;eor
        603;2026050416;    3;   2.7; 250;eor
        603;2026050417;    3;   1.2; 190;eor
        603;2026050418;    3;   1.3; 210;eor
        603;2026050419;    3;   1.1; 140;eor
        603;2026050420;    3;   1.0; 170;eor
        603;2026050421;    3;   1.8; 180;eor
        603;2026050422;    3;   0.9;  70;eor
        603;2026050423;    3;   0.8; 110;eor
        603;2026050500;    3;   1.6; 140;eor
        603;2026050501;    3;   0.8; 250;eor
        603;2026050502;    3;   0.7;  80;eor
        603;2026050503;    3;   0.8; 180;eor
        603;2026050504;    3;   1.3; 130;eor
        603;2026050505;    3;   0.9; 100;eor
        603;2026050506;    3;   0.9;  80;eor
        603;2026050507;    3;   1.0;  90;eor
        603;2026050508;    3;   0.7;  50;eor
        603;2026050509;    3;   0.9;  20;eor
        603;2026050510;    3;   1.3;  20;eor
        603;2026050511;    3;   1.3;  50;eor
        603;2026050512;    3;   1.6;  40;eor
        603;2026050513;    3;   1.4; 360;eor
        603;2026050514;    3;   2.2; 350;eor
        603;2026050515;    3;   1.9; 340;eor
        603;2026050516;    3;   2.3; 310;eor
        603;2026050517;    3;   2.7; 300;eor
        603;2026050518;    3;   2.7; 310;eor
        603;2026050519;    3;   2.6; 300;eor
        603;2026050520;    3;   2.4; 310;eor
        603;2026050521;    3;   2.6; 300;eor
        603;2026050522;    3;   2.7; 300;eor
        603;2026050523;    3;   2.5; 290;eor
        603;2026050600;    3;   2.2; 290;eor
        603;2026050601;    3;   2.0; 300;eor
        603;2026050602;    3;   1.9; 290;eor
        603;2026050603;    3;   1.6; 290;eor
        603;2026050604;    3;   1.5; 280;eor
        603;2026050605;    3;   1.6; 270;eor
        603;2026050606;    3;   2.0; 280;eor
        603;2026050607;    3;   1.9; 280;eor
        603;2026050608;    3;   2.6; 260;eor
        603;2026050609;    3;   3.0; 260;eor
        603;2026050610;    3;   2.5; 290;eor
        603;2026050611;    3;   2.7; 300;eor
        603;2026050612;    3;   2.9; 300;eor
        603;2026050613;    3;   3.1; 310;eor
        603;2026050614;    3;   2.9; 300;eor
        603;2026050615;    3;   2.9; 310;eor
        603;2026050616;    3;   3.0; 300;eor
        603;2026050617;    3;   2.9; 290;eor
        603;2026050618;    3;   2.8; 290;eor
        603;2026050619;    3;   2.7; 290;eor
        603;2026050620;    3;   2.0; 310;eor
        603;2026050621;    3;   1.8; 320;eor
        603;2026050622;    3;   2.0; 330;eor
        603;2026050623;    3;   1.6; 320;eor
        603;2026050700;    3;   2.2; 320;eor
        603;2026050701;    3;   2.1; 320;eor
        603;2026050702;    3;   1.9; 330;eor
        603;2026050703;    3;   1.8; 330;eor
        603;2026050704;    3;   1.5; 310;eor
        603;2026050705;    3;   1.4; 300;eor
        603;2026050706;    3;   1.8; 280;eor
        603;2026050707;    3;   1.9; 300;eor
        603;2026050708;    3;   2.2; 310;eor
        603;2026050709;    3;   2.4; 340;eor
        603;2026050710;    3;   2.9; 310;eor
        603;2026050711;    3;   2.5; 300;eor
        603;2026050712;    3;   2.4; 310;eor
        603;2026050713;    3;   2.4; 300;eor
        603;2026050714;    3;   2.2; 310;eor
        603;2026050715;    3;   1.7; 300;eor
        603;2026050716;    3;   2.3; 300;eor
        603;2026050717;    3;   1.7; 330;eor
        603;2026050718;    3;   2.1;  20;eor
        603;2026050719;    3;   1.2;  30;eor
        603;2026050720;    3;   0.6; 110;eor
        603;2026050721;    3;   0.7;  90;eor
        603;2026050722;    3;   1.1; 120;eor
        603;2026050723;    3;   1.6; 110;eor
        603;2026050800;    3;   1.5; 140;eor
        603;2026050801;    3;   1.4;  50;eor
        603;2026050802;    3;   0.9;  50;eor
        603;2026050803;    3;   1.3;  60;eor
        603;2026050804;    3;   1.7;  60;eor
        603;2026050805;    3;   1.8;  60;eor
        603;2026050806;    3;   1.8;  90;eor
        603;2026050807;    3;   1.9; 100;eor
        603;2026050808;    3;   2.2; 110;eor
        603;2026050809;    3;   1.8; 100;eor
        603;2026050810;    3;   1.6;  90;eor
        603;2026050811;    3;   2.3;  70;eor
        603;2026050812;    3;   1.5; 110;eor
        603;2026050813;    3;   1.8; 160;eor
        603;2026050814;    3;   2.0; 160;eor
        603;2026050815;    3;   2.3; 100;eor
        603;2026050816;    3;   2.0; 100;eor
        603;2026050817;    3;   1.4;  90;eor
        603;2026050818;    3;   1.3;  20;eor
        603;2026050819;    3;   0.8; 360;eor
        603;2026050820;    3;   0.9;  20;eor
        603;2026050821;    3;   0.7;  70;eor
        603;2026050822;    3;   1.0; 120;eor
        603;2026050823;    3;   1.7;  90;eor
        603;2026050900;    3;   1.6; 100;eor
        603;2026050901;    3;   1.1;  50;eor
        603;2026050902;    3;   0.9; 110;eor
        603;2026050903;    3;   1.1; 120;eor
        603;2026050904;    3;   0.9; 100;eor
        603;2026050905;    3;   0.7; 110;eor
        603;2026050906;    3;   0.6;  70;eor
        603;2026050907;    3;   0.9;  50;eor
        603;2026050908;    3;   1.0;  90;eor
        603;2026050909;    3;   1.0; 160;eor
        603;2026050910;    3;   1.5; 240;eor
        603;2026050911;    3;   1.8; 120;eor
        603;2026050912;    3;   2.1; 100;eor
        603;2026050913;    3;   2.0;  60;eor
        603;2026050914;    3;   1.6;  60;eor
        603;2026050915;    3;   1.6;  40;eor
        603;2026050916;    3;   2.1;  60;eor
        603;2026050917;    3;   2.3;  80;eor
        603;2026050918;    3;   2.1;  70;eor
        603;2026050919;    3;   1.1;  50;eor
        603;2026050920;    3;   0.5;  70;eor
        603;2026050921;    3;   1.1; 280;eor
        603;2026050922;    3;   1.5; 250;eor
        603;2026050923;    3;   1.0; 260;eor
        603;2026051000;    3;   0.7; 210;eor
        603;2026051001;    3;   0.7; 190;eor
        603;2026051002;    3;   0.5; 360;eor
        603;2026051003;    3;   0.6; 150;eor
        603;2026051004;    3;   1.1; 130;eor
        603;2026051005;    3;   1.0; 260;eor
        603;2026051006;    3;   0.4; 160;eor
        603;2026051007;    3;   0.7;  40;eor
        603;2026051008;    3;   1.2; 290;eor
        603;2026051009;    3;   1.9; 310;eor
        603;2026051010;    3;   1.8; 340;eor
        603;2026051011;    3;   2.1; 310;eor
        603;2026051012;    3;   2.4; 310;eor
        603;2026051013;    3;   2.8; 360;eor
        603;2026051014;    3;   2.8; 350;eor
        603;2026051015;    3;   2.4; 360;eor
        603;2026051016;    3;   2.6;  10;eor
        603;2026051017;    3;   3.4;  10;eor
        603;2026051018;    3;   3.4; 360;eor
        603;2026051019;    3;   3.8; 360;eor
        603;2026051020;    3;   3.8;  10;eor
        603;2026051021;    3;   3.0;  10;eor
        603;2026051022;    3;   2.0; 310;eor
        603;2026051023;    3;   2.6; 290;eor
        603;2026051100;    3;   2.2; 280;eor
        603;2026051101;    3;   3.1; 280;eor
        603;2026051102;    3;   3.0; 310;eor
        603;2026051103;    3;   2.4; 330;eor
        603;2026051104;    3;   2.5; 280;eor
        603;2026051105;    3;   2.9; 300;eor
        603;2026051106;    3;   2.7; 310;eor
        603;2026051107;    3;   2.8; 310;eor
        603;2026051108;    3;   3.3; 310;eor
        603;2026051109;    3;   3.1; 320;eor
        603;2026051110;    3;   3.3; 300;eor
        603;2026051111;    3;   3.5; 300;eor
        603;2026051112;    3;   2.9; 300;eor
        603;2026051113;    3;   3.2; 290;eor
        603;2026051114;    3;   3.5; 290;eor
        603;2026051115;    3;   3.3; 280;eor
        603;2026051116;    3;   3.5; 290;eor
        603;2026051117;    3;   2.6; 310;eor
        603;2026051118;    3;   2.5; 300;eor
        603;2026051119;    3;   2.1; 320;eor
        603;2026051120;    3;   1.6; 300;eor
        603;2026051121;    3;   2.7; 290;eor
        603;2026051122;    3;   3.0; 270;eor
        603;2026051123;    3;   3.9; 270;eor
        603;2026051200;    3;   4.4; 270;eor
        603;2026051201;    3;   4.8; 260;eor
        603;2026051202;    3;   5.2; 260;eor
        603;2026051203;    3;   5.4; 260;eor
        603;2026051204;    3;   5.7; 260;eor
        603;2026051205;    3;   5.3; 270;eor
        603;2026051206;    3;   5.1; 270;eor
        603;2026051207;    3;   5.5; 280;eor
        603;2026051208;    3;   5.5; 280;eor
        603;2026051209;    3;   5.0; 290;eor
        603;2026051210;    3;   5.4; 280;eor
        603;2026051211;    3;   4.9; 280;eor
        603;2026051212;    3;   5.0; 280;eor
        603;2026051213;    3;   4.9; 280;eor
        603;2026051214;    3;   5.9; 260;eor
        603;2026051215;    3;   5.5; 270;eor
        603;2026051216;    3;   5.0; 280;eor
        603;2026051217;    3;   3.8; 270;eor
        603;2026051218;    3;   2.8; 260;eor
        603;2026051219;    3;   2.7; 240;eor
        603;2026051220;    3;   3.0; 210;eor
        603;2026051221;    3;   4.2; 230;eor
        603;2026051222;    3;   3.9; 210;eor
        603;2026051223;    3;   4.4; 200;eor
        603;2026051300;    3;   4.3; 200;eor
        603;2026051301;    3;   4.2; 210;eor
        603;2026051302;    3;   3.5; 220;eor
        603;2026051303;    3;   5.7; 240;eor
        603;2026051304;    3;   4.4; 230;eor
        603;2026051305;    3;   5.1; 230;eor
        603;2026051306;    3;   4.4; 230;eor
        603;2026051307;    3;   5.2; 250;eor
        603;2026051308;    3;   5.2; 240;eor
        603;2026051309;    3;   5.5; 240;eor
        603;2026051310;    3;   5.4; 240;eor
        603;2026051311;    3;   4.1; 250;eor
        603;2026051312;    3;   4.2; 200;eor
        603;2026051313;    3;   6.5; 220;eor
        603;2026051314;    3;   6.8; 240;eor
        603;2026051315;    3;   5.9; 250;eor
        603;2026051316;    3;   4.4; 240;eor
        603;2026051317;    3;   3.0; 270;eor
        603;2026051318;    3;   1.6; 230;eor
        603;2026051319;    3;   3.4; 200;eor
        603;2026051320;    3;   5.2; 240;eor
        603;2026051321;    3;   5.2; 210;eor
        603;2026051322;    3;   5.2; 200;eor
        603;2026051323;    3;   4.4; 200;eor
        603;2026051400;    3;   3.6; 210;eor
        603;2026051401;    3;   3.8; 200;eor
        603;2026051402;    3;   4.5; 210;eor
        603;2026051403;    3;   4.5; 210;eor
        603;2026051404;    3;   4.3; 210;eor
        603;2026051405;    3;   4.0; 220;eor
        603;2026051406;    3;   3.1; 220;eor
        603;2026051407;    3;   3.9; 220;eor
        603;2026051408;    3;   5.0; 230;eor
        603;2026051409;    3;   5.3; 240;eor
        603;2026051410;    3;   4.1; 210;eor
        603;2026051411;    3;   5.1; 230;eor
        603;2026051412;    3;   5.7; 240;eor
        603;2026051413;    3;   4.0; 280;eor
        603;2026051414;    3;   3.3; 270;eor
        603;2026051415;    3;   2.5; 300;eor
        603;2026051416;    3;   3.2; 300;eor
        603;2026051417;    3;   2.8; 300;eor
        603;2026051418;    3;   3.1; 320;eor
        603;2026051419;    3;   1.6; 310;eor
        603;2026051420;    3;   1.1; 290;eor
        603;2026051421;    3;   1.6; 280;eor
        603;2026051422;    3;   2.1; 260;eor
        603;2026051423;    3;   2.9; 230;eor
        603;2026051500;    3;   2.1; 270;eor
        603;2026051501;    3;   1.7; 290;eor
        603;2026051502;    3;   1.7; 290;eor
        603;2026051503;    3;   2.0; 290;eor
        603;2026051504;    3;   1.2; 280;eor
        603;2026051505;    3;   0.9; 320;eor
        603;2026051506;    3;   1.5; 300;eor
        603;2026051507;    3;   1.9; 320;eor
        603;2026051508;    3;   2.2; 330;eor
        603;2026051509;    3;   2.7; 300;eor
        603;2026051510;    3;   2.7; 290;eor
        603;2026051511;    3;   3.0; 320;eor
        603;2026051512;    3;   2.9; 290;eor
        603;2026051513;    3;   3.5; 300;eor
        603;2026051514;    3;   4.2; 300;eor
        603;2026051515;    3;   4.2; 300;eor
        603;2026051516;    3;   4.6; 290;eor
        603;2026051517;    3;   3.7; 290;eor
        603;2026051518;    3;   3.2; 300;eor
        603;2026051519;    3;   3.2; 290;eor
        603;2026051520;    3;   2.6; 270;eor
        603;2026051521;    3;   3.0; 260;eor
        603;2026051522;    3;   2.9; 260;eor
        603;2026051523;    3;   2.3; 280;eor
        603;2026051600;    3;   2.2; 280;eor
        603;2026051601;    3;   1.8; 280;eor
        603;2026051602;    3;   1.7; 270;eor
        603;2026051603;    3;   2.0; 260;eor
        603;2026051604;    3;   2.2; 270;eor
        603;2026051605;    3;   2.9; 260;eor
        603;2026051606;    3;   2.8; 260;eor
        603;2026051607;    3;   3.0; 270;eor
        603;2026051608;    3;   3.5; 290;eor
        603;2026051609;    3;   4.3; 260;eor
        603;2026051610;    3;   3.2; 280;eor
        603;2026051611;    3;   3.2; 280;eor
        603;2026051612;    3;   3.5; 260;eor
        603;2026051613;    3;   3.0; 270;eor
        603;2026051614;    3;   2.6; 300;eor
        603;2026051615;    3;   3.3; 270;eor
        603;2026051616;    3;   1.8; 280;eor
        603;2026051617;    3;   2.2; 210;eor
        603;2026051618;    3;   2.8; 210;eor
        603;2026051619;    3;   4.0; 240;eor
        603;2026051620;    3;   3.1; 260;eor
        603;2026051621;    3;   2.2; 220;eor
        603;2026051622;    3;   2.8; 220;eor
        603;2026051623;    3;   4.2; 210;eor
        603;2026051700;    3;   4.1; 210;eor
        603;2026051701;    3;   3.6; 200;eor
        603;2026051702;    3;   4.1; 200;eor
        603;2026051703;    3;   5.1; 200;eor
        603;2026051704;    3;   4.5; 200;eor
        603;2026051705;    3;   4.7; 190;eor
        603;2026051706;    3;   4.5; 200;eor
        603;2026051707;    3;   3.6; 200;eor
        603;2026051708;    3;   3.6; 190;eor
        603;2026051709;    3;   4.9; 200;eor
        603;2026051710;    3;   3.1; 170;eor
        603;2026051711;    3;   4.2; 170;eor
        603;2026051712;    3;   4.4; 160;eor
        603;2026051713;    3;   3.7; 170;eor
        603;2026051714;    3;   2.5; 180;eor
        603;2026051715;    3;   1.7; 140;eor
        603;2026051716;    3;   2.1; 150;eor
        603;2026051717;    3;   2.2; 140;eor
        603;2026051718;    3;   1.7; 150;eor
        603;2026051719;    3;   2.1; 140;eor
        603;2026051720;    3;   1.8; 160;eor
        603;2026051721;    3;   1.0; 100;eor
        603;2026051722;    3;   1.3; 120;eor
        603;2026051723;    3;   0.9; 150;eor
        603;2026051800;    3;   2.2; 150;eor
        603;2026051801;    3;   2.7; 180;eor
        603;2026051802;    3;   3.0; 220;eor
        603;2026051803;    3;   1.5; 200;eor
        603;2026051804;    3;   1.3; 230;eor
        603;2026051805;    3;   0.6; 200;eor
        603;2026051806;    3;   1.0; 140;eor
        603;2026051807;    3;   1.3; 180;eor
        603;2026051808;    3;   2.6; 250;eor
        603;2026051809;    3;   3.2; 280;eor
        603;2026051810;    3;   2.3; 290;eor
        603;2026051811;    3;   2.0; 280;eor
        603;2026051812;    3;   1.7; 240;eor
        603;2026051813;    3;   2.3; 210;eor
        603;2026051814;    3;   1.6; 260;eor
        603;2026051815;    3;   1.3;  80;eor
        603;2026051816;    3;   1.0; 160;eor
        603;2026051817;    3;   3.8; 180;eor
        603;2026051818;    3;   2.6; 120;eor
        603;2026051819;    3;   1.6; 140;eor
        603;2026051820;    3;   1.0; 320;eor
        603;2026051821;    3;   2.4; 290;eor
        603;2026051822;    3;   1.1; 200;eor
        603;2026051823;    3;   1.0; 190;eor
        603;2026051900;    3;   1.0; 190;eor
        603;2026051901;    3;   1.1; 150;eor
        603;2026051902;    3;   0.6;  90;eor
        603;2026051903;    3;   0.6; 130;eor
        603;2026051904;    3;   0.6; 230;eor
        603;2026051905;    3;   0.6;  70;eor
        603;2026051906;    3;   0.6;  40;eor
        603;2026051907;    3;   0.7; 110;eor
        603;2026051908;    3;   1.5; 160;eor
        603;2026051909;    3;   2.3; 210;eor
        603;2026051910;    3;   3.3; 180;eor
        603;2026051911;    3;   3.6; 190;eor
        603;2026051912;    3;   2.0; 190;eor
        603;2026051913;    3;   1.6; 150;eor
        603;2026051914;    3;   2.5; 150;eor
        603;2026051915;    3;   3.4; 170;eor
        603;2026051916;    3;   3.0; 160;eor
        603;2026051917;    3;   2.8; 180;eor
        603;2026051918;    3;   3.8; 200;eor
        603;2026051919;    3;   2.7; 170;eor
        603;2026051920;    3;   1.6; 150;eor
        603;2026051921;    3;   1.2;  90;eor
        603;2026051922;    3;   2.3; 160;eor
        603;2026051923;    3;   3.7; 190;eor
        603;2026052000;    3;   4.3; 180;eor
        603;2026052001;    3;   4.0; 190;eor
        603;2026052002;    3;   3.3; 180;eor
        603;2026052003;    3;   3.2; 190;eor
        603;2026052004;    3;   4.4; 190;eor
        603;2026052005;    3;   3.7; 190;eor
        603;2026052006;    3;   4.1; 190;eor
        603;2026052007;    3;   3.7; 220;eor
        603;2026052008;    3;   1.5; 320;eor
        603;2026052009;    3;   1.0;  80;eor
        603;2026052010;    3;   2.2; 220;eor
        603;2026052011;    3;   4.8; 250;eor
        603;2026052012;    3;   3.0; 270;eor
        603;2026052013;    3;   3.9; 260;eor
        603;2026052014;    3;   4.6; 240;eor
        603;2026052015;    3;   4.0; 270;eor
        603;2026052016;    3;   5.3; 250;eor
        603;2026052017;    3;   3.7; 270;eor
        603;2026052018;    3;   3.8; 260;eor
        603;2026052019;    3;   3.8; 270;eor
        603;2026052020;    3;   3.6; 270;eor
        603;2026052021;    3;   2.9; 260;eor
        603;2026052022;    3;   2.7; 230;eor
        603;2026052023;    3;   2.5; 230;eor
        603;2026052100;    3;   2.8; 240;eor
        603;2026052101;    3;   2.3; 230;eor
        603;2026052102;    3;   1.8; 230;eor
        603;2026052103;    3;   1.9; 200;eor
        603;2026052104;    3;   2.3; 210;eor
        603;2026052105;    3;   2.7; 230;eor
        603;2026052106;    3;   2.8; 230;eor
        603;2026052107;    3;   2.7; 230;eor
        603;2026052108;    3;   2.3; 240;eor
        603;2026052109;    3;   2.0; 250;eor
        603;2026052110;    3;   1.7; 220;eor
        603;2026052111;    3;   1.9; 240;eor
        603;2026052112;    3;   2.7; 280;eor
        603;2026052113;    3;   3.2; 310;eor
        603;2026052114;    3;   3.5; 310;eor
        603;2026052115;    3;   3.1; 310;eor
        603;2026052116;    3;   2.3; 330;eor
        603;2026052117;    3;   2.3; 330;eor
        603;2026052118;    3;   1.8; 360;eor
        603;2026052119;    3;   1.1; 340;eor
        603;2026052120;    3;   1.1; 300;eor
        603;2026052121;    3;   0.8; 160;eor
        603;2026052122;    3;   0.4;   0;eor
        603;2026052123;    3;   0.6; 250;eor
        603;2026052200;    3;   0.4;  20;eor
        603;2026052201;    3;   0.7; 340;eor
        603;2026052202;    3;   0.3;  40;eor
        603;2026052203;    3;   0.6;  40;eor
        603;2026052204;    3;   0.6;  30;eor
        603;2026052205;    3;   0.6;  10;eor
        603;2026052206;    3;   0.6;  40;eor
        603;2026052207;    3;   0.8;  50;eor
        603;2026052208;    3;   0.7;  20;eor
        603;2026052209;    3;   0.9;  20;eor
        603;2026052210;    3;   1.2; 230;eor
        603;2026052211;    3;   1.6; 120;eor
        603;2026052212;    3;   2.3; 130;eor
        603;2026052213;    3;   3.0; 180;eor
        603;2026052214;    3;   2.6; 160;eor
        603;2026052215;    3;   1.6; 150;eor
        603;2026052216;    3;   1.6;  90;eor
        603;2026052217;    3;   1.8;  70;eor
        603;2026052218;    3;   2.2;  80;eor
        603;2026052219;    3;   1.6; 110;eor
        603;2026052220;    3;   1.4; 140;eor
        603;2026052221;    3;   1.5; 140;eor
        603;2026052222;    3;   0.9; 170;eor
        603;2026052223;    3;   0.6;  10;eor
        603;2026052300;    3;   0.9;  10;eor
        603;2026052301;    3;   0.5;  10;eor
        603;2026052302;    3;   0.5;  10;eor
        603;2026052303;    3;   0.7; 290;eor
        603;2026052304;    3;   0.7; 310;eor
        603;2026052305;    3;   0.4; 330;eor
        603;2026052306;    3;   1.9; 250;eor
        603;2026052307;    3;   1.7; 150;eor
        603;2026052308;    3;   1.7; 140;eor
        603;2026052309;    3;   2.3; 220;eor
        603;2026052310;    3;   1.8; 230;eor
        603;2026052311;    3;   1.6; 250;eor
        603;2026052312;    3;   1.8; 290;eor
        603;2026052313;    3;   1.4; 170;eor
        603;2026052314;    3;   1.5;  60;eor
        603;2026052315;    3;   1.9;  30;eor
        603;2026052316;    3;   1.5; 340;eor
        603;2026052317;    3;   1.1; 280;eor
        603;2026052318;    3;   0.8; 320;eor
        603;2026052319;    3;   0.9; 350;eor
        603;2026052320;    3;   0.5; 190;eor
        603;2026052321;    3;   0.8; 190;eor
        603;2026052322;    3;   1.2; 200;eor
        603;2026052323;    3;   1.5; 230;eor
        603;2026052400;    3;   1.0; 260;eor
        603;2026052401;    3;   0.3;   0;eor
        603;2026052402;    3;   0.6; 290;eor
        603;2026052403;    3;   1.4; 240;eor
        603;2026052404;    3;   3.2; 230;eor
        603;2026052405;    3;   2.8; 240;eor
        603;2026052406;    3;   2.0; 250;eor
        603;2026052407;    3;   1.6; 270;eor
        603;2026052408;    3;   1.6; 290;eor
        603;2026052409;    3;   1.5; 300;eor
        603;2026052410;    3;   1.9; 320;eor
        603;2026052411;    3;   2.4; 320;eor
        603;2026052412;    3;   2.7; 300;eor
        603;2026052413;    3;   2.6; 310;eor
        603;2026052414;    3;   3.0; 310;eor
        603;2026052415;    3;   3.1; 310;eor
        603;2026052416;    3;   2.9; 300;eor
        603;2026052417;    3;   2.4; 300;eor
        603;2026052418;    3;   2.1; 350;eor
        603;2026052419;    3;   1.4; 330;eor
        603;2026052420;    3;   2.0; 360;eor
        603;2026052421;    3;   1.0;  50;eor
        603;2026052422;    3;   1.4; 100;eor
        603;2026052423;    3;   0.8; 100;eor
        603;2026052500;    3;   0.6; 140;eor
        603;2026052501;    3;   0.7; 290;eor
        603;2026052502;    3;   0.3;  60;eor
        603;2026052503;    3;   0.5;  30;eor
        603;2026052504;    3;   0.6;  60;eor
        603;2026052505;    3;   0.8;  40;eor
        603;2026052506;    3;   1.2;  70;eor
        603;2026052507;    3;   1.2;  50;eor
        603;2026052508;    3;   1.3;  40;eor
        603;2026052509;    3;   1.2; 100;eor
        603;2026052510;    3;   1.2;  80;eor
        603;2026052511;    3;   1.8;  60;eor
        603;2026052512;    3;   1.4;  20;eor
        603;2026052513;    3;   1.6;  60;eor
        603;2026052514;    3;   1.6;  40;eor
        603;2026052515;    3;   1.8;  30;eor
        603;2026052516;    3;   1.4;  30;eor
        603;2026052517;    3;   1.2; 360;eor
        603;2026052518;    3;   1.0; 340;eor
        603;2026052519;    3;   2.2; 350;eor
        603;2026052520;    3;   1.9;  10;eor
        603;2026052521;    3;   1.3;  30;eor
        603;2026052522;    3;   0.6;  90;eor
        603;2026052523;    3;   0.9; 110;eor
        603;2026052600;    3;   0.5; 110;eor
        603;2026052601;    3;   0.9; 250;eor
        603;2026052602;    3;   0.4; 340;eor
        603;2026052603;    3;   0.4; 230;eor
        603;2026052604;    3;   0.5; 340;eor
        603;2026052605;    3;   0.6; 340;eor
        603;2026052606;    3;   0.7;  40;eor
        603;2026052607;    3;   1.0;  50;eor
        603;2026052608;    3;   1.2;  50;eor
        603;2026052609;    3;   1.5;  50;eor
        603;2026052610;    3;   2.0;  50;eor
        603;2026052611;    3;   1.6;  60;eor
        603;2026052612;    3;   1.9;  30;eor
        603;2026052613;    3;   1.9;  70;eor
        603;2026052614;    3;   2.1;  70;eor
        603;2026052615;    3;   1.4;  70;eor
        603;2026052616;    3;   1.4;  60;eor
        603;2026052617;    3;   1.1;  40;eor
        603;2026052618;    3;   1.2;  60;eor
        603;2026052619;    3;   0.7;  30;eor
        603;2026052620;    3;   0.5; 240;eor
        603;2026052621;    3;   0.9; 280;eor
        603;2026052622;    3;   0.8; 210;eor
        603;2026052623;    3;   1.6; 250;eor
        603;2026052700;    3;   1.5; 240;eor
        603;2026052701;    3;   0.9; 240;eor
        603;2026052702;    3;   0.9; 260;eor
        603;2026052703;    3;   1.9; 250;eor
        603;2026052704;    3;   1.3; 260;eor
        603;2026052705;    3;   1.5; 230;eor
        603;2026052706;    3;   1.4; 280;eor
        603;2026052707;    3;   1.6; 300;eor
        603;2026052708;    3;   1.5; 300;eor
        603;2026052709;    3;   1.8; 340;eor
        603;2026052710;    3;   2.1;  10;eor
        603;2026052711;    3;   3.6;  10;eor
        603;2026052712;    3;   3.6;  20;eor
        603;2026052713;    3;   4.4;  10;eor
        603;2026052714;    3;   4.0; 360;eor
        603;2026052715;    3;   4.2;  10;eor
        603;2026052716;    3;   3.7;  20;eor
        603;2026052717;    3;   3.6;  20;eor
        603;2026052718;    3;   3.5;  10;eor
        603;2026052719;    3;   3.3;  10;eor
        603;2026052720;    3;   3.2;  10;eor
        603;2026052721;    3;   1.8;  20;eor
        603;2026052722;    3;   1.4;  40;eor
        603;2026052723;    3;   0.8; 120;eor
        603;2026052800;    3;   0.3;  50;eor
        603;2026052801;    3;   0.4; 200;eor
        603;2026052802;    3;   0.3; 290;eor
        603;2026052803;    3;   0.5; 350;eor
        603;2026052804;    3;   0.7;  70;eor
        603;2026052805;    3;   0.6;  60;eor
        603;2026052806;    3;   0.8;  50;eor
        603;2026052807;    3;   0.9;  40;eor
        603;2026052808;    3;   1.2; 200;eor
        603;2026052809;    3;   1.2;  70;eor
        603;2026052810;    3;   2.0;  60;eor
        603;2026052811;    3;   2.1;  50;eor
        603;2026052812;    3;   1.9;  30;eor
        603;2026052813;    3;   1.7;  40;eor
        603;2026052814;    3;   1.7;  90;eor
        603;2026052815;    3;   1.4; 100;eor
        603;2026052816;    3;   1.1;  80;eor
        603;2026052817;    3;   1.4;  60;eor
        603;2026052818;    3;   1.6;  40;eor
        603;2026052819;    3;   1.4;  80;eor
        603;2026052820;    3;   0.8; 140;eor
        603;2026052821;    3;   1.0; 220;eor
        603;2026052822;    3;   0.8; 330;eor
        603;2026052823;    3;   0.5;  70;eor
        603;2026052900;    3;   0.6;  60;eor
        603;2026052901;    3;   0.9; 140;eor
        603;2026052902;    3;   0.7; 130;eor
        603;2026052903;    3;   0.5; 290;eor
        603;2026052904;    3;   0.5; 120;eor
        603;2026052905;    3;   0.7;  90;eor
        603;2026052906;    3;   0.5;  80;eor
        603;2026052907;    3;   0.8; 130;eor
        603;2026052908;    3;   1.5; 210;eor
        603;2026052909;    3;   2.6; 170;eor
        603;2026052910;    3;   2.3; 210;eor
        603;2026052911;    3;   1.1; 200;eor
        603;2026052912;    3;   1.2; 130;eor
        603;2026052913;    3;   2.0; 160;eor
        603;2026052914;    3;   1.8; 160;eor
        603;2026052915;    3;   2.4; 140;eor
        603;2026052916;    3;   2.5; 140;eor
        603;2026052917;    3;   2.4; 160;eor
        603;2026052918;    3;   2.8; 190;eor
        603;2026052919;    3;   2.7; 190;eor
        603;2026052920;    3;   4.3;  80;eor
        603;2026052921;    3;   3.9; 110;eor
        603;2026052922;    3;   3.7; 130;eor
        603;2026052923;    3;   2.9; 180;eor
        603;2026053000;    3;   1.9; 170;eor
        603;2026053001;    3;   1.5; 320;eor
        603;2026053002;    3;   1.5; 200;eor
        603;2026053003;    3;   1.6;  40;eor
        603;2026053004;    3;   1.7; 240;eor
        603;2026053005;    3;   0.7; 250;eor
        603;2026053006;    3;   2.1; 250;eor
        603;2026053007;    3;   2.3; 280;eor
        603;2026053008;    3;   1.5; 260;eor
        603;2026053009;    3;   1.9; 270;eor
        603;2026053010;    3;   3.4; 240;eor
        603;2026053011;    3;   2.5; 230;eor
        603;2026053012;    3;   2.3; 240;eor
        603;2026053013;    3;   4.5; 260;eor
        603;2026053014;    3;   2.7; 290;eor
        603;2026053015;    3;   1.8; 310;eor
        603;2026053016;    3;   2.2; 310;eor
        603;2026053017;    3;   2.0; 290;eor
        603;2026053018;    3;   1.1; 320;eor
        603;2026053019;    3;   0.8; 320;eor
        603;2026053020;    3;   1.2; 220;eor
        603;2026053021;    3;   1.4; 190;eor
        603;2026053022;    3;   3.3; 220;eor
        603;2026053023;    3;   2.1; 210;eor
        603;2026053100;    3;   3.2; 220;eor
        603;2026053101;    3;   2.5; 230;eor
        603;2026053102;    3;   1.6;  70;eor
        603;2026053103;    3;   1.7; 160;eor
        603;2026053104;    3;   1.3; 160;eor
        603;2026053105;    3;   2.2; 350;eor
        603;2026053106;    3;   3.2; 230;eor
        603;2026053107;    3;   3.6; 120;eor
        603;2026053108;    3;   3.0; 120;eor
        603;2026053109;    3;   3.5; 230;eor
        603;2026053110;    3;   3.0; 200;eor
        603;2026053111;    3;   4.0; 200;eor
        603;2026053112;    3;   4.8; 250;eor
        603;2026053113;    3;   5.3; 270;eor
        603;2026053114;    3;   5.1; 270;eor
        603;2026053115;    3;   6.2; 280;eor
        603;2026053116;    3;   6.7; 270;eor
        603;2026053117;    3;   5.8; 280;eor
        603;2026053118;    3;   5.4; 270;eor
        603;2026053119;    3;   4.0; 270;eor
        603;2026053120;    3;   3.4; 280;eor
        603;2026053121;    3;   2.5; 290;eor
        603;2026053122;    3;   1.7; 290;eor
        603;2026053123;    3;   1.6; 270;eor
        603;2026060100;    3;   1.7; 270;eor
        603;2026060101;    3;   3.2; 250;eor
        603;2026060102;    3;   3.0; 260;eor
        603;2026060103;    3;   2.7; 260;eor
        603;2026060104;    3;   2.5; 250;eor
        603;2026060105;    3;   1.4; 270;eor
        603;2026060106;    3;   1.6; 290;eor
        603;2026060107;    3;   1.6; 270;eor
        603;2026060108;    3;   1.3; 230;eor
        603;2026060109;    3;   1.4; 190;eor
        603;2026060110;    3;   1.3; 210;eor
        603;2026060111;    3;   1.1; 170;eor
        603;2026060112;    3;   1.4; 110;eor
        603;2026060113;    3;   1.1; 140;eor
        603;2026060114;    3;   1.7; 150;eor
        603;2026060115;    3;   1.0; 130;eor
        603;2026060116;    3;   1.2; 170;eor
        603;2026060117;    3;   0.7;  90;eor
        603;2026060118;    3;   0.7;  30;eor
        603;2026060119;    3;   0.9;  50;eor
        603;2026060120;    3;   0.7; 130;eor
        603;2026060121;    3;   1.0; 150;eor
        603;2026060122;    3;   0.8; 140;eor
        603;2026060123;    3;   0.9; 170;eor
        603;2026060200;    3;   3.0; 190;eor
        603;2026060201;    3;   2.0; 170;eor
        603;2026060202;    3;   0.6; 190;eor
        603;2026060203;    3;   0.7; 320;eor
        603;2026060204;    3;   0.4; 100;eor
        603;2026060205;    3;   0.4; 110;eor
        603;2026060206;    3;   0.8; 110;eor
        603;2026060207;    3;   2.5; 150;eor
        603;2026060208;    3;   4.4; 160;eor
        603;2026060209;    3;   4.0; 180;eor
        603;2026060210;    3;   5.1; 180;eor
        603;2026060211;    3;   5.1; 190;eor
        603;2026060212;    3;   2.9; 140;eor
        603;2026060213;    3;   4.1; 150;eor
        603;2026060214;    3;   3.8; 170;eor
        603;2026060215;    3;   4.3; 190;eor
        603;2026060216;    3;   3.8; 210;eor
        603;2026060217;    3;   2.2;  20;eor
        603;2026060218;    3;   1.2; 110;eor
        603;2026060219;    3;   2.5; 200;eor
        603;2026060220;    3;   2.6; 220;eor
        603;2026060221;    3;   3.4; 210;eor
        603;2026060222;    3;   4.3; 210;eor
        603;2026060223;    3;   5.0; 210;eor
        603;2026060300;    3;   4.4; 200;eor
        603;2026060301;    3;   3.5; 200;eor
        603;2026060302;    3;   3.9; 200;eor
        603;2026060303;    3;   3.9; 190;eor
        603;2026060304;    3;   3.7; 190;eor
        603;2026060305;    3;   4.2; 200;eor
        603;2026060306;    3;   3.9; 210;eor
        603;2026060307;    3;   3.8; 200;eor
        603;2026060308;    3;   4.0; 230;eor
        603;2026060309;    3;   4.4; 250;eor
        603;2026060310;    3;   3.4; 270;eor
        603;2026060311;    3;   1.5; 310;eor
        603;2026060312;    3;   2.9; 240;eor
        603;2026060313;    3;   4.6; 220;eor
        603;2026060314;    3;   4.6; 220;eor
        603;2026060315;    3;   6.0; 210;eor
        603;2026060316;    3;   6.2; 210;eor
        603;2026060317;    3;   6.4; 210;eor
        603;2026060318;    3;   4.6; 200;eor
        603;2026060319;    3;   3.3; 180;eor
        603;2026060320;    3;   4.1; 170;eor
        603;2026060321;    3;   4.4; 170;eor
        603;2026060322;    3;   5.3; 190;eor
        603;2026060323;    3;   5.8; 180;eor
        603;2026060400;    3;   5.5; 180;eor
        603;2026060401;    3;   4.9; 190;eor
        603;2026060402;    3;   4.4; 200;eor
        603;2026060403;    3;   2.4; 240;eor
        603;2026060404;    3;   1.9; 180;eor
        603;2026060405;    3;   1.8;  30;eor
        603;2026060406;    3;   2.8; 160;eor
        603;2026060407;    3;   2.5; 180;eor
        603;2026060408;    3;   2.6; 180;eor
        603;2026060409;    3;   4.1; 210;eor
        603;2026060410;    3;   4.3; 200;eor
        603;2026060411;    3;   5.9; 210;eor
        603;2026060412;    3;   5.1; 210;eor
        603;2026060413;    3;   5.4; 250;eor
        603;2026060414;    3;   3.2; 230;eor
        603;2026060415;    3;   7.5; 210;eor
        603;2026060416;    3;   6.0; 230;eor
        603;2026060417;    3;   2.5; 220;eor
        603;2026060418;    3;   2.9; 210;eor
        603;2026060419;    3;   3.6; 190;eor
        603;2026060420;    3;   4.9; 200;eor
        603;2026060421;    3;   4.4; 190;eor
        603;2026060422;    3;   4.1; 190;eor
        603;2026060423;    3;   4.7; 190;eor
        603;2026060500;    3;   4.3; 190;eor
        603;2026060501;    3;   4.1; 190;eor
        603;2026060502;    3;   3.3; 190;eor
        603;2026060503;    3;   3.2; 190;eor
        603;2026060504;    3;   4.2; 200;eor
        603;2026060505;    3;   3.8; 200;eor
        603;2026060506;    3;   4.2; 200;eor
        603;2026060507;    3;   4.7; 210;eor
        603;2026060508;    3;   4.6; 210;eor
        603;2026060509;    3;   4.6; 230;eor
        603;2026060510;    3;   4.8; 230;eor
        603;2026060511;    3;   3.5; 210;eor
        603;2026060512;    3;   3.3; 170;eor
        603;2026060513;    3;   4.2; 170;eor
        603;2026060514;    3;   4.4; 170;eor
        603;2026060515;    3;   3.7; 170;eor
        603;2026060516;    3;   3.6; 170;eor
        603;2026060517;    3;   2.9; 210;eor
        603;2026060518;    3;   2.8; 210;eor
        603;2026060519;    3;   2.1; 210;eor
        603;2026060520;    3;   2.2; 200;eor
        603;2026060521;    3;   0.8; 160;eor
        603;2026060522;    3;   1.2; 210;eor
        603;2026060523;    3;   1.0; 210;eor
        603;2026060600;    3;   1.3; 200;eor
        603;2026060601;    3;   0.6;  10;eor
        603;2026060602;    3;   1.1; 210;eor
        603;2026060603;    3;   0.7; 100;eor
        603;2026060604;    3;   0.7; 130;eor
        603;2026060605;    3;   0.9; 120;eor
        603;2026060606;    3;   0.8; 100;eor
        603;2026060607;    3;   0.9;  70;eor
        603;2026060608;    3;   1.6; 130;eor
        603;2026060609;    3;   2.8; 170;eor
        603;2026060610;    3;   3.7; 140;eor
        603;2026060611;    3;   5.0; 160;eor
        603;2026060612;    3;   5.3; 170;eor
        603;2026060613;    3;   4.6; 180;eor
        603;2026060614;    3;   5.3; 210;eor
        603;2026060615;    3;   3.6; 250;eor
        603;2026060616;    3;   0.6; 360;eor
        603;2026060617;    3;   1.7; 240;eor
        603;2026060618;    3;   1.0;  40;eor
        603;2026060619;    3;   2.3; 190;eor
        603;2026060620;    3;   3.4; 210;eor
        603;2026060621;    3;   4.3; 200;eor
        603;2026060622;    3;   3.9; 210;eor
        603;2026060623;    3;   1.8; 270;eor
        603;2026060700;    3;   1.5; 190;eor
        603;2026060701;    3;   2.0; 230;eor
        603;2026060702;    3;   2.2; 230;eor
        603;2026060703;    3;   2.8; 250;eor
        603;2026060704;    3;   2.9; 220;eor
        603;2026060705;    3;   2.7; 220;eor
        603;2026060706;    3;   3.3; 220;eor
        603;2026060707;    3;   5.3; 230;eor
        603;2026060708;    3;   4.6; 240;eor
        603;2026060709;    3;   4.4; 260;eor
        603;2026060710;    3;   5.7; 250;eor
        603;2026060711;    3;   4.9; 250;eor
        603;2026060712;    3;   3.9; 260;eor
        603;2026060713;    3;   3.2; 270;eor
        603;2026060714;    3;   2.8; 320;eor
        603;2026060715;    3;   2.7; 300;eor
        603;2026060716;    3;   2.9; 320;eor
        603;2026060717;    3;   2.3; 330;eor
        603;2026060718;    3;   2.1; 330;eor
        603;2026060719;    3;   1.6; 340;eor
        603;2026060720;    3;   1.3; 350;eor
        603;2026060721;    3;   0.8; 100;eor
        603;2026060722;    3;   0.8; 140;eor
        603;2026060723;    3;   0.6; 140;eor
        603;2026060800;    3;   0.6; 150;eor
        603;2026060801;    3;   0.5;  30;eor
        603;2026060802;    3;   0.7;  40;eor
        603;2026060803;    3;   0.8; 240;eor
        603;2026060804;    3;   0.5;  40;eor
        603;2026060805;    3;   0.5;  40;eor
        603;2026060806;    3;   0.5;  70;eor
        603;2026060807;    3;   1.5; 160;eor
        603;2026060808;    3;   4.1; 180;eor
        603;2026060809;    3;   3.6; 170;eor
        603;2026060810;    3;   3.2; 170;eor
        603;2026060811;    3;   3.2; 160;eor
        603;2026060812;    3;   3.0; 170;eor
        603;2026060813;    3;   3.1; 170;eor
        603;2026060814;    3;   2.8; 170;eor
        603;2026060815;    3;   4.6; 180;eor
        603;2026060816;    3;   4.3; 170;eor
        603;2026060817;    3;   4.3; 170;eor
        603;2026060818;    3;   4.7; 190;eor
        603;2026060819;    3;   4.8; 200;eor
        603;2026060820;    3;   4.3; 190;eor
        603;2026060821;    3;   5.2; 280;eor
        603;2026060822;    3;   3.1; 270;eor
        603;2026060823;    3;   1.3; 260;eor
        603;2026060900;    3;   1.0; 220;eor
        603;2026060901;    3;   2.5; 250;eor
        603;2026060902;    3;   3.0; 230;eor
        603;2026060903;    3;   3.5; 250;eor
        603;2026060904;    3;   3.8; 240;eor
        603;2026060905;    3;   3.9; 240;eor
        603;2026060906;    3;   3.8; 240;eor
        603;2026060907;    3;   5.3; 230;eor
        603;2026060908;    3;   6.0; 260;eor
        603;2026060909;    3;   6.2; 260;eor
        603;2026060910;    3;   6.2; 260;eor
        603;2026060911;    3;   6.3; 250;eor
        603;2026060912;    3;   6.2; 250;eor
        603;2026060913;    3;   6.9; 250;eor
        603;2026060914;    3;   5.4; 260;eor
        603;2026060915;    3;   3.7; 260;eor
        603;2026060916;    3;   3.0; 270;eor
        603;2026060917;    3;   3.0; 300;eor
        603;2026060918;    3;   3.5; 300;eor
        603;2026060919;    3;   1.8; 280;eor
        603;2026060920;    3;   2.9; 250;eor
        603;2026060921;    3;   3.3; 210;eor
        603;2026060922;    3;   4.5; 200;eor
        603;2026060923;    3;   4.2; 200;eor
        603;2026061000;    3;   3.7; 200;eor
        603;2026061001;    3;   3.6; 220;eor
        603;2026061002;    3;   2.9; 220;eor
        603;2026061003;    3;   3.7; 210;eor
        603;2026061004;    3;   2.7; 210;eor
        603;2026061005;    3;   3.2; 210;eor
        603;2026061006;    3;   2.9; 210;eor
        603;2026061007;    3;   2.7; 210;eor
        603;2026061008;    3;   2.8; 220;eor
        603;2026061009;    3;   3.3; 220;eor
        603;2026061010;    3;   4.0; 200;eor
        603;2026061011;    3;   4.5; 190;eor
        603;2026061012;    3;   3.6; 240;eor
        603;2026061013;    3;   4.1; 250;eor
        603;2026061014;    3;   4.1; 250;eor
        603;2026061015;    3;   2.8; 310;eor
        603;2026061016;    3;   3.1; 300;eor
        603;2026061017;    3;   2.7; 310;eor
        603;2026061018;    3;   2.8; 320;eor
        603;2026061019;    3;   1.5; 140;eor
        603;2026061020;    3;   1.8; 190;eor
        603;2026061021;    3;   3.0; 200;eor
        603;2026061022;    3;   2.1; 210;eor
        603;2026061023;    3;   3.7; 210;eor
        603;2026061100;    3;   3.0; 220;eor
        603;2026061101;    3;   2.4; 250;eor
        603;2026061102;    3;   2.1; 230;eor
        603;2026061103;    3;   2.8; 220;eor
        603;2026061104;    3;   3.4; 220;eor
        603;2026061105;    3;   3.7; 230;eor
        603;2026061106;    3;   3.7; 220;eor
        603;2026061107;    3;   3.8; 230;eor
        603;2026061108;    3;   3.8; 250;eor
        603;2026061109;    3;   4.0; 260;eor
        603;2026061110;    3;   3.9; 270;eor
        603;2026061111;    3;   4.1; 280;eor
        603;2026061112;    3;   3.5; 290;eor
        603;2026061113;    3;   4.4; 280;eor
        603;2026061114;    3;   4.8; 280;eor
        603;2026061115;    3;   5.2; 260;eor
        603;2026061116;    3;   4.8; 270;eor
        603;2026061117;    3;   3.9; 260;eor
        603;2026061118;    3;   4.2; 270;eor
        603;2026061119;    3;   3.4; 260;eor
        603;2026061120;    3;   1.6; 220;eor
        603;2026061121;    3;   2.1; 160;eor
        603;2026061122;    3;   3.1; 170;eor
        603;2026061123;    3;   4.0; 180;eor
        603;2026061200;    3;   4.0; 180;eor
        603;2026061201;    3;   4.7; 200;eor
        603;2026061202;    3;   4.8; 200;eor
        603;2026061203;    3;   3.6; 210;eor
        603;2026061204;    3;   3.7; 210;eor
        603;2026061205;    3;   3.8; 210;eor
        603;2026061206;    3;   3.9; 210;eor
        603;2026061207;    3;   4.2; 210;eor
        603;2026061208;    3;   3.5; 210;eor
        603;2026061209;    3;   3.6; 230;eor
        603;2026061210;    3;   4.5; 260;eor
        603;2026061211;    3;   4.9; 260;eor
        603;2026061212;    3;   3.6; 280;eor
        603;2026061213;    3;   4.1; 270;eor
        603;2026061214;    3;   4.2; 270;eor
        603;2026061215;    3;   5.3; 270;eor
        603;2026061216;    3;   5.2; 270;eor
        603;2026061217;    3;   5.6; 270;eor
        603;2026061218;    3;   4.1; 260;eor
        603;2026061219;    3;   5.2; 260;eor
        603;2026061220;    3;   4.4; 260;eor
        603;2026061221;    3;   3.7; 260;eor
        603;2026061222;    3;   3.6; 260;eor
        603;2026061223;    3;   4.5; 260;eor
        603;2026061300;    3;   3.9; 260;eor
        603;2026061301;    3;   3.8; 260;eor
        603;2026061302;    3;   3.9; 250;eor
        603;2026061303;    3;   3.4; 250;eor
        603;2026061304;    3;   4.1; 250;eor
        603;2026061305;    3;   3.6; 250;eor
        603;2026061306;    3;   4.4; 250;eor
        603;2026061307;    3;   4.8; 260;eor
        603;2026061308;    3;   5.9; 250;eor
        603;2026061309;    3;   6.0; 260;eor
        603;2026061310;    3;   6.7; 260;eor
        603;2026061311;    3;   6.0; 270;eor
        603;2026061312;    3;   6.0; 270;eor
        603;2026061313;    3;   6.7; 270;eor
        603;2026061314;    3;   6.1; 280;eor
        603;2026061315;    3;   5.4; 280;eor
        603;2026061316;    3;   4.9; 290;eor
        603;2026061317;    3;   4.2; 310;eor
        603;2026061318;    3;   4.0; 300;eor
        603;2026061319;    3;   2.9; 310;eor
        603;2026061320;    3;   2.7; 320;eor
        603;2026061321;    3;   2.3; 320;eor
        603;2026061322;    3;   1.8; 300;eor
        603;2026061323;    3;   2.2; 270;eor
        603;2026061400;    3;   2.0; 250;eor
        603;2026061401;    3;   3.3; 240;eor
        603;2026061402;    3;   2.5; 250;eor
        603;2026061403;    3;   2.4; 260;eor
        603;2026061404;    3;   2.6; 240;eor
        603;2026061405;    3;   2.7; 260;eor
        603;2026061406;    3;   2.4; 250;eor
        603;2026061407;    3;   2.9; 270;eor
        603;2026061408;    3;   3.6; 290;eor
        603;2026061409;    3;   3.7; 290;eor
        603;2026061410;    3;   4.6; 290;eor
        603;2026061411;    3;   3.8; 290;eor
        603;2026061412;    3;   4.4; 280;eor
        603;2026061413;    3;   5.5; 280;eor
        603;2026061414;    3;   5.3; 280;eor
        603;2026061415;    3;   4.7; 280;eor
        603;2026061416;    3;   4.4; 280;eor
        603;2026061417;    3;   4.2; 290;eor
        603;2026061418;    3;   3.9; 290;eor
        603;2026061419;    3;   3.5; 290;eor
        603;2026061420;    3;   2.1; 300;eor
        603;2026061421;    3;   1.6; 290;eor
        603;2026061422;    3;   1.8; 280;eor
        603;2026061423;    3;   1.9; 270;eor
        603;2026061500;    3;   2.7; 260;eor
        603;2026061501;    3;   2.9; 260;eor
        603;2026061502;    3;   2.7; 250;eor
        603;2026061503;    3;   2.3; 250;eor
        603;2026061504;    3;   2.5; 250;eor
        603;2026061505;    3;   2.2; 260;eor
        603;2026061506;    3;   2.1; 270;eor
        603;2026061507;    3;   3.0; 270;eor
        603;2026061508;    3;   2.9; 270;eor
        603;2026061509;    3;   3.7; 280;eor
        603;2026061510;    3;   3.7; 290;eor
        603;2026061511;    3;   3.5; 280;eor
        603;2026061512;    3;   3.0; 300;eor
        603;2026061513;    3;   3.4; 290;eor
        603;2026061514;    3;   3.0; 300;eor
        603;2026061515;    3;   2.3; 310;eor
        603;2026061516;    3;   2.0; 310;eor
        603;2026061517;    3;   1.9;  20;eor
        603;2026061518;    3;   2.0;  30;eor
        603;2026061519;    3;   1.9;  70;eor
        603;2026061520;    3;   1.5; 110;eor
        603;2026061521;    3;   0.9;  90;eor
        603;2026061522;    3;   1.0;  80;eor
        603;2026061523;    3;   1.3; 100;eor
        603;2026061600;    3;   2.1; 110;eor
        603;2026061601;    3;   1.0;  80;eor
        603;2026061602;    3;   1.7; 110;eor
        603;2026061603;    3;   1.6; 110;eor
        603;2026061604;    3;   1.0;  90;eor
        603;2026061605;    3;   1.2; 170;eor
        603;2026061606;    3;   3.3; 200;eor
        603;2026061607;    3;   3.8; 190;eor
        603;2026061608;    3;   5.2; 200;eor
        603;2026061609;    3;   4.2; 200;eor
        603;2026061610;    3;   2.8; 200;eor
        603;2026061611;    3;   2.5; 170;eor
        603;2026061612;    3;   2.7; 170;eor
        603;2026061613;    3;   2.6; 200;eor
        603;2026061614;    3;   1.4; 300;eor
        603;2026061615;    3;   2.1; 360;eor
        603;2026061616;    3;   2.3; 310;eor
        603;2026061617;    3;   3.0; 300;eor
        603;2026061618;    3;   3.9; 290;eor
        603;2026061619;    3;   2.7; 310;eor
        603;2026061620;    3;   1.6; 300;eor
        603;2026061621;    3;   1.5; 290;eor
        603;2026061622;    3;   1.6; 300;eor
        603;2026061623;    3;   1.3; 300;eor
        603;2026061700;    3;   1.4; 270;eor
        603;2026061701;    3;   2.5; 230;eor
        603;2026061702;    3;   2.0; 250;eor
        603;2026061703;    3;   1.7; 250;eor
        603;2026061704;    3;   2.3; 230;eor
        603;2026061705;    3;   1.9; 230;eor
        603;2026061706;    3;   0.9; 210;eor
        603;2026061707;    3;   1.8; 210;eor
        603;2026061708;    3;   1.7; 200;eor
        603;2026061709;    3;   1.8; 170;eor
        603;2026061710;    3;   1.6; 190;eor
        603;2026061711;    3;   2.3; 240;eor
        603;2026061712;    3;   3.3; 270;eor
        603;2026061713;    3;   3.3; 290;eor
        603;2026061714;    3;   3.3; 310;eor
        603;2026061715;    3;   2.3; 320;eor
        603;2026061716;    3;   2.6; 300;eor
        603;2026061717;    3;   2.4; 310;eor
        603;2026061718;    3;   1.6; 300;eor
        603;2026061719;    3;   0.8; 330;eor
        603;2026061720;    3;   0.4; 100;eor
        603;2026061721;    3;   0.6; 180;eor
        603;2026061722;    3;   0.4; 170;eor
        603;2026061723;    3;   0.7; 240;eor
        603;2026061800;    3;   0.5; 130;eor
        603;2026061801;    3;   0.7; 190;eor
        603;2026061802;    3;   0.7;  90;eor
        603;2026061803;    3;   0.5; 200;eor
        603;2026061804;    3;   0.9; 200;eor
        603;2026061805;    3;   1.0; 200;eor
        603;2026061806;    3;   0.7;  40;eor
        603;2026061807;    3;   1.1; 290;eor
        603;2026061808;    3;   2.3; 220;eor
        603;2026061809;    3;   2.6; 180;eor
        603;2026061810;    3;   2.6; 210;eor
        603;2026061811;    3;   1.6; 200;eor
        603;2026061812;    3;   1.6; 100;eor
        603;2026061813;    3;   1.8;  80;eor
        603;2026061814;    3;   2.5;  80;eor
        603;2026061815;    3;   2.9;  80;eor
        603;2026061816;    3;   3.1; 100;eor
        603;2026061817;    3;   2.8; 130;eor
        603;2026061818;    3;   1.8; 100;eor
        603;2026061819;    3;   1.8;  70;eor
        603;2026061820;    3;   1.3; 130;eor
        603;2026061821;    3;   1.6; 140;eor
        603;2026061822;    3;   1.9; 180;eor
        603;2026061823;    3;   1.3; 160;eor
        603;2026061900;    3;   1.3; 220;eor
        603;2026061901;    3;   3.1; 290;eor
        603;2026061902;    3;   1.1; 130;eor
        603;2026061903;    3;   1.4; 210;eor
        603;2026061904;    3;   1.5; 140;eor
        603;2026061905;    3;   2.9; 140;eor
        603;2026061906;    3;   1.8; 350;eor
        603;2026061907;    3;   0.9;  80;eor
        603;2026061908;    3;   1.6;  90;eor
        603;2026061909;    3;   2.4; 100;eor
        603;2026061910;    3;   2.1; 100;eor
        603;2026061911;    3;   1.4; 170;eor
        603;2026061912;    3;   2.0; 100;eor
        603;2026061913;    3;   2.3; 100;eor
        603;2026061914;    3;   3.2;  80;eor
        603;2026061915;    3;   3.0;  90;eor
        603;2026061916;    3;   2.9; 150;eor
        603;2026061917;    3;   2.2; 160;eor
        603;2026061918;    3;   5.4; 230;eor
        603;2026061919;    3;   3.2;  70;eor
        603;2026061920;    3;   3.5; 110;eor
        603;2026061921;    3;   3.2; 120;eor
        603;2026061922;    3;   3.8;  70;eor
        603;2026061923;    3;   3.1; 120;eor
        603;2026062000;    3;   2.4; 140;eor
        603;2026062001;    3;   2.5; 100;eor
        603;2026062002;    3;   4.1; 130;eor
        603;2026062003;    3;   6.7; 160;eor
        603;2026062004;    3;   3.8; 120;eor
        603;2026062005;    3;   2.1; 120;eor
        603;2026062006;    3;   1.6;  70;eor
        603;2026062007;    3;   2.4; 100;eor
        603;2026062008;    3;   3.8; 110;eor
        603;2026062009;    3;   2.9; 130;eor
        603;2026062010;    3;   2.8; 160;eor
        603;2026062011;    3;   2.9; 150;eor
        603;2026062012;    3;   2.1; 160;eor
        603;2026062013;    3;   1.6;  80;eor
        603;2026062014;    3;   2.4;  10;eor
        603;2026062015;    3;   3.2; 330;eor
        603;2026062016;    3;   2.9; 310;eor
        603;2026062017;    3;   2.7; 330;eor
        603;2026062018;    3;   2.5; 320;eor
        603;2026062019;    3;   1.9; 310;eor
        603;2026062020;    3;   1.4; 310;eor
        603;2026062021;    3;   1.0; 330;eor
        603;2026062022;    3;   1.1; 320;eor
        603;2026062023;    3;   1.0; 310;eor
        603;2026062100;    3;   1.6; 280;eor
        603;2026062101;    3;   4.3; 260;eor
        603;2026062102;    3;   2.3; 300;eor
        603;2026062103;    3;   4.5; 340;eor
        603;2026062104;    3;   2.8; 280;eor
        603;2026062105;    3;   1.0; 250;eor
        603;2026062106;    3;   1.6; 120;eor
        603;2026062107;    3;   1.3; 110;eor
        603;2026062108;    3;   1.5; 170;eor
        603;2026062109;    3;   1.7; 120;eor
        603;2026062110;    3;   2.1;  10;eor
        603;2026062111;    3;   1.6;  50;eor
        603;2026062112;    3;   1.4;  30;eor
        603;2026062113;    3;   2.6;  20;eor
        603;2026062114;    3;   3.5;  30;eor
        603;2026062115;    3;   2.9;  40;eor
        603;2026062116;    3;   2.6;  30;eor
        603;2026062117;    3;   2.5;  20;eor
        603;2026062118;    3;   1.7;  20;eor
        603;2026062119;    3;   1.7; 340;eor
        603;2026062120;    3;   1.5; 350;eor
        603;2026062121;    3;   1.1; 350;eor
        603;2026062122;    3;   1.5;  40;eor
        603;2026062123;    3;   1.6;  20;eor
        603;2026062200;    3;   1.0; 340;eor
        603;2026062201;    3;   0.8; 330;eor
        603;2026062202;    3;   1.3; 250;eor
        603;2026062203;    3;   2.0; 260;eor
        603;2026062204;    3;   1.2; 280;eor
        603;2026062205;    3;   1.0; 240;eor
        603;2026062206;    3;   1.9; 250;eor
        603;2026062207;    3;   1.5; 250;eor
        603;2026062208;    3;   1.3; 300;eor
        603;2026062209;    3;   1.6; 320;eor
        603;2026062210;    3;   1.6; 350;eor
        603;2026062211;    3;   1.8; 320;eor
        603;2026062212;    3;   2.0; 350;eor
        603;2026062213;    3;   2.0;  10;eor
        603;2026062214;    3;   2.2; 360;eor
        603;2026062215;    3;   2.8;  10;eor
        603;2026062216;    3;   3.2;  30;eor
        603;2026062217;    3;   3.4;  20;eor
        603;2026062218;    3;   3.0;  10;eor
        603;2026062219;    3;   3.5;  20;eor
        603;2026062220;    3;   2.7;  10;eor
        603;2026062221;    3;   1.4;  30;eor
        603;2026062222;    3;   1.4; 360;eor
        603;2026062223;    3;   1.0;  80;eor
        603;2026062300;    3;   0.8; 120;eor
        603;2026062301;    3;   0.9; 330;eor
        603;2026062302;    3;   0.5; 360;eor
        603;2026062303;    3;   0.7; 170;eor
        603;2026062304;    3;   2.4; 240;eor
        603;2026062305;    3;   1.1; 250;eor
        603;2026062306;    3;   1.6; 240;eor
        603;2026062307;    3;   1.1; 230;eor
        603;2026062308;    3;   0.9;  60;eor
        603;2026062309;    3;   1.5;  20;eor
        603;2026062310;    3;   2.7; 330;eor
        603;2026062311;    3;   2.6; 330;eor
        603;2026062312;    3;   3.0; 350;eor
        603;2026062313;    3;   2.6; 350;eor
        603;2026062314;    3;   2.6; 360;eor
        603;2026062315;    3;   2.3;  30;eor
        603;2026062316;    3;   2.0;  60;eor
        603;2026062317;    3;   1.6;  90;eor
        603;2026062318;    3;   1.4;  40;eor
        603;2026062319;    3;   1.1;  80;eor
        603;2026062320;    3;   0.5; 120;eor
        603;2026062321;    3;   0.5; 150;eor
        603;2026062322;    3;   0.5; 180;eor
        603;2026062323;    3;   0.6; 260;eor
        603;2026062400;    3;   0.8; 250;eor
        603;2026062401;    3;   0.7; 270;eor
        603;2026062402;    3;   0.7; 200;eor
        603;2026062403;    3;   0.6; 120;eor
        603;2026062404;    3;   0.5;  30;eor
        603;2026062405;    3;   0.4;  30;eor
        603;2026062406;    3;   0.6;  30;eor
        603;2026062407;    3;   0.9;  70;eor
        603;2026062408;    3;   1.3;  90;eor
        603;2026062409;    3;   1.6;  60;eor
        603;2026062410;    3;   1.6;  40;eor
        603;2026062411;    3;   1.5;  30;eor
        603;2026062412;    3;   1.9;  40;eor
        603;2026062413;    3;   1.6;  60;eor
        603;2026062414;    3;   1.3;  50;eor
        603;2026062415;    3;   2.0;  60;eor
        603;2026062416;    3;   1.9;  50;eor
        603;2026062417;    3;   1.9;  50;eor
        603;2026062418;    3;   2.2;  60;eor
        603;2026062419;    3;   1.2;  60;eor
        603;2026062420;    3;   0.6; 100;eor
        603;2026062421;    3;   0.8; 160;eor
        603;2026062422;    3;   1.0; 220;eor
        603;2026062423;    3;   0.6; 190;eor
        603;2026062500;    3;   0.4; 260;eor
        603;2026062501;    3;   0.4;  30;eor
        603;2026062502;    3;   0.5; 140;eor
        603;2026062503;    3;   0.5; 280;eor
        603;2026062504;    3;   0.6; 120;eor
        603;2026062505;    3;   0.5;  30;eor
        603;2026062506;    3;   0.9;  60;eor
        603;2026062507;    3;   1.1;  90;eor
        603;2026062508;    3;   1.1;  60;eor
        603;2026062509;    3;   1.3;  50;eor
        603;2026062510;    3;   2.5;  40;eor
        603;2026062511;    3;   2.6;  50;eor
        603;2026062512;    3;   2.5;  70;eor
        603;2026062513;    3;   2.3;  80;eor
        603;2026062514;    3;   2.4;  30;eor
        603;2026062515;    3;   2.7;  40;eor
        603;2026062516;    3;   2.3;  40;eor
        603;2026062517;    3;   2.6;  50;eor
        603;2026062518;    3;   2.1;  30;eor
        603;2026062519;    3;   2.7;  20;eor
        603;2026062520;    3;   2.5;  50;eor
        603;2026062521;    3;   2.5;  80;eor
        603;2026062522;    3;   2.8;  90;eor
        603;2026062523;    3;   2.3; 110;eor
        603;2026062600;    3;   2.4; 100;eor
        603;2026062601;    3;   1.2; 100;eor
        603;2026062602;    3;   1.0; 120;eor
        603;2026062603;    3;   2.0; 120;eor
        603;2026062604;    3;   1.8;  70;eor
        603;2026062605;    3;   1.5;  60;eor
        603;2026062606;    3;   2.0;  50;eor
        603;2026062607;    3;   2.7;  90;eor
        603;2026062608;    3;   3.7; 110;eor
        603;2026062609;    3;   3.8; 120;eor
        603;2026062610;    3;   3.8; 110;eor
        603;2026062611;    3;   4.1; 120;eor
        603;2026062612;    3;   3.6; 110;eor
        603;2026062613;    3;   4.1; 110;eor
        603;2026062614;    3;   4.1; 100;eor
        603;2026062615;    3;   4.0; 110;eor
        603;2026062616;    3;   4.6; 110;eor
        603;2026062617;    3;   3.9; 120;eor
        603;2026062618;    3;   2.6; 120;eor
        603;2026062619;    3;   2.2; 210;eor
        603;2026062620;    3;   1.4; 170;eor
        603;2026062621;    3;   2.1; 180;eor
        603;2026062622;    3;   3.6; 210;eor
        603;2026062623;    3;   2.8; 220;eor
        603;2026062700;    3;   3.4; 230;eor
        603;2026062701;    3;   3.9; 220;eor
        603;2026062702;    3;   3.1; 220;eor
        603;2026062703;    3;   2.9; 220;eor
        603;2026062704;    3;   2.7; 230;eor
        603;2026062705;    3;   2.0; 250;eor
        603;2026062706;    3;   1.6; 240;eor
        603;2026062707;    3;   1.4; 240;eor
        603;2026062708;    3;   1.2; 130;eor
        603;2026062709;    3;   1.5; 110;eor
        603;2026062710;    3;   1.7;  90;eor
        603;2026062711;    3;   1.9;  70;eor
        603;2026062712;    3;   2.7;  80;eor
        603;2026062713;    3;   2.9; 140;eor
        603;2026062714;    3;   3.0;  80;eor
        603;2026062715;    3;   4.1; 120;eor
        603;2026062716;    3;   3.1; 120;eor
        603;2026062717;    3;   2.1;  80;eor
        603;2026062718;    3;   2.7; 100;eor
        603;2026062719;    3;   1.9;  90;eor
        603;2026062720;    3;   2.4; 130;eor
        603;2026062721;    3;   1.4; 130;eor
        603;2026062722;    3;   4.1; 170;eor
        603;2026062723;    3;   4.8; 170;eor
        603;2026062800;    3;   4.0; 170;eor
        603;2026062801;    3;   4.1; 180;eor
        603;2026062802;    3;   6.9; 280;eor
        603;2026062803;    3;   2.1; 290;eor
        603;2026062804;    3;   1.5;  10;eor
        603;2026062805;    3;   1.5; 150;eor
        603;2026062806;    3;   1.3; 250;eor
        603;2026062807;    3;   1.5; 240;eor
        603;2026062808;    3;   1.9; 230;eor
        603;2026062809;    3;   2.0; 230;eor
        603;2026062810;    3;   2.4; 220;eor
        603;2026062811;    3;   2.6; 280;eor
        603;2026062812;    3;   2.3; 300;eor
        603;2026062813;    3;   1.9; 340;eor
        603;2026062814;    3;   2.1; 360;eor
        603;2026062815;    3;   2.4; 360;eor
        603;2026062816;    3;   2.6; 320;eor
        603;2026062817;    3;   2.3; 310;eor
        603;2026062818;    3;   2.2; 320;eor
        603;2026062819;    3;   2.2; 310;eor
        603;2026062820;    3;   1.5; 310;eor
        603;2026062821;    3;   1.3; 280;eor
        603;2026062822;    3;   1.7; 280;eor
        603;2026062823;    3;   2.9; 300;eor
        603;2026062900;    3;   2.0; 310;eor
        603;2026062901;    3;   2.3; 320;eor
        603;2026062902;    3;   2.0; 310;eor
        603;2026062903;    3;   1.4; 310;eor
        603;2026062904;    3;   1.5; 290;eor
        603;2026062905;    3;   1.5; 290;eor
        603;2026062906;    3;   1.8; 300;eor
        603;2026062907;    3;   2.0; 290;eor
        603;2026062908;    3;   2.5; 290;eor
        603;2026062909;    3;   2.6; 300;eor
        603;2026062910;    3;   2.4; 310;eor
        603;2026062911;    3;   2.3; 300;eor
        603;2026062912;    3;   1.8; 290;eor
        603;2026062913;    3;   2.1; 300;eor
        603;2026062914;    3;   2.4; 280;eor
        603;2026062915;    3;   2.5; 290;eor
        603;2026062916;    3;   2.7; 330;eor
        603;2026062917;    3;   2.5; 320;eor
        603;2026062918;    3;   2.1; 310;eor
        603;2026062919;    3;   1.3; 360;eor
        603;2026062920;    3;   0.9; 360;eor
        603;2026062921;    3;   0.6; 270;eor
        603;2026062922;    3;   1.0; 300;eor
        603;2026062923;    3;   1.6; 300;eor
        603;2026063000;    3;   1.6; 280;eor
        603;2026063001;    3;   2.4; 270;eor
        603;2026063002;    3;   2.9; 250;eor
        603;2026063003;    3;   2.8; 230;eor
        603;2026063004;    3;   2.7; 230;eor
        603;2026063005;    3;   2.2; 230;eor
        603;2026063006;    3;   2.0; 230;eor
        603;2026063007;    3;   0.9; 240;eor
        603;2026063008;    3;   1.3; 280;eor
        603;2026063009;    3;   1.2; 260;eor
        603;2026063010;    3;   1.4;  60;eor
        603;2026063011;    3;   1.6; 130;eor
        603;2026063012;    3;   1.8;  70;eor
        603;2026063013;    3;   1.0; 250;eor
        603;2026063014;    3;   1.4; 340;eor
        603;2026063015;    3;   2.4; 300;eor
        603;2026063016;    3;   2.4; 300;eor
        603;2026063017;    3;   3.6; 330;eor
        603;2026063018;    3;   3.8; 360;eor
        603;2026063019;    3;   3.0; 360;eor
        603;2026063020;    3;   2.4; 350;eor
        603;2026063021;    3;   2.0; 350;eor
        603;2026063022;    3;   1.9; 350;eor
        603;2026063023;    3;   1.1; 340;eor
        603;2026070100;    3;   0.9; 300;eor
        603;2026070101;    3;   1.0; 280;eor
        603;2026070102;    3;   1.3; 270;eor
        603;2026070103;    3;   1.9; 280;eor
        603;2026070104;    3;   1.5; 290;eor
        603;2026070105;    3;   1.4; 280;eor
        603;2026070106;    3;   2.2; 260;eor
        603;2026070107;    3;   2.6; 260;eor
        603;2026070108;    3;   2.9; 290;eor
        603;2026070109;    3;   3.1; 300;eor
        603;2026070110;    3;   3.5; 320;eor
        603;2026070111;    3;   3.5; 300;eor
        603;2026070112;    3;   3.3; 320;eor
        603;2026070113;    3;   3.4; 300;eor
        603;2026070114;    3;   3.6; 310;eor
        603;2026070115;    3;   4.1; 310;eor
        603;2026070116;    3;   3.6; 290;eor
        603;2026070117;    3;   3.3; 310;eor
        603;2026070118;    3;   3.0; 330;eor
        603;2026070119;    3;   2.4; 320;eor
        603;2026070120;    3;   2.1; 310;eor
        603;2026070121;    3;   1.4; 290;eor
        603;2026070122;    3;   1.7; 280;eor
        603;2026070123;    3;   2.2; 270;eor
        603;2026070200;    3;   2.3; 260;eor
        603;2026070201;    3;   3.2; 250;eor
        603;2026070202;    3;   3.2; 240;eor
        603;2026070203;    3;   3.3; 220;eor
        603;2026070204;    3;   3.0; 220;eor
        603;2026070205;    3;   2.6; 220;eor
        603;2026070206;    3;   3.3; 200;eor
        603;2026070207;    3;   4.0; 200;eor
        603;2026070208;    3;   2.8; 220;eor
        603;2026070209;    3;   4.1; 240;eor
        603;2026070210;    3;   6.7; 240;eor
        603;2026070211;    3;   6.4; 250;eor
        603;2026070212;    3;   6.1; 240;eor
        603;2026070213;    3;   5.4; 260;eor
        603;2026070214;    3;   5.1; 300;eor
        603;2026070215;    3;   2.7; 320;eor
        603;2026070216;    3;   4.0; 290;eor
        603;2026070217;    3;   5.0; 290;eor
        603;2026070218;    3;   3.7; 270;eor
        603;2026070219;    3;   2.7; 270;eor
        603;2026070220;    3;   2.5; 320;eor
        603;2026070221;    3;   2.0; 320;eor
        603;2026070222;    3;   1.8; 280;eor
        603;2026070223;    3;   2.0; 280;eor
        603;2026070300;    3;   2.2; 280;eor
        603;2026070301;    3;   2.1; 280;eor
        603;2026070302;    3;   2.1; 270;eor
        603;2026070303;    3;   2.1; 260;eor
        603;2026070304;    3;   2.2; 260;eor
        603;2026070305;    3;   2.5; 250;eor
        603;2026070306;    3;   2.5; 240;eor
        603;2026070307;    3;   1.9; 260;eor
        603;2026070308;    3;   2.4; 300;eor
        603;2026070309;    3;   2.5; 270;eor
        603;2026070310;    3;   2.8; 320;eor
        603;2026070311;    3;   3.4; 280;eor
        603;2026070312;    3;   4.0; 290;eor
        603;2026070313;    3;   3.6; 310;eor
        603;2026070314;    3;   4.0; 300;eor
        603;2026070315;    3;   3.6; 300;eor
        603;2026070316;    3;   4.2; 290;eor
        603;2026070317;    3;   3.6; 300;eor
        603;2026070318;    3;   2.9; 300;eor
        603;2026070319;    3;   2.4; 290;eor
        603;2026070320;    3;   1.4; 290;eor
        603;2026070321;    3;   2.0; 300;eor
        603;2026070322;    3;   1.9; 300;eor
        603;2026070323;    3;   1.9; 290;eor
        603;2026070400;    3;   1.9; 290;eor
        603;2026070401;    3;   1.8; 280;eor
        603;2026070402;    3;   1.9; 280;eor
        603;2026070403;    3;   1.8; 250;eor
        603;2026070404;    3;   2.5; 230;eor
        603;2026070405;    3;   2.3; 240;eor
        603;2026070406;    3;   1.9; 210;eor
        603;2026070407;    3;   2.5; 200;eor
        603;2026070408;    3;   1.9; 200;eor
        603;2026070409;    3;   2.9; 200;eor
        603;2026070410;    3;   2.6; 240;eor
        603;2026070411;    3;   4.2; 280;eor
        603;2026070412;    3;   4.6; 280;eor
        603;2026070413;    3;   4.5; 290;eor
        603;2026070414;    3;   5.0; 280;eor
        603;2026070415;    3;   5.4; 280;eor
        603;2026070416;    3;   5.6; 280;eor
        603;2026070417;    3;   5.1; 300;eor
        603;2026070418;    3;   4.5; 290;eor
        603;2026070419;    3;   3.1; 310;eor
        603;2026070420;    3;   2.9; 320;eor
        603;2026070421;    3;   1.9; 300;eor
        603;2026070422;    3;   2.3; 290;eor
        603;2026070423;    3;   2.5; 300;eor
        603;2026070500;    1;   2.0; 300;eor
        603;2026070501;    1;   1.2; 300;eor
        603;2026070502;    1;   1.9; 280;eor
        603;2026070503;    1;   2.0; 270;eor
        603;2026070504;    1;   1.9; 280;eor
        603;2026070505;    1;   1.2; 290;eor
        603;2026070506;    1;   1.7; 300;eor
        603;2026070507;    1;   2.4; 300;eor
        603;2026070508;    1;   3.0; 280;eor
        603;2026070509;    1;   2.8; 300;eor
        603;2026070510;    1;   2.6; 300;eor
        603;2026070511;    1;   2.6; 290;eor
        603;2026070512;    1;   3.7; 280;eor
        603;2026070513;    1;   5.7; 280;eor
        603;2026070514;    1;   5.1; 280;eor
        603;2026070515;    1;   4.5; 280;eor
        603;2026070516;    1;   4.9; 290;eor
        603;2026070517;    1;   3.5; 300;eor
        603;2026070518;    1;   3.9; 290;eor
        603;2026070519;    1;   2.1; 310;eor
        603;2026070520;    1;   2.6; 310;eor
        603;2026070521;    1;   1.9; 300;eor
        603;2026070522;    1;   1.9; 310;eor
        603;2026070523;    1;   1.4; 300;eor
        603;2026070600;    1;   1.3; 270;eor
        603;2026070601;    1;   1.7; 260;eor
        603;2026070602;    1;   1.6; 270;eor
        603;2026070603;    1;   2.4; 240;eor
        603;2026070604;    1;   3.0; 220;eor
        603;2026070605;    1;   2.8; 210;eor
        603;2026070606;    1;   3.1; 210;eor
        603;2026070607;    1;   3.4; 200;eor
        603;2026070608;    1;   3.8; 200;eor
        603;2026070609;    1;   4.0; 200;eor
        603;2026070610;    1;   3.6; 250;eor
        603;2026070611;    1;   6.1; 280;eor
        603;2026070612;    1;   5.5; 280;eor
        603;2026070613;    1;   6.5; 270;eor
        603;2026070614;    1;   6.6; 280;eor
        603;2026070615;    1;   5.4; 280;eor
        603;2026070616;    1;   5.2; 280;eor
        603;2026070617;    1;   4.6; 290;eor
        603;2026070618;    1;   4.2; 290;eor
        603;2026070619;    1;   3.6; 290;eor
        603;2026070620;    1;   2.7; 270;eor
        603;2026070621;    1;   2.9; 230;eor
        603;2026070622;    1;   4.0; 220;eor
        603;2026070623;    1;   4.8; 230;eor
        603;2026070700;    1;   5.0; 230;eor
        603;2026070701;    1;   5.8; 220;eor
        603;2026070702;    1;   5.4; 230;eor
        603;2026070703;    1;   4.2; 230;eor
        603;2026070704;    1;   3.7; 230;eor
        603;2026070705;    1;   2.6; 240;eor
        603;2026070706;    1;   2.1; 230;eor
        603;2026070707;    1;   1.7; 220;eor
        603;2026070708;    1;   2.7; 230;eor
        603;2026070709;    1;   4.5; 250;eor
        603;2026070710;    1;   6.2; 270;eor
        603;2026070711;    1;   6.4; 280;eor
        603;2026070712;    1;   6.9; 280;eor
        603;2026070713;    1;   7.2; 280;eor
        603;2026070714;    1;   6.7; 290;eor
        603;2026070715;    1;   5.8; 290;eor
        603;2026070716;    1;   6.2; 290;eor
        603;2026070717;    1;   6.5; 270;eor
        603;2026070718;    1;   6.0; 280;eor
        603;2026070719;    1;   4.7; 290;eor
        603;2026070720;    1;   3.4; 310;eor
        603;2026070721;    1;   3.3; 320;eor
        603;2026070722;    1;   3.1; 320;eor
        603;2026070723;    1;   2.4; 310;eor
        603;2026070800;    1;   2.3; 310;eor
        603;2026070801;    1;   2.2; 300;eor
        603;2026070802;    1;   2.6; 280;eor
        603;2026070803;    1;   2.8; 280;eor
        603;2026070804;    1;   2.7; 290;eor
        603;2026070805;    1;   2.9; 290;eor
        603;2026070806;    1;   2.3; 320;eor
        603;2026070807;    1;   2.8; 320;eor
        603;2026070808;    1;   3.3; 320;eor
        603;2026070809;    1;   2.8; 330;eor
        603;2026070810;    1;   2.6; 320;eor
        603;2026070811;    1;   2.3; 320;eor
        603;2026070812;    1;   2.0; 350;eor
        603;2026070813;    1;   2.5; 330;eor
        603;2026070814;    1;   3.0; 330;eor
        603;2026070815;    1;   3.3; 340;eor
        603;2026070816;    1;   2.9; 330;eor
        603;2026070817;    1;   2.8; 330;eor
        603;2026070818;    1;   2.8; 350;eor
        603;2026070819;    1;   2.3; 350;eor
        603;2026070820;    1;   1.3; 350;eor
        603;2026070821;    1;   1.1;  10;eor
        603;2026070822;    1;   1.1; 330;eor
        603;2026070823;    1;   0.9; 350;eor
        603;2026070900;    1;   1.3; 340;eor
        603;2026070901;    1;   1.7; 340;eor
        603;2026070902;    1;   1.5; 340;eor
        603;2026070903;    1;   0.9; 330;eor
        603;2026070904;    1;   1.0; 270;eor
        603;2026070905;    1;   1.5; 260;eor
        603;2026070906;    1;   1.5; 290;eor
        603;2026070907;    1;   1.6; 350;eor
        603;2026070908;    1;   1.7; 340;eor
        603;2026070909;    1;   2.4; 340;eor
        603;2026070910;    1;   2.9; 340;eor
        603;2026070911;    1;   2.9; 340;eor
        603;2026070912;    1;   3.0; 350;eor
        603;2026070913;    1;   3.0; 360;eor
        603;2026070914;    1;   2.4; 340;eor
        603;2026070915;    1;   3.1; 360;eor
        603;2026070916;    1;   2.7; 360;eor
        603;2026070917;    1;   2.9;  10;eor
        603;2026070918;    1;   3.8;  20;eor
        603;2026070919;    1;   3.5;  20;eor
        603;2026070920;    1;   2.7;  10;eor
        603;2026070921;    1;   1.1;  40;eor
        603;2026070922;    1;   0.8;  40;eor
        603;2026070923;    1;   0.4; 100;eor
        603;2026071000;    1;   0.5; 140;eor
        603;2026071001;    1;   0.4;  70;eor
        603;2026071002;    1;   0.6;  10;eor
        603;2026071003;    1;   0.4; 170;eor
        603;2026071004;    1;   0.8; 160;eor
        603;2026071005;    1;   0.4; 360;eor
        603;2026071006;    1;   0.3;  30;eor
        603;2026071007;    1;   0.5;  90;eor
        603;2026071008;    1;   0.9; 350;eor
        603;2026071009;    1;   1.4;  50;eor
        603;2026071010;    1;   1.9;  30;eor
        603;2026071011;    1;   2.1;  40;eor
        603;2026071012;    1;   2.5;  30;eor
        603;2026071013;    1;   2.2;  20;eor
        603;2026071014;    1;   2.6;  30;eor
        603;2026071015;    1;   3.7;  20;eor
        603;2026071016;    1;   3.6;  40;eor
        603;2026071017;    1;   3.8;  30;eor
        603;2026071018;    1;   4.0;  20;eor
        603;2026071019;    1;   3.8;  20;eor
        603;2026071020;    1;   3.3;  20;eor
        603;2026071021;    1;   2.1;  30;eor
        603;2026071022;    1;   2.1;  40;eor
        603;2026071023;    1;   0.7;  60;eor
        603;2026071100;    1;   0.5; 340;eor
        603;2026071101;    1;   0.5; 360;eor
        603;2026071102;    1;   0.5; 320;eor
        603;2026071103;    1;   0.5;  30;eor
        603;2026071104;    1;   0.4;   0;eor
        603;2026071105;    1;   0.3; 100;eor
        603;2026071106;    1;   0.9;  60;eor
        603;2026071107;    1;   1.5;  40;eor
        603;2026071108;    1;   1.9;  60;eor
        603;2026071109;    1;   1.9;  90;eor
        603;2026071110;    1;   2.6;  70;eor
        603;2026071111;    1;   2.8;  70;eor
        603;2026071112;    1;   3.1;  60;eor
        603;2026071113;    1;   3.5;  60;eor
        603;2026071114;    1;   3.2;  40;eor
        603;2026071115;    1;   2.7;  40;eor
        603;2026071116;    1;   2.7;  50;eor
        603;2026071117;    1;   3.4;  20;eor
        603;2026071118;    1;   2.4;  30;eor
        603;2026071119;    1;   3.2;  40;eor
        603;2026071120;    1;   3.6;  60;eor
        603;2026071121;    1;   3.6;  60;eor
        603;2026071122;    1;   2.7;  80;eor
        603;2026071123;    1;   2.4;  80;eor
        603;2026071200;    1;   2.9;  80;eor
        603;2026071201;    1;   0.7;  90;eor
        603;2026071202;    1;   0.6; 130;eor
        603;2026071203;    1;   0.4;  80;eor
        603;2026071204;    1;   0.4;  40;eor
        603;2026071205;    1;   0.7;  60;eor
        603;2026071206;    1;   1.1;  40;eor
        603;2026071207;    1;   1.7;  50;eor
        603;2026071208;    1;   1.7;  40;eor
        603;2026071209;    1;   2.2;  50;eor
        603;2026071210;    1;   3.1;  50;eor
        603;2026071211;    1;   3.0;  50;eor
        603;2026071212;    1;   3.0;  70;eor
        603;2026071213;    1;   3.0;  40;eor
        603;2026071214;    1;   3.2;  60;eor
        603;2026071215;    1;   2.8;  40;eor
        603;2026071216;    1;   2.9;  40;eor
        603;2026071217;    1;   2.6;  20;eor
        603;2026071218;    1;   3.6;  40;eor
        603;2026071219;    1;   3.5;  40;eor
        603;2026071220;    1;   2.3;  40;eor
        603;2026071221;    1;   2.8;  60;eor
        603;2026071222;    1;   2.5;  80;eor
        603;2026071223;    1;   1.5;  60;eor
        603;2026071300;    1;   1.2; 340;eor
        603;2026071301;    1;   1.1; 340;eor
        603;2026071302;    1;   1.3; 360;eor
        603;2026071303;    1;   0.5; 260;eor
        603;2026071304;    1;   0.4;  40;eor
        603;2026071305;    1;   0.7; 160;eor
        603;2026071306;    1;   1.7; 250;eor
        603;2026071307;    1;   1.2;  20;eor
        603;2026071308;    1;   1.0;  50;eor
        603;2026071309;    1;   1.3;  40;eor
        603;2026071310;    1;   1.7;  20;eor
        603;2026071311;    1;   1.9;  20;eor
        603;2026071312;    1;   2.9;  50;eor
        603;2026071313;    1;   3.0; 110;eor
        603;2026071314;    1;   2.9;  80;eor
        603;2026071315;    1;   2.2;  70;eor
        603;2026071316;    1;   2.4; 100;eor
        603;2026071317;    1;   2.6;  50;eor
        603;2026071318;    1;   2.2;  40;eor
        603;2026071319;    1;   3.1;  10;eor
        603;2026071320;    1;   2.8;  10;eor
        603;2026071321;    1;   1.7;  50;eor
        603;2026071322;    1;   1.3;  40;eor
        603;2026071323;    1;   0.8; 130;eor
        603;2026071400;    1;   0.5; 340;eor
        603;2026071401;    1;   0.8; 340;eor
        603;2026071402;    1;   1.1; 110;eor
        603;2026071403;    1;   2.3;  70;eor
        603;2026071404;    1;   2.6;  80;eor
        603;2026071405;    1;   1.5; 140;eor
        603;2026071406;    1;   1.2;  90;eor
        603;2026071407;    1;   1.3;  20;eor
        603;2026071408;    1;   0.9; 330;eor
        603;2026071409;    1;   1.2; 360;eor
        603;2026071410;    1;   2.2;  30;eor
        603;2026071411;    1;   2.2;  30;eor
        603;2026071412;    1;   2.9;  30;eor
        603;2026071413;    1;   3.2;  20;eor
        603;2026071414;    1;   3.5;  20;eor
        603;2026071415;    1;   4.7;  20;eor
        603;2026071416;    1;   5.2;  10;eor
        603;2026071417;    1;   4.9;  10;eor
        603;2026071418;    1;   4.4;  10;eor
        603;2026071419;    1;   4.0;  10;eor
        603;2026071420;    1;   3.8;  20;eor
        603;2026071421;    1;   3.1;  10;eor
        603;2026071422;    1;   2.5;  30;eor
        603;2026071423;    1;   1.9;  50;eor
        603;2026071500;    1;   1.6;  30;eor
        603;2026071501;    1;   2.1;  30;eor
        603;2026071502;    1;   1.2;  30;eor
        603;2026071503;    1;   1.4;  40;eor
        603;2026071504;    1;   1.5;  30;eor
        603;2026071505;    1;   0.7;  80;eor
        603;2026071506;    1;   1.6;  40;eor
        603;2026071507;    1;   3.3;  60;eor
        603;2026071508;    1;   3.7;  70;eor
        603;2026071509;    1;   4.7;  50;eor
        603;2026071510;    1;   4.8;  80;eor
        603;2026071511;    1;   3.9;  80;eor
        603;2026071512;    1;   3.5;  50;eor
        603;2026071513;    1;   3.6;  70;eor
        603;2026071514;    1;   4.0;  70;eor
        603;2026071515;    1;   4.5;  60;eor
        603;2026071516;    1;   4.0;  60;eor
        603;2026071517;    1;   4.3;  60;eor
        603;2026071518;    1;   3.6;  50;eor
        603;2026071519;    1;   4.2;  60;eor
        603;2026071520;    1;   3.6;  50;eor
        603;2026071521;    1;   2.8;  60;eor
        603;2026071522;    1;   2.2;  70;eor
        603;2026071523;    1;   1.5;  90;eor
        603;2026071600;    1;   1.2;  70;eor
        603;2026071601;    1;   1.1; 360;eor
        603;2026071602;    1;   0.7; 310;eor
        603;2026071603;    1;   0.6;  50;eor
        603;2026071604;    1;   0.7; 100;eor
        603;2026071605;    1;   0.8; 140;eor
        603;2026071606;    1;   0.8;  50;eor
        603;2026071607;    1;   0.9;  50;eor
        603;2026071608;    1;   1.4;  60;eor
        603;2026071609;    1;   1.6; 110;eor
        603;2026071610;    1;   1.4;  40;eor
        603;2026071611;    1;   2.8;  60;eor
        603;2026071612;    1;   3.8; 230;eor
        603;2026071613;    1;   2.3;  60;eor
        603;2026071614;    1;   3.4;  40;eor
        603;2026071615;    1;   3.8;  60;eor
        603;2026071616;    1;   3.1;  60;eor
        603;2026071617;    1;   3.2;  80;eor
        603;2026071618;    1;   1.6; 100;eor
        603;2026071619;    1;   1.2; 100;eor
        603;2026071620;    1;   1.8; 100;eor
        603;2026071621;    1;   1.3; 100;eor
        603;2026071622;    1;   1.4; 110;eor
        603;2026071623;    1;   0.8; 170;eor
        603;2026071700;    1;   1.0; 240;eor
        603;2026071701;    1;   1.1; 220;eor
        603;2026071702;    1;   0.6;   0;eor
        603;2026071703;    1;   1.0; 210;eor
        603;2026071704;    1;   1.1; 240;eor
        603;2026071705;    1;   1.7; 230;eor
        603;2026071706;    1;   2.3; 230;eor
        603;2026071707;    1;   1.4; 230;eor
        603;2026071708;    1;   1.1; 210;eor
        603;2026071709;    1;   2.3; 230;eor
        603;2026071710;    1;   2.3; 240;eor
        603;2026071711;    1;   1.8; 240;eor
        603;2026071712;    1;   2.2; 150;eor
        603;2026071713;    1;   1.9; 120;eor
        603;2026071714;    1;   2.3; 280;eor
        603;2026071715;    1;   3.2; 300;eor
        603;2026071716;    1;   3.2; 300;eor
        603;2026071717;    1;   3.5; 290;eor
        603;2026071718;    1;   3.8; 300;eor
        603;2026071719;    1;   2.7; 320;eor
        603;2026071720;    1;   2.8; 320;eor
        603;2026071721;    1;   2.3; 310;eor
        603;2026071722;    1;   2.5; 300;eor
        603;2026071723;    1;   2.0; 300;eor
        603;2026071800;    1;   2.6; 280;eor
        603;2026071801;    1;   3.4; 280;eor
        603;2026071802;    1;   3.1; 270;eor
        603;2026071803;    1;   2.9; 260;eor
        603;2026071804;    1;   2.9; 280;eor
        603;2026071805;    1;   2.8; 260;eor
        603;2026071806;    1;   2.4; 290;eor
        603;2026071807;    1;   2.6; 290;eor
        603;2026071808;    1;   2.6; 290;eor
        603;2026071809;    1;   2.7; 300;eor
        603;2026071810;    1;   2.8; 300;eor
        603;2026071811;    1;   2.9; 290;eor
        603;2026071812;    1;   2.9; 310;eor
        603;2026071813;    1;   3.1; 320;eor
        603;2026071814;    1;   3.6; 330;eor
        603;2026071815;    1;   3.8; 330;eor
        603;2026071816;    1;   3.8; 320;eor
        603;2026071817;    1;   4.5; 310;eor
        603;2026071818;    1;   3.6; 320;eor
        603;2026071819;    1;   3.1; 330;eor
        603;2026071820;    1;   2.6; 330;eor
        603;2026071821;    1;   2.2; 310;eor
        603;2026071822;    1;   3.5; 340;eor
        603;2026071823;    1;   3.0; 330;eor
        603;2026071900;    1;   2.5; 340;eor
        603;2026071901;    1;   1.9; 330;eor
        603;2026071902;    1;   2.3; 310;eor
        603;2026071903;    1;   1.8; 310;eor
        603;2026071904;    1;   1.6; 290;eor
        603;2026071905;    1;   1.9; 260;eor
        603;2026071906;    1;   2.3; 280;eor
        603;2026071907;    1;   3.0; 280;eor
        603;2026071908;    1;   3.5; 300;eor
        603;2026071909;    1;   3.4; 290;eor
        603;2026071910;    1;   3.5; 300;eor
        603;2026071911;    1;   4.2; 300;eor
        603;2026071912;    1;   3.9; 300;eor
        603;2026071913;    1;   4.4; 290;eor
        603;2026071914;    1;   3.9; 300;eor
        603;2026071915;    1;   3.7; 320;eor
        603;2026071916;    1;   3.1; 330;eor
        603;2026071917;    1;   2.9; 310;eor
        603;2026071918;    1;   3.4; 310;eor
        603;2026071919;    1;   3.4; 340;eor
        603;2026071920;    1;   2.7; 350;eor
        603;2026071921;    1;   1.4; 340;eor
        603;2026071922;    1;   1.7; 340;eor
        603;2026071923;    1;   1.2; 320;eor
        603;2026072000;    1;   1.4; 290;eor
        603;2026072001;    1;   1.8; 290;eor
        603;2026072002;    1;   2.1; 270;eor
        603;2026072003;    1;   3.0; 260;eor
        603;2026072004;    1;   2.4; 260;eor
        603;2026072005;    1;   2.1; 250;eor
        603;2026072006;    1;   2.6; 240;eor
        603;2026072007;    1;   2.6; 260;eor
        603;2026072008;    1;   2.9; 310;eor
        603;2026072009;    1;   3.1; 320;eor
        603;2026072010;    1;   2.9; 310;eor
        603;2026072011;    1;   2.6; 310;eor
        603;2026072012;    1;   2.6; 340;eor
        603;2026072013;    1;   2.6; 300;eor
        603;2026072014;    1;   3.0; 330;eor
        603;2026072015;    1;   3.7; 350;eor
        603;2026072016;    1;   2.3;  40;eor
        603;2026072017;    1;   2.0;  30;eor
        603;2026072018;    1;   2.1; 330;eor
        603;2026072019;    1;   1.5; 360;eor
        603;2026072020;    1;   1.0;  10;eor
        603;2026072021;    1;   0.4; 240;eor
        603;2026072022;    1;   0.8; 270;eor
        603;2026072023;    1;   1.3; 240;eor
        603;2026072100;    1;   1.3; 270;eor
        603;2026072101;    1;   0.6; 240;eor
        603;2026072102;    1;   0.9; 270;eor
        603;2026072103;    1;   0.8; 340;eor
        603;2026072104;    1;   0.4;  90;eor
        603;2026072105;    1;   0.9; 250;eor
        603;2026072106;    1;   1.3; 290;eor
        603;2026072107;    1;   1.3; 310;eor
        603;2026072108;    1;   2.3; 310;eor
        603;2026072109;    1;   2.7; 320;eor
        603;2026072110;    1;   2.9; 320;eor
        603;2026072111;    1;   3.2; 330;eor
        603;2026072112;    1;   2.7; 310;eor
        603;2026072113;    1;   2.6; 330;eor
        603;2026072114;    1;   3.3; 330;eor
        603;2026072115;    1;   2.9; 360;eor
        603;2026072116;    1;   2.8; 350;eor
        603;2026072117;    1;   3.1;  10;eor
        603;2026072118;    1;   3.2;  10;eor
        603;2026072119;    1;   2.1; 350;eor
        603;2026072120;    1;   1.7; 320;eor
        603;2026072121;    1;   1.1; 330;eor
        603;2026072122;    1;   1.1; 310;eor
        603;2026072123;    1;   1.6; 320;eor
        603;2026072200;    1;   2.1; 310;eor
        603;2026072201;    1;   1.5; 290;eor
        603;2026072202;    1;   2.0; 290;eor
        603;2026072203;    1;   1.8; 270;eor
        603;2026072204;    1;   2.2; 260;eor
        603;2026072205;    1;   2.0; 270;eor
        603;2026072206;    1;   1.9; 250;eor
        603;2026072207;    1;   2.5; 250;eor
        603;2026072208;    1;   2.4; 250;eor
        603;2026072209;    1;   3.4; 260;eor
        603;2026072210;    1;   3.2; 290;eor
        603;2026072211;    1;   4.0; 280;eor
        603;2026072212;    1;   3.6; 290;eor
        603;2026072213;    1;   3.7; 290;eor
        603;2026072214;    1;   4.4; 270;eor
        603;2026072215;    1;   4.0; 290;eor
        603;2026072216;    1;   3.7; 330;eor
        603;2026072217;    1;   4.3; 300;eor
        603;2026072218;    1;   3.9; 290;eor
        603;2026072219;    1;   3.3; 280;eor
        603;2026072220;    1;   2.6; 290;eor
        603;2026072221;    1;   2.4; 310;eor
        603;2026072222;    1;   2.2; 310;eor
        603;2026072223;    1;   2.6; 300;eor
        603;2026072300;    1;   2.2; 290;eor
        603;2026072301;    1;   1.7; 300;eor
        603;2026072302;    1;   2.0; 290;eor
        603;2026072303;    1;   2.0; 300;eor
        603;2026072304;    1;   1.8; 300;eor
        603;2026072305;    1;   1.5; 300;eor
        603;2026072306;    1;   2.2; 320;eor
        603;2026072307;    1;   2.5; 310;eor
        603;2026072308;    1;   2.5; 320;eor
        603;2026072309;    1;   2.5; 300;eor
        603;2026072310;    1;   2.7; 290;eor
        603;2026072311;    1;   3.3; 300;eor
        603;2026072312;    1;   3.2; 300;eor
        603;2026072313;    1;   3.5; 300;eor
        603;2026072314;    1;   3.4; 320;eor
        603;2026072315;    1;   3.2; 330;eor
        603;2026072316;    1;   3.2; 330;eor
        603;2026072317;    1;   3.7; 340;eor
        603;2026072318;    1;   3.1; 340;eor
        603;2026072319;    1;   2.7; 340;eor
        603;2026072320;    1;   1.8; 340;eor
        603;2026072321;    1;   1.2; 320;eor
        603;2026072322;    1;   1.7; 290;eor
        603;2026072323;    1;   1.8; 330;eor
        603;2026072400;    1;   1.2; 310;eor
        603;2026072401;    1;   1.6; 290;eor
        603;2026072402;    1;   1.9; 290;eor
        603;2026072403;    1;   1.7; 270;eor
        603;2026072404;    1;   1.0; 310;eor
        603;2026072405;    1;   0.8; 250;eor
        603;2026072406;    1;   1.3; 240;eor
        603;2026072407;    1;   0.7; 250;eor
        603;2026072408;    1;   0.6; 110;eor
        603;2026072409;    1;   0.7;  60;eor
        603;2026072410;    1;   1.4;  10;eor
        603;2026072411;    1;   1.6;  30;eor
        603;2026072412;    1;   1.7;  20;eor
        603;2026072413;    1;   2.1; 340;eor
        603;2026072414;    1;   2.1; 360;eor
        603;2026072415;    1;   2.3;  30;eor
        603;2026072416;    1;   1.6;  30;eor
        603;2026072417;    1;   1.5;  70;eor
        603;2026072418;    1;   1.2;  10;eor
        603;2026072419;    1;   1.4;  30;eor
        603;2026072420;    1;   0.6; 330;eor
        603;2026072421;    1;   0.9; 280;eor
        603;2026072422;    1;   1.5; 280;eor
        603;2026072423;    1;   1.4; 290;eor
        603;2026072500;    1;   1.7; 250;eor
        603;2026072501;    1;   0.8; 230;eor
        603;2026072502;    1;   0.9; 230;eor
        603;2026072503;    1;   0.5; 150;eor
        603;2026072504;    1;   1.0; 240;eor
        603;2026072505;    1;   0.4;  80;eor
        603;2026072506;    1;   0.4; 100;eor
        603;2026072507;    1;   0.7;  60;eor
        603;2026072508;    1;   0.9; 300;eor
        603;2026072509;    1;   1.4; 320;eor
        603;2026072510;    1;   1.7; 270;eor
        603;2026072511;    1;   2.3; 290;eor
        603;2026072512;    1;   2.3; 300;eor
        603;2026072513;    1;   2.8; 300;eor
        603;2026072514;    1;   2.9; 300;eor
        603;2026072515;    1;   2.8; 310;eor
        603;2026072516;    1;   2.6; 320;eor
        603;2026072517;    1;   2.4; 300;eor
        603;2026072518;    1;   2.1; 310;eor
        603;2026072519;    1;   1.1; 290;eor
        603;2026072520;    1;   1.7; 270;eor
        603;2026072521;    1;   1.7; 270;eor
        603;2026072522;    1;   1.9; 290;eor
        603;2026072523;    1;   1.3; 270;eor
        603;2026072600;    1;   3.2; 230;eor
        603;2026072601;    1;   3.2; 240;eor
        603;2026072602;    1;   1.9; 230;eor
        603;2026072603;    1;   3.3; 210;eor
        603;2026072604;    1;   4.9; 210;eor
        603;2026072605;    1;   4.9; 210;eor
        603;2026072606;    1;   5.4; 210;eor
        603;2026072607;    1;   5.1; 210;eor
        603;2026072608;    1;   5.0; 230;eor
        603;2026072609;    1;   5.3; 260;eor
        603;2026072610;    1;   6.5; 250;eor
        603;2026072611;    1;   6.1; 250;eor
        603;2026072612;    1;   5.7; 260;eor
        603;2026072613;    1;   6.9; 260;eor
        603;2026072614;    1;   7.6; 250;eor
        603;2026072615;    1;   8.4; 250;eor
        603;2026072616;    1;   9.0; 240;eor
        603;2026072617;    1;   8.3; 250;eor
        603;2026072618;    1;   8.0; 250;eor
        603;2026072619;    1;   7.0; 230;eor
        603;2026072620;    1;   5.4; 240;eor
        603;2026072621;    1;   3.6; 240;eor
        603;2026072622;    1;   6.3; 240;eor
        603;2026072623;    1;   5.0; 230;eor
        603;2026072700;    1;   4.4; 220;eor
        603;2026072701;    1;   5.0; 250;eor
        603;2026072702;    1;   2.5; 300;eor
        603;2026072703;    1;   3.5; 250;eor
        603;2026072704;    1;   3.7; 250;eor
        603;2026072705;    1;   3.5; 260;eor
        603;2026072706;    1;   2.7; 270;eor
        603;2026072707;    1;   2.5; 280;eor
        603;2026072708;    1;   3.1; 290;eor
        603;2026072709;    1;   1.7; 310;eor
        603;2026072710;    1;   3.4; 280;eor
        603;2026072711;    1;   4.7; 270;eor
        603;2026072712;    1;   3.9; 280;eor
        603;2026072713;    1;   4.6; 280;eor
        603;2026072714;    1;   4.7; 280;eor
        603;2026072715;    1;   6.0; 270;eor
        603;2026072716;    1;   5.7; 280;eor
        603;2026072717;    1;   4.3; 290;eor
        603;2026072718;    1;   3.6; 290;eor
        603;2026072719;    1;   2.9; 300;eor
        603;2026072720;    1;   2.0; 300;eor
        603;2026072721;    1;   1.2; 290;eor
        603;2026072722;    1;   1.3; 280;eor
        603;2026072723;    1;   1.7; 270;eor
        603;2026072800;    1;   1.5; 280;eor
        603;2026072801;    1;   1.6; 270;eor
        603;2026072802;    1;   2.3; 250;eor
        603;2026072803;    1;   1.7; 220;eor
        603;2026072804;    1;   0.9; 210;eor
        603;2026072805;    1;   0.8; 200;eor
        603;2026072806;    1;   1.2; 190;eor
        603;2026072807;    1;   2.4; 180;eor
        603;2026072808;    1;   2.9; 210;eor
        603;2026072809;    1;   2.8; 160;eor
        603;2026072810;    1;   2.1; 180;eor
        603;2026072811;    1;   2.0; 170;eor
        603;2026072812;    1;   2.9; 110;eor
        603;2026072813;    1;   2.3; 200;eor
        603;2026072814;    1;   2.0;  90;eor
        603;2026072815;    1;   1.8;  10;eor
        603;2026072816;    1;   2.0;  60;eor
        603;2026072817;    1;   2.6;  80;eor
        603;2026072818;    1;   2.7;  60;eor
        603;2026072819;    1;   2.8;  70;eor
        603;2026072820;    1;   1.8;  90;eor
        603;2026072821;    1;   1.7; 120;eor
        603;2026072822;    1;   1.3; 100;eor
        603;2026072823;    1;   1.4; 120;eor
        603;2026072900;    1;   1.0;  80;eor
        603;2026072901;    1;   0.7;  40;eor
        603;2026072902;    1;   0.9;  40;eor
        603;2026072903;    1;   1.6;  40;eor
        603;2026072904;    1;   1.5;  40;eor
        603;2026072905;    1;   0.8;  50;eor
        603;2026072906;    1;   1.1;  60;eor
        603;2026072907;    1;   3.4; 110;eor
        603;2026072908;    1;   3.8; 120;eor
        603;2026072909;    1;   2.6; 130;eor
        603;2026072910;    1;   1.4; 150;eor
        603;2026072911;    1;   1.9;  90;eor
        603;2026072912;    1;   2.3;  50;eor
        603;2026072913;    1;   2.0; 300;eor
        603;2026072914;    1;   2.3;  60;eor
        603;2026072915;    1;   2.6;  60;eor
        603;2026072916;    1;   2.8;  20;eor
        603;2026072917;    1;   2.7;  30;eor
        603;2026072918;    1;   2.8;  30;eor
        603;2026072919;    1;   1.4;  30;eor
        603;2026072920;    1;   0.7;  30;eor
        603;2026072921;    1;   1.8; 200;eor
        603;2026072922;    1;   3.7; 230;eor
        603;2026072923;    1;   4.9; 230;eor
        603;2026073000;    1;   2.8; 240;eor
        603;2026073001;    1;   1.1; 220;eor
        603;2026073002;    1;   1.0; 190;eor
        603;2026073003;    1;   0.9;  90;eor
        603;2026073004;    1;   0.6; 110;eor
        603;2026073005;    1;   0.6; 340;eor
        603;2026073006;    1;   1.2; 360;eor
        603;2026073007;    1;   1.2; 350;eor
        603;2026073008;    1;   0.9; 360;eor
        603;2026073009;    1;   2.4; 170;eor
        603;2026073010;    1;   5.8; 170;eor
        603;2026073011;    1;   5.8; 170;eor
        603;2026073012;    1;   7.1; 250;eor
        603;2026073013;    1;   5.8; 270;eor
        603;2026073014;    1;   3.6; 290;eor
        603;2026073015;    1;   6.2; 270;eor
        603;2026073016;    1;   1.7; 320;eor
        603;2026073017;    1;   1.5; 330;eor
        603;2026073018;    1;   1.4; 350;eor
        603;2026073019;    1;   1.7;  20;eor
        603;2026073020;    1;   0.9;  70;eor
        603;2026073021;    1;   1.5; 120;eor
        603;2026073022;    1;   0.9; 110;eor
        603;2026073023;    1;   0.6;  50;eor
        603;2026073100;    1;   0.7; 230;eor
        603;2026073101;    1;   0.8; 360;eor
        603;2026073102;    1;   0.6; 310;eor
        603;2026073103;    1;   0.5; 110;eor
        603;2026073104;    1;   0.5; 140;eor
        603;2026073105;    1;   1.2; 250;eor
        603;2026073106;    1;   0.6; 140;eor
        603;2026073107;    1;   0.5;  60;eor
        603;2026073108;    1;   0.6;  50;eor
        603;2026073109;    1;   1.1;  10;eor
        603;2026073110;    1;   1.4; 360;eor
        603;2026073111;    1;   1.5; 350;eor
        603;2026073112;    1;   1.7; 310;eor
        603;2026073113;    1;   2.0;  20;eor
        603;2026073114;    1;   1.7; 250;eor
        603;2026073115;    1;   1.5; 310;eor
        603;2026073116;    1;   2.2; 340;eor
        603;2026073117;    1;   2.6; 330;eor
        603;2026073118;    1;   1.3;  80;eor
        603;2026073119;    1;   1.0; 130;eor
        603;2026073120;    1;   0.7;  90;eor
        603;2026073121;    1;   1.1; 280;eor
        603;2026073122;    1;   1.4; 350;eor
        603;2026073123;    1;   1.7; 310;eor
        603;2026080100;    1;   1.9; 320;eor
        603;2026080101;    1;   1.9; 340;eor
        603;2026080102;    1;   1.3; 300;eor
        603;2026080103;    1;   2.0; 340;eor
        603;2026080104;    1;   1.9; 350;eor
        603;2026080105;    1;   2.1; 340;eor
        603;2026080106;    1;   2.0; 350;eor
        603;2026080107;    1;   2.2;  10;eor
        603;2026080108;    1;   2.2; 340;eor
        603;2026080109;    1;   2.9;  20;eor
        603;2026080110;    1;   2.8;  30;eor
        603;2026080111;    1;   2.6; 340;eor
        603;2026080112;    1;   2.8; 310;eor
        603;2026080113;    1;   3.3; 300;eor
        603;2026080114;    1;   2.9; 320;eor
        603;2026080115;    1;   2.5; 290;eor
        603;2026080116;    1;   2.9; 350;eor
        603;2026080117;    1;   3.6;  10;eor
        603;2026080118;    1;   3.4;  10;eor
        603;2026080119;    1;   2.9;  10;eor
        603;2026080120;    1;   2.2;  20;eor
        603;2026080121;    1;   1.5;  50;eor
        603;2026080122;    1;   1.9;  80;eor
        603;2026080123;    1;   1.9;  70;eor
        603;2026080200;    1;   1.5; 100;eor
        603;2026080201;    1;   1.0;  40;eor
        603;2026080202;    1;   1.7;  40;eor
        603;2026080203;    1;   1.4;  40;eor
        603;2026080204;    1;   1.4;  50;eor
        603;2026080205;    1;   1.4;  50;eor
        603;2026080206;    1;   1.7;  50;eor
        603;2026080207;    1;   2.0;  80;eor
        603;2026080208;    1;   2.8; 100;eor
        603;2026080209;    1;   3.2; 110;eor
        603;2026080210;    1;   3.7; 120;eor
        603;2026080211;    1;   4.2; 100;eor
        603;2026080212;    1;   4.7; 100;eor
        603;2026080213;    1;   4.5; 100;eor
        603;2026080214;    1;   4.4;  90;eor
        603;2026080215;    1;   3.7;  80;eor
        603;2026080216;    1;   3.8; 110;eor
        603;2026080217;    1;   4.2;  90;eor
        603;2026080218;    1;   4.3;  90;eor
        603;2026080219;    1;   3.1;  80;eor
        603;2026080220;    1;   2.4; 110;eor
        603;2026080221;    1;   3.5; 120;eor
        603;2026080222;    1;   4.9; 110;eor
        603;2026080223;    1;   5.0; 100;eor
        603;2026080300;    1;   3.2; 100;eor
        603;2026080301;    1;   2.1; 100;eor
        603;2026080302;    1;   1.3; 100;eor
        603;2026080303;    1;   1.8;  70;eor
        603;2026080304;    1;   1.6; 100;eor
        603;2026080305;    1;   1.2; 130;eor
        603;2026080306;    1;   2.0; 100;eor
        603;2026080307;    1;   2.7; 100;eor
        603;2026080308;    1;   3.9; 130;eor
        603;2026080309;    1;   5.5; 120;eor
        603;2026080310;    1;   4.6; 110;eor
        603;2026080311;    1;   3.6; 110;eor
        603;2026080312;    1;   1.9; 190;eor
        603;2026080313;    1;   1.7;  90;eor
        603;2026080314;    1;   3.3; 100;eor
        603;2026080315;    1;   3.2; 100;eor
        603;2026080316;    1;   3.5;  70;eor
        603;2026080317;    1;   3.0;  50;eor
        603;2026080318;    1;   3.1;  80;eor
        603;2026080319;    1;   2.0; 100;eor
        603;2026080320;    1;   2.4; 120;eor
        603;2026080321;    1;   2.8; 230;eor
        603;2026080322;    1;   5.7; 270;eor
        603;2026080323;    1;   2.5;  50;eor
        603;2026080400;    1;   2.6; 190;eor
        603;2026080401;    1;   1.6; 130;eor
        603;2026080402;    1;   2.3; 230;eor
        603;2026080403;    1;   3.5; 210;eor
        603;2026080404;    1;   1.4;   0;eor
        603;2026080405;    1;   1.3; 140;eor
        603;2026080406;    1;   0.9;  80;eor
        603;2026080407;    1;   1.6; 100;eor
        603;2026080408;    1;   1.8; 120;eor
        603;2026080409;    1;   1.6; 110;eor
        603;2026080410;    1;   1.8; 150;eor
        603;2026080411;    1;   1.5; 100;eor
        603;2026080412;    1;   1.2; 130;eor
        603;2026080413;    1;   1.9; 100;eor
        603;2026080414;    1;   1.9; 110;eor
        603;2026080415;    1;   1.9;  90;eor
        603;2026080416;    1;   2.0;  30;eor
        603;2026080417;    1;   1.2;  30;eor
        603;2026080418;    1;   2.0; 310;eor
        603;2026080419;    1;   1.8; 320;eor
        603;2026080420;    1;   1.5; 300;eor
        603;2026080421;    1;   1.5; 300;eor
        603;2026080422;    1;   1.0; 350;eor
        603;2026080423;    1;   0.4;  90;eor
        603;2026080500;    1;   0.9; 160;eor
        603;2026080501;    1;   1.3; 190;eor
        603;2026080502;    1;   0.7; 160;eor
        603;2026080503;    1;   0.7; 130;eor
        603;2026080504;    1;   0.6; 170;eor
        603;2026080505;    1;   3.8; 210;eor
        603;2026080506;    1;   4.5; 210;eor
        603;2026080507;    1;   4.0; 210;eor
        603;2026080508;    1;   3.5; 220;eor
        603;2026080509;    1;   2.3; 260;eor
        603;2026080510;    1;   1.9; 230;eor
        603;2026080511;    1;   1.8; 310;eor
        603;2026080512;    1;   2.1; 270;eor
        603;2026080513;    1;   4.6; 270;eor
        603;2026080514;    1;   4.7; 270;eor
        603;2026080515;    1;   7.1; 250;eor
        603;2026080516;    1;   6.4; 250;eor
        603;2026080517;    1;   5.4; 260;eor
        603;2026080518;    1;   5.3; 260;eor
        603;2026080519;    1;   4.5; 260;eor
        603;2026080520;    1;   2.6; 280;eor
        603;2026080521;    1;   2.9; 290;eor
        603;2026080522;    1;   2.9; 280;eor
        603;2026080523;    1;   2.8; 290;eor
        603;2026080600;    1;   2.8; 280;eor
        603;2026080601;    1;   2.8; 270;eor
        603;2026080602;    1;   2.5; 270;eor
        603;2026080603;    1;   2.8; 260;eor
        603;2026080604;    1;   3.0; 270;eor
        603;2026080605;    1;   3.0; 260;eor
        603;2026080606;    1;   3.2; 250;eor
        603;2026080607;    1;   4.5; 240;eor
        603;2026080608;    1;   3.5; 260;eor
        603;2026080609;    1;   3.1; 260;eor
        603;2026080610;    1;   4.2; 270;eor
        603;2026080611;    1;   4.3; 280;eor
        603;2026080612;    1;   4.5; 280;eor
        603;2026080613;    1;   4.3; 290;eor
        603;2026080614;    1;   4.0; 280;eor
        603;2026080615;    1;   4.2; 280;eor
        603;2026080616;    1;   3.9; 290;eor
        603;2026080617;    1;   4.0; 280;eor
        603;2026080618;    1;   3.3; 300;eor
        603;2026080619;    1;   2.7; 290;eor
        603;2026080620;    1;   2.0; 320;eor
        603;2026080621;    1;   3.0; 330;eor
        603;2026080622;    1;   2.2; 310;eor
        603;2026080623;    1;   1.7; 310;eor
        603;2026080700;    1;   1.1; 310;eor
        603;2026080701;    1;   1.6; 300;eor
        603;2026080702;    1;   1.7; 280;eor
        603;2026080703;    1;   1.9; 270;eor
        603;2026080704;    1;   1.7; 240;eor
        603;2026080705;    1;   1.7; 250;eor
        603;2026080706;    1;   0.3; 360;eor
        603;2026080707;    1;   0.6; 280;eor
        603;2026080708;    1;   1.5;  30;eor
        603;2026080709;    1;   2.2; 340;eor
        603;2026080710;    1;   2.3; 340;eor
        603;2026080711;    1;   2.3; 340;eor
        603;2026080712;    1;   2.5; 320;eor
        603;2026080713;    1;   2.7; 330;eor
        603;2026080714;    1;   3.0;  20;eor
        603;2026080715;    1;   2.7; 320;eor
        603;2026080716;    1;   2.8; 320;eor
        603;2026080717;    1;   2.5; 300;eor
        603;2026080718;    1;   2.6; 360;eor
        603;2026080719;    1;   2.5; 360;eor
        603;2026080720;    1;   2.4;  10;eor
        603;2026080721;    1;   1.6;  20;eor
        603;2026080722;    1;   1.1;  30;eor
        603;2026080723;    1;   0.7;  70;eor
        603;2026080800;    1;   0.5;  70;eor
        603;2026080801;    1;   0.5; 290;eor
        603;2026080802;    1;   0.5;  40;eor
        603;2026080803;    1;   0.6; 160;eor
        603;2026080804;    1;   0.6; 260;eor
        603;2026080805;    1;   0.4;  80;eor
        603;2026080806;    1;   0.5; 350;eor
        603;2026080807;    1;   0.7;  60;eor
        603;2026080808;    1;   1.1;  30;eor
        603;2026080809;    1;   1.2;  60;eor
        603;2026080810;    1;   1.6;  80;eor
        603;2026080811;    1;   2.4;  50;eor
        603;2026080812;    1;   2.6;  50;eor
        603;2026080813;    1;   3.0;  40;eor
        603;2026080814;    1;   2.2;  30;eor
        603;2026080815;    1;   3.1;  40;eor
        603;2026080816;    1;   2.1;  80;eor
        603;2026080817;    1;   2.0;  40;eor
        603;2026080818;    1;   2.2;  50;eor
        603;2026080819;    1;   1.7;  40;eor
        603;2026080820;    1;   0.6;  60;eor
        603;2026080821;    1;   1.1;  90;eor
        603;2026080822;    1;   1.1; 100;eor
        603;2026080823;    1;   0.6; 240;eor
        603;2026080900;    1;   0.8; 110;eor
        603;2026080901;    1;   0.7; 100;eor
        603;2026080902;    1;   0.7; 120;eor
        603;2026080903;    1;   0.9;  50;eor
        603;2026080904;    1;   1.1;  50;eor
        603;2026080905;    1;   0.8; 350;eor
        603;2026080906;    1;   0.8; 330;eor
        603;2026080907;    1;   1.3; 350;eor
        603;2026080908;    1;   1.2; 310;eor
        603;2026080909;    1;   2.5; 210;eor
        603;2026080910;    1;   1.4; 240;eor
        603;2026080911;    1;   1.1; 300;eor
        603;2026080912;    1;   1.7; 290;eor
        603;2026080913;    1;   2.2; 310;eor
        603;2026080914;    1;   3.0; 310;eor
        603;2026080915;    1;   2.3; 290;eor
        603;2026080916;    1;   5.5; 260;eor
        603;2026080917;    1;   4.5; 250;eor
        603;2026080918;    1;   2.7; 250;eor
        603;2026080919;    1;   2.7; 240;eor
        603;2026080920;    1;   3.2; 220;eor
        603;2026080921;    1;   2.9; 240;eor
        603;2026080922;    1;   1.7; 250;eor
        603;2026080923;    1;   1.1; 190;eor
        603;2026081000;    1;   1.2; 160;eor
        603;2026081001;    1;   1.4; 130;eor
        603;2026081002;    1;   0.7;  90;eor
        603;2026081003;    1;   0.5; 220;eor
        603;2026081004;    1;   0.9; 120;eor
        603;2026081005;    1;   2.0; 180;eor
        603;2026081006;    1;   2.4; 220;eor
        603;2026081007;    1;   1.1;  40;eor
        603;2026081008;    1;   2.7; 230;eor
        603;2026081009;    1;   4.7; 250;eor
        603;2026081010;    1;   4.1; 290;eor
        603;2026081011;    1;   4.8; 290;eor
        603;2026081012;    1;   4.8; 300;eor
        603;2026081013;    1;   5.5; 280;eor
        603;2026081014;    1;   5.1; 290;eor
        603;2026081015;    1;   4.2; 320;eor
        603;2026081016;    1;   4.4; 330;eor
        603;2026081017;    1;   3.5; 330;eor
        603;2026081018;    1;   3.4; 330;eor
        603;2026081019;    1;   3.5; 330;eor
        603;2026081020;    1;   3.0; 340;eor
        603;2026081021;    1;   3.0; 340;eor
        603;2026081022;    1;   2.6; 350;eor
        603;2026081023;    1;   1.9; 340;eor
        603;2026081100;    1;   1.6; 330;eor
        603;2026081101;    1;   1.5; 330;eor
        603;2026081102;    1;   0.7;  10;eor
        603;2026081103;    1;   1.4;  10;eor
        603;2026081104;    1;   1.0;  20;eor
        603;2026081105;    1;   1.5;  20;eor
        603;2026081106;    1;   1.6;  30;eor
        603;2026081107;    1;   1.6;  50;eor
        603;2026081108;    1;   2.5;  70;eor
        603;2026081109;    1;   3.5;  90;eor
        603;2026081110;    1;   2.5;  60;eor
        603;2026081111;    1;   2.4;  80;eor
        603;2026081112;    1;   2.6;  40;eor
        603;2026081113;    1;   2.7;  50;eor
        603;2026081114;    1;   3.0;  10;eor
        603;2026081115;    1;   2.7;  30;eor
        603;2026081116;    1;   2.9;  30;eor
        603;2026081117;    1;   3.9;  10;eor
        603;2026081118;    1;   4.2; 360;eor
        603;2026081119;    1;   3.6;  10;eor
        603;2026081120;    1;   2.9;  30;eor
        603;2026081121;    1;   2.6;  40;eor
        603;2026081122;    1;   2.0;  60;eor
        603;2026081123;    1;   1.3;  70;eor
        603;2026081200;    1;   1.2;  50;eor
        603;2026081201;    1;   0.7;  40;eor
        603;2026081202;    1;   0.5; 200;eor
        603;2026081203;    1;   0.6;  70;eor
        603;2026081204;    1;   0.4;  90;eor
        603;2026081205;    1;   0.9;  90;eor
        603;2026081206;    1;   0.9;  80;eor
        603;2026081207;    1;   1.9;  80;eor
        603;2026081208;    1;   3.0;  90;eor
        603;2026081209;    1;   3.1;  90;eor
        603;2026081210;    1;   3.1; 100;eor
        603;2026081211;    1;   2.9;  80;eor
        603;2026081212;    1;   3.1;  90;eor
        603;2026081213;    1;   2.5;  90;eor
        603;2026081214;    1;   2.1; 100;eor
        603;2026081215;    1;   2.4;  50;eor
        603;2026081216;    1;   2.5;  70;eor
        603;2026081217;    1;   2.8;  70;eor
        603;2026081218;    1;   2.9;  70;eor
        603;2026081219;    1;   1.7; 110;eor
        603;2026081220;    1;   2.0; 140;eor
        603;2026081221;    1;   2.5; 120;eor
        603;2026081222;    1;   2.0; 130;eor
        603;2026081223;    1;   2.6; 100;eor
        603;2026081300;    1;   1.0; 140;eor
        603;2026081301;    1;   2.2; 120;eor
        603;2026081302;    1;   2.5; 120;eor
        603;2026081303;    1;   0.9;  90;eor
        603;2026081304;    1;   1.5;  60;eor
        603;2026081305;    1;   0.7; 110;eor
        603;2026081306;    1;   0.8;  50;eor
        603;2026081307;    1;   2.5;  80;eor
        603;2026081308;    1;   3.2; 100;eor
        603;2026081309;    1;   3.3; 100;eor
        603;2026081310;    1;   3.8; 100;eor
        603;2026081311;    1;   4.0; 120;eor
        603;2026081312;    1;   4.8; 110;eor
        603;2026081313;    1;   4.0; 100;eor
        603;2026081314;    1;   4.1; 100;eor
        603;2026081315;    1;   4.7;  90;eor
        603;2026081316;    1;   4.6;  90;eor
        603;2026081317;    1;   4.8;  90;eor
        603;2026081318;    1;   4.0; 100;eor
        603;2026081319;    1;   2.9; 110;eor
        603;2026081320;    1;   2.5; 130;eor
        603;2026081321;    1;   2.7; 130;eor
        603;2026081322;    1;   2.3; 130;eor
        603;2026081323;    1;   1.4; 120;eor
        603;2026081400;    1;   1.2;  80;eor
        603;2026081401;    1;   0.9;  90;eor
        603;2026081402;    1;   1.3;  90;eor
        603;2026081403;    1;   1.8;  50;eor
        603;2026081404;    1;   1.5;  50;eor
        603;2026081405;    1;   1.5;  40;eor
        603;2026081406;    1;   1.1;  40;eor
        603;2026081407;    1;   0.8;  50;eor
        603;2026081408;    1;   1.2; 150;eor
        603;2026081409;    1;   0.7; 360;eor
        603;2026081410;    1;   1.1; 330;eor
        603;2026081411;    1;   1.4; 250;eor
        603;2026081412;    1;   1.6; 360;eor
        603;2026081413;    1;   1.8; 330;eor
        603;2026081414;    1;   2.4; 310;eor
        603;2026081415;    1;   2.1; 300;eor
        603;2026081416;    1;   2.6; 310;eor
        603;2026081417;    1;   2.4; 320;eor
        603;2026081418;    1;   2.0; 330;eor
        603;2026081419;    1;   2.0; 350;eor
        603;2026081420;    1;   1.1; 360;eor
        603;2026081421;    1;   0.5; 180;eor
        603;2026081422;    1;   0.7; 190;eor
        603;2026081423;    1;   0.6; 190;eor
        603;2026081500;    1;   0.3; 280;eor
        603;2026081501;    1;   0.4; 320;eor
        603;2026081502;    1;   0.8; 320;eor
        603;2026081503;    1;   0.4; 360;eor
        603;2026081504;    1;   0.7;  40;eor
        603;2026081505;    1;   0.8; 100;eor
        603;2026081506;    1;   1.1; 330;eor
        603;2026081507;    1;   1.1; 100;eor
        603;2026081508;    1;   1.8; 330;eor
        603;2026081509;    1;   2.6; 280;eor
        603;2026081510;    1;   2.3; 290;eor
        603;2026081511;    1;   2.5; 310;eor
        603;2026081512;    1;   1.9; 330;eor
        603;2026081513;    1;   3.5; 300;eor
        603;2026081514;    1;   4.1; 300;eor
        603;2026081515;    1;   4.3; 330;eor
        603;2026081516;    1;   4.8;  30;eor
        603;2026081517;    1;   3.3;  30;eor
        603;2026081518;    1;   2.5;  20;eor
        603;2026081519;    1;   1.9;  20;eor
        603;2026081520;    1;   1.4; 350;eor
        603;2026081521;    1;   1.2; 360;eor
        603;2026081522;    1;   1.3; 340;eor
        603;2026081523;    1;   1.7; 350;eor
        603;2026081600;    1;   1.4; 310;eor
        603;2026081601;    1;   1.5; 290;eor
        603;2026081602;    1;   1.2; 270;eor
        603;2026081603;    1;   1.5; 290;eor
        603;2026081604;    1;   1.8; 280;eor
        603;2026081605;    1;   1.9; 270;eor
        603;2026081606;    1;   2.3; 280;eor
        603;2026081607;    1;   1.6; 310;eor
        603;2026081608;    1;   2.1; 300;eor
        603;2026081609;    1;   2.9; 290;eor
        603;2026081610;    1;   2.6; 300;eor
        603;2026081611;    1;   2.8; 280;eor
        603;2026081612;    1;   2.8; 310;eor
        603;2026081613;    1;   2.5; 310;eor
        603;2026081614;    1;   2.8; 320;eor
        603;2026081615;    1;   3.6; 320;eor
        603;2026081616;    1;   3.4; 320;eor
        603;2026081617;    1;   2.4; 310;eor
        603;2026081618;    1;   3.1; 320;eor
        603;2026081619;    1;   2.4; 320;eor
        603;2026081620;    1;   2.0; 310;eor
        603;2026081621;    1;   1.9; 340;eor
        603;2026081622;    1;   1.4; 340;eor
        603;2026081623;    1;   1.7; 300;eor
        603;2026081700;    1;   1.5; 310;eor
        603;2026081701;    1;   1.4; 290;eor
        603;2026081702;    1;   2.3; 260;eor
        603;2026081703;    1;   2.5; 250;eor
        603;2026081704;    1;   2.9; 240;eor
        603;2026081705;    1;   2.2; 260;eor
        603;2026081706;    1;   2.1; 270;eor
        603;2026081707;    1;   2.8; 240;eor
        603;2026081708;    1;   2.3; 250;eor
        603;2026081709;    1;   2.2; 230;eor
        603;2026081710;    1;   2.4; 250;eor
        603;2026081711;    1;   2.0; 250;eor
        603;2026081712;    1;   2.0; 290;eor
        603;2026081713;    1;   1.8; 300;eor
        603;2026081714;    1;   2.1; 280;eor
        603;2026081715;    1;   2.4; 290;eor
        603;2026081716;    1;   2.4; 300;eor
        603;2026081717;    1;   2.1; 320;eor
        603;2026081718;    1;   1.5;  40;eor
        603;2026081719;    1;   0.7;  60;eor
        603;2026081720;    1;   0.6;  40;eor
        603;2026081721;    1;   0.6;  80;eor
        603;2026081722;    1;   0.6; 140;eor
        603;2026081723;    1;   1.0; 220;eor
        603;2026081800;    1;   1.6; 230;eor
        603;2026081801;    1;   1.6; 230;eor
        603;2026081802;    1;   1.5; 230;eor
        603;2026081803;    1;   1.0; 220;eor
        603;2026081804;    1;   0.5; 160;eor
        603;2026081805;    1;   0.8; 170;eor
        603;2026081806;    1;   2.1; 180;eor
        603;2026081807;    1;   1.7; 170;eor
        603;2026081808;    1;   3.6; 170;eor
        603;2026081809;    1;   4.2; 200;eor
        603;2026081810;    1;   4.6; 210;eor
        603;2026081811;    1;   3.5; 210;eor
        603;2026081812;    1;   4.4; 230;eor
        603;2026081813;    1;   3.1; 250;eor
        603;2026081814;    1;   3.1; 270;eor
        603;2026081815;    1;   3.5; 270;eor
        603;2026081816;    1;   3.2; 280;eor
        603;2026081817;    1;   4.1; 250;eor
        603;2026081818;    1;   3.6; 240;eor
        603;2026081819;    1;   3.9; 230;eor
        603;2026081820;    1;   2.5; 270;eor
        603;2026081821;    1;   2.4; 260;eor
        603;2026081822;    1;   1.9; 250;eor
        603;2026081823;    1;   2.2; 210;eor
        603;2026081900;    1;   4.0; 200;eor
        603;2026081901;    1;   4.1; 200;eor
        603;2026081902;    1;   4.6; 200;eor
        603;2026081903;    1;   4.7; 200;eor
        603;2026081904;    1;   3.7; 200;eor
        603;2026081905;    1;   3.5; 190;eor
        603;2026081906;    1;   4.0; 200;eor
        603;2026081907;    1;   3.6; 200;eor
        603;2026081908;    1;   4.9; 210;eor
        603;2026081909;    1;   4.6; 210;eor
        603;2026081910;    1;   3.7; 200;eor
        603;2026081911;    1;   3.0; 230;eor
        603;2026081912;    1;   2.7; 280;eor
        603;2026081913;    1;   3.2; 280;eor
        603;2026081914;    1;   2.3; 340;eor
        603;2026081915;    1;   2.7;  30;eor
        603;2026081916;    1;   2.1;  30;eor
        603;2026081917;    1;   4.0;  10;eor
        603;2026081918;    1;   4.0; 350;eor
        603;2026081919;    1;   2.5; 160;eor
        603;2026081920;    1;   2.1; 180;eor
        603;2026081921;    1;   1.7; 280;eor
        603;2026081922;    1;   1.2; 280;eor
        603;2026081923;    1;   2.3; 270;eor
        603;2026082000;    1;   3.1; 270;eor
        603;2026082001;    1;   2.7; 270;eor
        603;2026082002;    1;   2.5; 250;eor
        603;2026082003;    1;   2.9; 240;eor
        603;2026082004;    1;   1.9; 210;eor
        603;2026082005;    1;   2.7; 190;eor
        603;2026082006;    1;   2.5; 170;eor
        603;2026082007;    1;   3.9; 190;eor
        603;2026082008;    1;   4.2; 210;eor
        603;2026082009;    1;   5.5; 230;eor
        603;2026082010;    1;   5.2; 240;eor
        603;2026082011;    1;   6.7; 230;eor
        603;2026082012;    1;   5.5; 240;eor
        603;2026082013;    1;   5.7; 230;eor
        603;2026082014;    1;   7.1; 240;eor
        603;2026082015;    1;   6.4; 240;eor
        603;2026082016;    1;   5.9; 230;eor
        603;2026082017;    1;   5.3; 240;eor
        603;2026082018;    1;   3.8; 280;eor
        603;2026082019;    1;   1.2; 280;eor
        603;2026082020;    1;   1.8; 250;eor
        603;2026082021;    1;   3.0; 210;eor
        603;2026082022;    1;   3.4; 200;eor
        603;2026082023;    1;   3.3; 210;eor
        603;2026082100;    1;   3.1; 220;eor
        603;2026082101;    1;   3.3; 220;eor
        603;2026082102;    1;   3.1; 230;eor
        603;2026082103;    1;   2.7; 200;eor
        603;2026082104;    1;   1.2; 190;eor
        603;2026082105;    1;   0.7; 180;eor
        603;2026082106;    1;   2.0; 200;eor
        603;2026082107;    1;   2.7; 210;eor
        603;2026082108;    1;   2.2; 220;eor
        603;2026082109;    1;   1.5; 250;eor
        603;2026082110;    1;   2.5; 240;eor
        603;2026082111;    1;   2.3; 240;eor
        603;2026082112;    1;   1.6; 340;eor
        603;2026082113;    1;   1.4; 310;eor
        603;2026082114;    1;   1.4; 140;eor
        603;2026082115;    1;   1.2; 120;eor
        603;2026082116;    1;   0.9;  90;eor
        603;2026082117;    1;   1.9; 350;eor
        603;2026082118;    1;   2.0;  40;eor
        603;2026082119;    1;   4.4; 200;eor
        603;2026082120;    1;   7.0; 210;eor
        603;2026082121;    1;   1.9; 180;eor
        603;2026082122;    1;   4.3; 230;eor
        603;2026082123;    1;   4.5; 230;eor
        603;2026082200;    1;   1.9; 240;eor
        603;2026082201;    1;   2.8; 260;eor
        603;2026082202;    1;   2.6; 250;eor
        603;2026082203;    1;   3.0; 280;eor
        603;2026082204;    1;   1.4; 300;eor
        603;2026082205;    1;   1.8; 240;eor
        603;2026082206;    1;   2.7; 240;eor
        603;2026082207;    1;   3.2; 250;eor
        603;2026082208;    1;   2.9; 280;eor
        603;2026082209;    1;   2.7; 260;eor
        603;2026082210;    1;   3.4; 270;eor
        603;2026082211;    1;   2.9; 300;eor
        603;2026082212;    1;   2.5; 330;eor
        603;2026082213;    1;   3.2; 240;eor
        603;2026082214;    1;   2.4; 290;eor
        603;2026082215;    1;   0.9; 250;eor
        603;2026082216;    1;   2.6; 220;eor
        603;2026082217;    1;   2.7; 240;eor
        603;2026082218;    1;   2.0; 300;eor
        603;2026082219;    1;   2.4; 230;eor
        603;2026082220;    1;   3.2; 240;eor
        603;2026082221;    1;   2.2; 270;eor
        603;2026082222;    1;   2.0; 280;eor
        603;2026082223;    1;   1.8; 280;eor
        603;2026082300;    1;   1.8; 280;eor
        603;2026082301;    1;   2.4; 250;eor
        603;2026082302;    1;   2.8; 250;eor
        603;2026082303;    1;   3.5; 230;eor
        603;2026082304;    1;   2.1; 260;eor
        603;2026082305;    1;   1.6; 260;eor
        603;2026082306;    1;   1.4; 260;eor
        603;2026082307;    1;   1.9; 260;eor
        603;2026082308;    1;   1.7; 270;eor
        603;2026082309;    1;   2.2; 290;eor
        603;2026082310;    1;   2.0; 310;eor
        603;2026082311;    1;   2.3; 300;eor
        603;2026082312;    1;   2.3; 340;eor
        603;2026082313;    1;   2.5; 340;eor
        603;2026082314;    1;   2.5; 330;eor
        603;2026082315;    1;   2.3; 340;eor
        603;2026082316;    1;   2.1;  40;eor
        603;2026082317;    1;   1.3; 330;eor
        603;2026082318;    1;   0.8; 320;eor
        603;2026082319;    1;   0.7; 310;eor
        603;2026082320;    1;   0.5; 210;eor
        603;2026082321;    1;   0.6; 210;eor
        603;2026082322;    1;   0.9; 260;eor
        603;2026082323;    1;   0.9; 260;eor
        603;2026082400;    1;   0.6; 360;eor
        603;2026082401;    1;   0.7; 300;eor
        603;2026082402;    1;   0.4;  90;eor
        603;2026082403;    1;   0.9; 270;eor
        603;2026082404;    1;   0.6; 330;eor
        603;2026082405;    1;   0.5; 240;eor
        603;2026082406;    1;   0.7;  30;eor
        603;2026082407;    1;   0.8;  70;eor
        603;2026082408;    1;   1.7;  50;eor
        603;2026082409;    1;   2.3;  70;eor
        603;2026082410;    1;   3.2; 120;eor
        603;2026082411;    1;   4.1;  90;eor
        603;2026082412;    1;   3.9;  90;eor
        603;2026082413;    1;   4.2; 100;eor
        603;2026082414;    1;   3.9; 110;eor
        603;2026082415;    1;   3.8; 130;eor
        603;2026082416;    1;   3.9; 130;eor
        603;2026082417;    1;   3.9; 130;eor
        603;2026082418;    1;   3.1; 120;eor
        603;2026082419;    1;   2.0;  80;eor
        603;2026082420;    1;   1.1; 110;eor
        603;2026082421;    1;   1.8; 110;eor
        603;2026082422;    1;   2.3;  90;eor
        603;2026082423;    1;   3.1;  90;eor
        603;2026082500;    1;   2.6;  90;eor
        603;2026082501;    1;   1.3; 120;eor
        603;2026082502;    1;   2.7;  90;eor
        603;2026082503;    1;   1.8;  80;eor
        603;2026082504;    1;   1.7;  90;eor
        603;2026082505;    1;   1.2;  80;eor
        603;2026082506;    1;   1.4; 120;eor
        603;2026082507;    1;   0.9;  20;eor
        603;2026082508;    1;   1.2;  60;eor
        603;2026082509;    1;   1.5;  80;eor
        603;2026082510;    1;   1.6; 120;eor
        603;2026082511;    1;   2.2; 130;eor
        603;2026082512;    1;   3.0; 130;eor
        603;2026082513;    1;   2.8; 130;eor
        603;2026082514;    1;   1.6; 160;eor
        603;2026082515;    1;   1.4; 180;eor
        603;2026082516;    1;   1.7; 180;eor
        603;2026082517;    1;   2.2; 170;eor
        603;2026082518;    1;   1.6; 160;eor
        603;2026082519;    1;   1.3; 110;eor
        603;2026082520;    1;   0.9; 110;eor
        603;2026082521;    1;   1.1; 140;eor
        603;2026082522;    1;   0.9;  70;eor
        603;2026082523;    1;   1.4; 140;eor
        603;2026082600;    1;   1.4; 230;eor
        603;2026082601;    1;   0.7; 160;eor
        603;2026082602;    1;   1.6; 130;eor
        603;2026082603;    1;   1.0; 120;eor
        603;2026082604;    1;   0.7;  70;eor
        603;2026082605;    1;   1.1; 120;eor
        603;2026082606;    1;   1.6; 140;eor
        603;2026082607;    1;   1.8; 120;eor
        603;2026082608;    1;   3.0; 110;eor
        603;2026082609;    1;   4.0; 120;eor
        603;2026082610;    1;   4.2; 130;eor
        603;2026082611;    1;   2.5; 140;eor
        603;2026082612;    1;   2.1; 110;eor
        603;2026082613;    1;   3.5;  50;eor
        603;2026082614;    1;   3.6;  60;eor
        603;2026082615;    1;   3.3;  60;eor
        603;2026082616;    1;   3.5;  80;eor
        603;2026082617;    1;   4.0;  80;eor
        603;2026082618;    1;   3.8;  70;eor
        603;2026082619;    1;   2.8;  70;eor
        603;2026082620;    1;   3.9;  90;eor
        603;2026082621;    1;   3.1;  90;eor
        603;2026082622;    1;   2.2;  90;eor
        603;2026082623;    1;   0.9; 110;eor
        603;2026082700;    1;   1.4;  40;eor
        603;2026082701;    1;   1.5;  30;eor
        603;2026082702;    1;   1.4;  60;eor
        603;2026082703;    1;   1.9;  80;eor
        603;2026082704;    1;   1.7;  90;eor
        603;2026082705;    1;   2.4;  60;eor
        603;2026082706;    1;   2.8;  90;eor
        603;2026082707;    1;   2.9;  70;eor
        603;2026082708;    1;   3.6; 110;eor
        603;2026082709;    1;   5.0; 130;eor
        603;2026082710;    1;   3.9; 140;eor
        603;2026082711;    1;   4.5; 130;eor
        603;2026082712;    1;   4.8; 120;eor
        603;2026082713;    1;   4.3; 130;eor
        603;2026082714;    1;   3.3; 120;eor
        603;2026082715;    1;   3.6; 140;eor
        603;2026082716;    1;   2.9; 170;eor
        603;2026082717;    1;   1.9; 180;eor
        603;2026082718;    1;   0.7; 330;eor
        603;2026082719;    1;   1.2;  70;eor
        603;2026082720;    1;   1.7; 110;eor
        603;2026082721;    1;   2.3; 120;eor
        603;2026082722;    1;   2.5; 150;eor
        603;2026082723;    1;   4.6; 210;eor
        603;2026082800;    1;   4.0; 210;eor
        603;2026082801;    1;   1.6; 150;eor
        603;2026082802;    1;   1.2; 150;eor
        603;2026082803;    1;   1.1; 130;eor
        603;2026082804;    1;   3.0; 130;eor
        603;2026082805;    1;   2.5; 170;eor
        603;2026082806;    1;   3.7; 210;eor
        603;2026082807;    1;   5.4; 210;eor
        603;2026082808;    1;   2.6; 200;eor
        603;2026082809;    1;   2.1; 190;eor
        603;2026082810;    1;   3.1; 210;eor
        603;2026082811;    1;   3.5; 240;eor
        603;2026082812;    1;   2.5; 260;eor
        603;2026082813;    1;   3.9; 250;eor
        603;2026082814;    1;   6.0; 240;eor
        603;2026082815;    1;   7.7; 220;eor
        603;2026082816;    1;   4.4; 210;eor
        603;2026082817;    1;   5.1; 240;eor
        603;2026082818;    1;   4.7; 260;eor
        603;2026082819;    1;   3.6; 260;eor
        603;2026082820;    1;   2.5; 250;eor
        603;2026082821;    1;   3.2; 250;eor
        603;2026082822;    1;   4.5; 240;eor
        603;2026082823;    1;   4.7; 220;eor
        603;2026082900;    1;   4.9; 190;eor
        603;2026082901;    1;   5.4; 200;eor
        603;2026082902;    1;   5.6; 200;eor
        603;2026082903;    1;   5.3; 190;eor
        603;2026082904;    1;   5.7; 190;eor
        603;2026082905;    1;   6.2; 200;eor
        603;2026082906;    1;   6.6; 200;eor
        603;2026082907;    1;   5.7; 190;eor
        603;2026082908;    1;   6.2; 190;eor
        603;2026082909;    1;   6.6; 210;eor
        603;2026082910;    1;   6.8; 200;eor
        603;2026082911;    1;   6.9; 220;eor
        603;2026082912;    1;   7.6; 220;eor
        603;2026082913;    1;   5.9; 210;eor
        603;2026082914;    1;   6.3; 210;eor
        603;2026082915;    1;   7.6; 200;eor
        603;2026082916;    1;   4.9; 190;eor
        603;2026082917;    1;   4.0; 170;eor
        603;2026082918;    1;   3.2; 170;eor
        603;2026082919;    1;   3.0; 180;eor
        603;2026082920;    1;   6.2; 190;eor
        603;2026082921;    1;   6.9; 200;eor
        603;2026082922;    1;   6.2; 200;eor
        603;2026082923;    1;   6.0; 210;eor
        603;2026083000;    1;   6.7; 210;eor
        603;2026083001;    1;   6.7; 210;eor
        603;2026083002;    1;   5.9; 210;eor
        603;2026083003;    1;   5.3; 210;eor
        603;2026083004;    1;   5.3; 210;eor
        603;2026083005;    1;   3.4; 200;eor
        603;2026083006;    1;   4.6; 210;eor
        603;2026083007;    1;   5.7; 220;eor
        603;2026083008;    1;   7.1; 230;eor
        603;2026083009;    1;   8.0; 240;eor
        603;2026083010;    1;   7.6; 240;eor
        603;2026083011;    1;   6.4; 250;eor
        603;2026083012;    1;   7.2; 240;eor
        603;2026083013;    1;   7.2; 230;eor
        603;2026083014;    1;   7.5; 240;eor
        603;2026083015;    1;   5.7; 250;eor
        603;2026083016;    1;   5.0; 250;eor
        603;2026083017;    1;   5.1; 240;eor
        603;2026083018;    1;   3.2; 240;eor
        603;2026083019;    1;   1.5; 220;eor
        603;2026083020;    1;   1.7; 180;eor
        603;2026083021;    1;   1.8; 170;eor
        603;2026083022;    1;   2.4; 180;eor
        603;2026083023;    1;   3.2; 190;eor
        603;2026083100;    1;   3.7; 170;eor
        603;2026083101;    1;   4.9; 180;eor
        603;2026083102;    1;   6.0; 200;eor
        603;2026083103;    1;   5.8; 200;eor
        603;2026083104;    1;   5.6; 200;eor
        603;2026083105;    1;   5.2; 210;eor
        603;2026083106;    1;   4.4; 200;eor
        603;2026083107;    1;   5.1; 200;eor
        603;2026083108;    1;   5.8; 200;eor
        603;2026083109;    1;   7.5; 210;eor
        603;2026083110;    1;   5.5; 210;eor
        603;2026083111;    1;   7.1; 220;eor
        603;2026083112;    1;   6.2; 230;eor
        603;2026083113;    1;   6.8; 230;eor
        603;2026083114;    1;   4.6; 230;eor
        603;2026083115;    1;   5.1; 260;eor
        603;2026083116;    1;   5.4; 240;eor
        603;2026083117;    1;   4.8; 250;eor
        603;2026083118;    1;   3.9; 250;eor
        603;2026083119;    1;   4.9; 250;eor
        603;2026083120;    1;   4.5; 240;eor
        603;2026083121;    1;   4.9; 230;eor
        603;2026083122;    1;   4.4; 220;eor
        603;2026083123;    1;   4.8; 230;eor
        603;2026090100;    1;   4.6; 240;eor
        603;2026090101;    1;   4.7; 230;eor
        603;2026090102;    1;   4.3; 230;eor
        603;2026090103;    1;   4.0; 230;eor
        603;2026090104;    1;   3.3; 200;eor
        603;2026090105;    1;   5.2; 210;eor
        603;2026090106;    1;   5.0; 210;eor
        603;2026090107;    1;   4.1; 220;eor
        603;2026090108;    1;   2.6; 200;eor
        603;2026090109;    1;   2.5; 180;eor
        603;2026090110;    1;   2.3; 150;eor
        603;2026090111;    1;   2.0; 180;eor
        603;2026090112;    1;   3.7; 260;eor
        603;2026090113;    1;   3.1; 300;eor
        603;2026090114;    1;   3.4; 310;eor
        603;2026090115;    1;   2.9; 300;eor
        603;2026090116;    1;   2.7; 300;eor
        603;2026090117;    1;   2.0; 300;eor
        603;2026090118;    1;   2.0; 320;eor
        603;2026090119;    1;   1.0;  10;eor
        603;2026090120;    1;   1.1; 150;eor
        603;2026090121;    1;   1.0; 180;eor
        603;2026090122;    1;   1.4; 220;eor
        603;2026090123;    1;   1.0; 220;eor
        603;2026090200;    1;   0.5; 180;eor
        603;2026090201;    1;   0.8; 230;eor
        603;2026090202;    1;   0.7; 290;eor
        603;2026090203;    1;   2.6; 220;eor
        603;2026090204;    1;   0.9; 210;eor
        603;2026090205;    1;   1.9; 220;eor
        603;2026090206;    1;   0.9; 190;eor
        603;2026090207;    1;   3.2; 220;eor
        603;2026090208;    1;   2.1; 240;eor
        603;2026090209;    1;   2.8; 240;eor
        603;2026090210;    1;   3.2; 240;eor
        603;2026090211;    1;   5.3; 250;eor
        603;2026090212;    1;   3.3; 250;eor
        603;2026090213;    1;   3.0; 290;eor
        603;2026090214;    1;   2.9; 290;eor
        603;2026090215;    1;   2.4; 300;eor
        603;2026090216;    1;   2.0; 300;eor
        603;2026090217;    1;   1.3; 300;eor
        603;2026090218;    1;   1.0; 320;eor
        603;2026090219;    1;   1.4; 290;eor
        603;2026090220;    1;   1.4; 260;eor
        603;2026090221;    1;   2.4; 220;eor
        603;2026090222;    1;   2.8; 210;eor
        603;2026090223;    1;   3.7; 200;eor
        603;2026090300;    1;   4.2; 200;eor
        603;2026090301;    1;   5.3; 200;eor
        603;2026090302;    1;   5.4; 200;eor
        603;2026090303;    1;   5.7; 200;eor
        603;2026090304;    1;   5.8; 200;eor
        603;2026090305;    1;   6.4; 190;eor
        603;2026090306;    1;   5.7; 200;eor
        603;2026090307;    1;   5.9; 210;eor
        603;2026090308;    1;   5.4; 200;eor
        603;2026090309;    1;   4.9; 200;eor
        603;2026090310;    1;   4.2; 200;eor
        603;2026090311;    1;   5.0; 250;eor
        603;2026090312;    1;   2.9; 250;eor
        603;2026090313;    1;   3.9; 270;eor
        603;2026090314;    1;   4.7; 270;eor
        603;2026090315;    1;   4.7; 270;eor
        603;2026090316;    1;   6.9; 260;eor
        603;2026090317;    1;   6.2; 260;eor
        603;2026090318;    1;   5.6; 250;eor
        603;2026090319;    1;   5.2; 250;eor
        603;2026090320;    1;   4.2; 240;eor
        603;2026090321;    1;   4.6; 230;eor
        603;2026090322;    1;   3.9; 220;eor
        603;2026090323;    1;   3.4; 220;eor
        603;2026090400;    1;   3.2; 210;eor
        603;2026090401;    1;   3.4; 210;eor
        603;2026090402;    1;   3.8; 200;eor
        603;2026090403;    1;   3.5; 200;eor
        603;2026090404;    1;   2.8; 200;eor
        603;2026090405;    1;   1.8; 210;eor
        603;2026090406;    1;   1.7; 180;eor
        603;2026090407;    1;   2.9; 190;eor
        603;2026090408;    1;   3.9; 200;eor
        603;2026090409;    1;   5.7; 230;eor
        603;2026090410;    1;   6.2; 250;eor
        603;2026090411;    1;   6.9; 250;eor
        603;2026090412;    1;   7.8; 260;eor
        603;2026090413;    1;   8.0; 260;eor
        603;2026090414;    1;   7.0; 260;eor
        603;2026090415;    1;   7.3; 260;eor
        603;2026090416;    1;   6.8; 270;eor
        603;2026090417;    1;   7.4; 270;eor
        603;2026090418;    1;   4.1; 310;eor
        603;2026090419;    1;   3.4; 250;eor
        603;2026090420;    1;   1.7; 260;eor
        603;2026090421;    1;   2.1; 260;eor
        603;2026090422;    1;   2.5; 260;eor
        603;2026090423;    1;   1.6; 270;eor
        603;2026090500;    1;   1.7; 270;eor
        603;2026090501;    1;   2.7; 250;eor
        603;2026090502;    1;   3.3; 260;eor
        603;2026090503;    1;   3.4; 250;eor
        603;2026090504;    1;   3.2; 240;eor
        603;2026090505;    1;   3.5; 230;eor
        603;2026090506;    1;   3.6; 230;eor
        603;2026090507;    1;   4.1; 220;eor
        603;2026090508;    1;   4.4; 240;eor
        603;2026090509;    1;   5.4; 260;eor
        603;2026090510;    1;   6.8; 260;eor
        603;2026090511;    1;   6.0; 270;eor
        603;2026090512;    1;   5.3; 280;eor
        603;2026090513;    1;   6.5; 270;eor
        603;2026090514;    1;   5.1; 280;eor
        603;2026090515;    1;   3.7; 290;eor
        603;2026090516;    1;   5.0; 280;eor
        603;2026090517;    1;   3.6; 290;eor
        603;2026090518;    1;   2.7; 300;eor
        603;2026090519;    1;   1.9; 310;eor
        603;2026090520;    1;   1.7; 310;eor
        603;2026090521;    1;   1.4; 300;eor
        603;2026090522;    1;   1.2; 280;eor
        603;2026090523;    1;   2.0; 260;eor
        603;2026090600;    1;   1.9; 270;eor
        603;2026090601;    1;   2.2; 250;eor
        603;2026090602;    1;   2.4; 230;eor
        603;2026090603;    1;   1.8; 230;eor
        603;2026090604;    1;   1.6; 240;eor
        603;2026090605;    1;   1.1; 240;eor
        603;2026090606;    1;   0.6; 110;eor
        603;2026090607;    1;   0.8;  60;eor
        603;2026090608;    1;   1.4;  50;eor
        603;2026090609;    1;   1.5;  50;eor
        603;2026090610;    1;   2.9; 100;eor
        603;2026090611;    1;   4.1; 120;eor
        603;2026090612;    1;   4.1; 130;eor
        603;2026090613;    1;   3.0; 140;eor
        603;2026090614;    1;   3.7; 110;eor
        603;2026090615;    1;   4.0; 130;eor
        603;2026090616;    1;   3.1; 120;eor
        603;2026090617;    1;   3.1; 100;eor
        603;2026090618;    1;   2.3; 100;eor
        603;2026090619;    1;   1.6; 120;eor
        603;2026090620;    1;   1.7; 110;eor
        603;2026090621;    1;   1.8; 110;eor
        603;2026090622;    1;   2.1; 130;eor
        603;2026090623;    1;   2.9; 120;eor
        603;2026090700;    1;   2.0; 110;eor
        603;2026090701;    1;   2.1; 130;eor
        603;2026090702;    1;   3.3; 130;eor
        603;2026090703;    1;   1.4;  80;eor
        603;2026090704;    1;   1.3;  60;eor
        603;2026090705;    1;   1.1;  40;eor
        603;2026090706;    1;   0.9;  80;eor
        603;2026090707;    1;   2.5; 100;eor
        603;2026090708;    1;   1.6;  90;eor
        603;2026090709;    1;   2.5; 170;eor
        603;2026090710;    1;   3.7; 210;eor
        603;2026090711;    1;   4.0; 190;eor
        603;2026090712;    1;   2.4; 170;eor
        603;2026090713;    1;   4.1; 220;eor
        603;2026090714;    1;   5.5; 250;eor
        603;2026090715;    1;   3.9; 250;eor
        603;2026090716;    1;   5.5; 240;eor
        603;2026090717;    1;   4.1; 240;eor
        603;2026090718;    1;   3.1; 270;eor
        603;2026090719;    1;   1.0; 110;eor
        603;2026090720;    1;   1.5; 260;eor
        603;2026090721;    1;   3.2; 270;eor
        603;2026090722;    1;   2.3; 280;eor
        603;2026090723;    1;   2.6; 270;eor
        603;2026090800;    1;   2.0; 240;eor
        603;2026090801;    1;   1.9; 220;eor
        603;2026090802;    1;   1.1; 220;eor
        603;2026090803;    1;   1.8; 160;eor
        603;2026090804;    1;   3.2; 180;eor
        603;2026090805;    1;   3.7; 220;eor
        603;2026090806;    1;   1.6; 270;eor
        603;2026090807;    1;   1.1;  20;eor
        603;2026090808;    1;   2.0; 110;eor
        603;2026090809;    1;   3.0; 180;eor
        603;2026090810;    1;   5.2; 210;eor
        603;2026090811;    1;   6.1; 230;eor
        603;2026090812;    1;   7.4; 220;eor
        603;2026090813;    1;   7.2; 240;eor
        603;2026090814;    1;   6.7; 230;eor
        603;2026090815;    1;   7.0; 220;eor
        603;2026090816;    1;   7.2; 230;eor
        603;2026090817;    1;   8.2; 230;eor
        603;2026090818;    1;   6.4; 230;eor
        603;2026090819;    1;   5.6; 220;eor
        603;2026090820;    1;   6.1; 220;eor
        603;2026090821;    1;   7.6; 240;eor
        603;2026090822;    1;  10.3; 260;eor
        603;2026090823;    1;   7.7; 280;eor
        603;2026090900;    1;   4.9; 280;eor
        603;2026090901;    1;   5.3; 270;eor
        603;2026090902;    1;   4.6; 250;eor
        603;2026090903;    1;   4.3; 250;eor
        603;2026090904;    1;   4.5; 230;eor
        603;2026090905;    1;   5.1; 230;eor
        603;2026090906;    1;   5.0; 230;eor
        603;2026090907;    1;   5.2; 250;eor
        603;2026090908;    1;   6.3; 250;eor
        603;2026090909;    1;   6.2; 240;eor
        603;2026090910;    1;   5.8; 250;eor
        603;2026090911;    1;   6.3; 270;eor
        603;2026090912;    1;   6.3; 270;eor
        603;2026090913;    1;   7.1; 260;eor
        603;2026090914;    1;   6.5; 270;eor
        603;2026090915;    1;   5.3; 280;eor
        603;2026090916;    1;   3.6; 290;eor
        603;2026090917;    1;   4.2; 280;eor
        603;2026090918;    1;   3.2; 270;eor
        603;2026090919;    1;   3.4; 270;eor
        603;2026090920;    1;   3.4; 250;eor
        603;2026090921;    1;   3.3; 260;eor
        603;2026090922;    1;   2.9; 260;eor
        603;2026090923;    1;   2.4; 270;eor
        603;2026091000;    1;   2.6; 260;eor
        603;2026091001;    1;   1.9; 270;eor
        603;2026091002;    1;   2.0; 260;eor
        603;2026091003;    1;   1.7; 260;eor
        603;2026091004;    1;   1.0; 330;eor
        603;2026091005;    1;   0.7; 170;eor
        603;2026091006;    1;   0.7; 240;eor
        603;2026091007;    1;   1.0; 190;eor
        603;2026091008;    1;   1.3; 230;eor
        603;2026091009;    1;   1.5; 250;eor
        603;2026091010;    1;   1.5; 290;eor
        603;2026091011;    1;   2.0; 250;eor
        603;2026091012;    1;   1.7; 330;eor
        603;2026091013;    1;   1.8; 320;eor
        603;2026091014;    1;   1.6; 280;eor
        603;2026091015;    1;   1.3; 340;eor
        603;2026091016;    1;   2.1;  30;eor
        603;2026091017;    1;   1.6;  60;eor
        603;2026091018;    1;   1.9; 100;eor
        603;2026091019;    1;   1.1; 140;eor
        603;2026091020;    1;   1.3; 160;eor
        603;2026091021;    1;   0.7; 120;eor
        603;2026091022;    1;   1.1; 140;eor
        603;2026091023;    1;   0.6;  20;eor
        603;2026091100;    1;   0.8; 100;eor
        603;2026091101;    1;   0.9;  60;eor
        603;2026091102;    1;   0.9;  40;eor
        603;2026091103;    1;   3.6; 190;eor
        603;2026091104;    1;   3.9; 200;eor
        603;2026091105;    1;   1.7; 260;eor
        603;2026091106;    1;   1.2; 210;eor
        603;2026091107;    1;   0.7; 120;eor
        603;2026091108;    1;   1.8; 190;eor
        603;2026091109;    1;   3.1; 210;eor
        603;2026091110;    1;   2.8; 220;eor
        603;2026091111;    1;   2.8; 220;eor
        603;2026091112;    1;   3.1; 240;eor
        603;2026091113;    1;   3.2; 280;eor
        603;2026091114;    1;   2.7; 290;eor
        603;2026091115;    1;   3.7; 300;eor
        603;2026091116;    1;   4.0; 280;eor
        603;2026091117;    1;   2.1; 190;eor
        603;2026091118;    1;   1.7; 230;eor
        603;2026091119;    1;   0.9;  40;eor
        603;2026091120;    1;   0.6; 160;eor
        603;2026091121;    1;   0.6; 140;eor
        603;2026091122;    1;   1.6; 220;eor
        603;2026091123;    1;   2.5; 230;eor
        603;2026091200;    1;   2.4; 230;eor
        603;2026091201;    1;   0.9; 230;eor
        603;2026091202;    1;   0.8; 240;eor
        603;2026091203;    1;   0.4; 170;eor
        603;2026091204;    1;   1.6; 230;eor
        603;2026091205;    1;   2.2; 240;eor
        603;2026091206;    1;   1.7; 240;eor
        603;2026091207;    1;   1.1; 200;eor
        603;2026091208;    1;   1.4; 200;eor
        603;2026091209;    1;   1.3; 210;eor
        603;2026091210;    1;   1.3; 210;eor
        603;2026091211;    1;   1.2; 270;eor
        603;2026091212;    1;   1.4; 230;eor
        603;2026091213;    1;   2.3; 350;eor
        603;2026091214;    1;   2.8; 260;eor
        603;2026091215;    1;   2.4; 280;eor
        603;2026091216;    1;   2.4; 300;eor
        603;2026091217;    1;   2.1; 300;eor
        603;2026091218;    1;   2.3; 290;eor
        603;2026091219;    1;   1.4; 270;eor
        603;2026091220;    1;   2.3; 220;eor
        603;2026091221;    1;   3.0; 210;eor
        603;2026091222;    1;   3.6; 210;eor
        603;2026091223;    1;   3.4; 200;eor
        603;2026091300;    1;   3.4; 220;eor
        603;2026091301;    1;   2.0; 210;eor
        603;2026091302;    1;   2.3; 250;eor
        603;2026091303;    1;   0.8; 210;eor
        603;2026091304;    1;   0.7; 140;eor
        603;2026091305;    1;   1.1; 200;eor
        603;2026091306;    1;   1.8; 220;eor
        603;2026091307;    1;   2.6; 200;eor
        603;2026091308;    1;   3.1; 220;eor
        603;2026091309;    1;   1.2; 260;eor
        603;2026091310;    1;   1.0; 290;eor
        603;2026091311;    1;   2.2; 250;eor
        603;2026091312;    1;   2.3; 240;eor
        603;2026091313;    1;   2.1; 230;eor
        603;2026091314;    1;   1.9; 300;eor
        603;2026091315;    1;   1.9; 300;eor
        603;2026091316;    1;   1.7; 320;eor
        603;2026091317;    1;   1.6; 320;eor
        603;2026091318;    1;   1.3; 280;eor
        603;2026091319;    1;   1.6; 260;eor
        603;2026091320;    1;   2.1; 230;eor
        603;2026091321;    1;   2.5; 230;eor
        603;2026091322;    1;   2.6; 230;eor
        603;2026091323;    1;   3.5; 230;eor
        603;2026091400;    1;   2.8; 220;eor
        603;2026091401;    1;   1.2;  60;eor
        603;2026091402;    1;   0.7;  30;eor
        603;2026091403;    1;   1.0; 250;eor
        603;2026091404;    1;   0.8; 230;eor
        603;2026091405;    1;   1.1; 210;eor
        603;2026091406;    1;   0.7; 210;eor
        603;2026091407;    1;   1.8; 190;eor
        603;2026091408;    1;   1.6; 180;eor
        603;2026091409;    1;   2.2; 200;eor
        603;2026091410;    1;   1.7; 200;eor
        603;2026091411;    1;   1.4; 220;eor
        603;2026091412;    1;   1.2; 300;eor
        603;2026091413;    1;   1.5; 280;eor
        603;2026091414;    1;   1.3;  70;eor
        603;2026091415;    1;   0.8;  50;eor
        603;2026091416;    1;   0.9; 360;eor
        603;2026091417;    1;   0.6; 290;eor
        603;2026091418;    1;   0.7; 260;eor
        603;2026091419;    1;   0.5; 220;eor
        603;2026091420;    1;   0.8; 170;eor
        603;2026091421;    1;   0.3; 180;eor
        603;2026091422;    1;   0.4; 270;eor
        603;2026091423;    1;   0.5; 120;eor
        603;2026091500;    1;   0.5; 150;eor
        603;2026091501;    1;   0.5; 360;eor
        603;2026091502;    1;   0.6;  20;eor
        603;2026091503;    1;   2.9; 200;eor
        603;2026091504;    1;   2.9; 200;eor
        603;2026091505;    1;   3.0; 200;eor
        603;2026091506;    1;   1.3; 180;eor
        603;2026091507;    1;   3.7; 190;eor
        603;2026091508;    1;   5.3; 200;eor
        603;2026091509;    1;   5.2; 200;eor
        603;2026091510;    1;   4.1; 200;eor
        603;2026091511;    1;   3.7; 190;eor
        603;2026091512;    1;   2.7; 200;eor
        603;2026091513;    1;   2.7; 220;eor
        603;2026091514;    1;   3.0; 210;eor
        603;2026091515;    1;   2.7; 210;eor
        603;2026091516;    1;   2.2; 200;eor
        603;2026091517;    1;   2.7; 180;eor
        603;2026091518;    1;   2.2; 190;eor
        603;2026091519;    1;   2.5; 170;eor
        603;2026091520;    1;   3.3; 170;eor
        603;2026091521;    1;   3.9; 180;eor
        603;2026091522;    1;   5.2; 240;eor
        603;2026091523;    1;   2.7; 280;eor
